rome_code,numero_fiche,certification_intitule,nombre_offres
M1204,RNCP39428,Diplôme d’études supérieures en commerce et gestion,3
M1806,RNCP40534,"Ingénieur diplômé de l'École Supérieure de Chimie, Physique, Électronique de Lyon, spécialité informatique et réseaux",251
M1806,RNCP42163,Responsable green IT,251
M1805,RNCP40612,"Ingénieur diplômé du CESI, spécialité informatique",26
M1805,RNCP41168,"Ingénieur diplômé de l'Ecole polytechnique universitaire de l'Université Paris-Saclay, spécialité Electronique ",26
M1805,RNCP41577,Génie électrique et informatique industrielle : Automatisme et informatique industrielle,26
H1206,RNCP35887,"Ingénieur diplômé de l'Ecole nationale supérieure Mines-Télécom Atlantique Bretagne Pays de la Loire de l'Institut Mines-Télécom, spécialité Génie industriel",14
H1206,RNCP42023,Ingénieur diplômé d'ISART Digital,14
H1206,RNCP42406,Installations frigorifiques et de conditionnement d'air (Fiche nationale),14
H1206,RNCP42457,"Ingénieur diplômé d'ECAM LaSalle, spécialité génie industriel et mécanique",14
H1206,RNCP42565,"Ingénieur diplômé de l'École supérieure de chimie, physique, électronique de Lyon, spécialité Biotechnologies et génie des procédés",14
M1806,RNCP39388,Responsable green IT,251
M1806,RNCP40572,Architecte Internet des objets (IoT),251
M1806,RNCP39490,Méthodes informatiques appliquées à la gestion des entreprises - MIAGE (fiche nationale),251
M1806,RNCP39998,Spécialiste en maîtrise d’ouvrage des SI,251
M1806,RNCP40972,"Ingénieur diplômé de l'Institut national des sciences appliquées de Lyon, spécialité Télécommunications",251
M1806,RNCP42546,"Ingénieur diplômé de l'École Supérieure de Chimie, Physique, Électronique de Lyon, spécialité informatique et réseaux",251
M1806,RNCP40573,Expert en informatique et systèmes d’information,251
H2502,RNCP35489,Métiers de la Transition et de l'Efficacité Energétiques : Exploitation des installations énergétiques pour le bâtiment et l’industrie,2
H2502,RNCP42010,"Ingénieur diplômé de l'Institut national des sciences appliquées de Lyon, spécialité génie électrique",2
H2502,RNCP42492,Chargé de recyclage et écoconception en production plasturgie,2
H2502,RNCP42604,"Ingénieur diplômé de l'Ecole nationale supérieure des ingénieurs en arts chimiques et technologiques, spécialité génie chimique",2
M1805,RNCP35476,Informatique : Déploiement d'applications communicantes et sécurisées,26
M1805,RNCP38202,"Audiovisuel, médias interactifs numériques, jeux (fiche nationale)",26
M1806,RNCP41772,Expert en transformation digitale et optimisation des systèmes industriels (MSc CGE),251
M1806,RNCP42008,"Ingénieur diplômé de l’École polytechnique universitaire de Montpellier, spécialité Informatique ",251
M1806,RNCP42198,Responsable green IT,251
M1806,RNCP42325,Manager de projets en informatique et systèmes d'information (MS),251
H1206,RNCP39903,"Ingénieur diplômé de l'Ecole d'ingénieur Denis-Diderot de l'Université Paris Cité, spécialité Systèmes Informatiques Embarqués",14
M1806,RNCP37673,"Ingénieur diplômé de l'Université de technologie de Troyes, spécialité Systèmes Numériques",251
M1806,RNCP38087,"Ingénieur diplômé de l'université de technologie de Troyes,  spécialité Réseaux et Télécommunications",251
M1801,RNCP41847,"Responsable d’ingénierie des systèmes numériques, option « analyste et développement », option « systèmes et réseaux », option « télécommunications »",9
M1806,RNCP35887,"Ingénieur diplômé de l'Ecole nationale supérieure Mines-Télécom Atlantique Bretagne Pays de la Loire de l'Institut Mines-Télécom, spécialité Génie industriel",251
M1806,RNCP41058,Diplôme d'études supérieures spécialisées en stratégie marketing et commerciale,251
M1806,RNCP39217,Expert en digitalisation et exploitation des bâtiments,251
M1806,RNCP40757,"Ingénieur diplômé de l'Ecole Polytechnique Universitaire de l'Université de Montpellier, spécialité Informatique",251
M1806,RNCP39445,Ingénieur diplômé de l'Institut supérieur d'électronique de Paris,251
H1206,RNCP39916,"Titre ingénieur - Ingénieur diplômé de l’École polytechnique universitaire de l’université Lyon-I, spécialité Matériaux",14
H1206,RNCP42703,"Ingénieur diplômé de l'Institut national des sciences appliquées de Toulouse, spécialité génie mécanique",14
H1206,RNCP35479,Mesures Physiques : Techniques d'instrumentation,14
H1206,RNCP37959,"Ingénieur diplômé de l'Ecole nationale supérieure d’agronomie et des industries alimentaires de l'Université de Lorraine, spécialité Industries alimentaires",14
H1206,RNCP38709,Chimie physique et analytique (fiche nationale),14
H1206,RNCP39766,Chef de projets systèmes embarqués,14
H1206,RNCP40081,Ingénieur diplômé de l'école d'ingénieurs de l'université de Toulon,14
H1206,RNCP42352,Management stratégique (fiche nationale),14
H1206,RNCP36032,"Ingénieur diplômé de l'École nationale vétérinaire, agroalimentaire et de l'alimentation de Nantes-Atlantique (ONIRIS)",14
H1206,RNCP41161,"Ingénieur diplômé de l'école nationale supérieure de techniques avancées (Institut polytechnique de Paris), spécialité mécanique",14
H1206,RNCP42225,"Ingénieur diplômé de l’EPF, spécialité production et robotique",14
M1806,RNCP39781,Expert réseaux infrastructures et sécurité,251
M1806,RNCP42418,"Ingénieur de l'école nationale supérieure d'ingénieurs du Mans de l'université du Mans, spécialité informatique",251
G1302,RNCP38017,Chargé de développement de produits de tourisme,12
H1208,RNCP37201,"Ingénieur diplômé de l’école nationale supérieure d'électronique, informatique, télécommunications, mathématique et mécanique de Bordeaux de l’institut polytechnique de Bordeaux, spécialité électronique",3
M1806,RNCP36864,Manager de la stratégie et de la transformation digitale (MS),251
M1806,RNCP41586,Informatique : Déploiement d'applications communicantes et sécurisées,251
M1801,RNCP41265,"Ingénieur diplômé de l'institut national des sciences appliquées de Rennes, spécialité informatique",9
M1810,RNCP37408,Technicien de maintenance des systèmes de détection et de communication,10
M1805,RNCP38108,Administrateur de systèmes et réseaux sécurisés,26
M1805,RNCP39137,Titre ingénieur – Ingénieur diplômé de l’Ecole Supérieure d’Electronique de l’Ouest,26
M1806,RNCP38906,Architecte internet des objets,251
M1806,RNCP39278,Informatique (fiche nationale),251
M1806,RNCP42547,"Ingénieur diplômé de l’école supérieure de Chimie Physique Electronique de Lyon (CPE Lyon), spécialité informatique et cybersécurité",251
M1806,RNCP36153,Gestionnaire de l'information numérique,251
M1806,RNCP38047,Chef de projet web et stratégie digitale,251
M1806,RNCP36399,Expert en sécurité digitale,251
M1801,RNCP36501,Technicien systèmes et réseaux,9
M1806,RNCP37843,Directeur de la donnée (chief data officer),251
M1806,RNCP40203,Ingénieur diplômé de l'école nationale supérieure de cognitique de l’institut polytechnique de Bordeaux,251
M1806,RNCP42260,Diplôme d’études supérieures en tech et management (TEMA),251
M1806,RNCP40531,Ingénieur Diplômé de l'Ecole Pour l'Informatique et les Techniques Avancées,251
M1806,RNCP42204,Responsable green IT,251
M1806,RNCP38905,Manager de projets informatiques,251
M1806,RNCP42651,Manager de projets de transformation numérique,251
M1802,RNCP35457,Réseaux & Télécommunications : Internet des objets et mobilité,13
M1802,RNCP36490,Concepteur développeur d'applications,13
M1802,RNCP40744,Sciences et ingénierie - Cybersécurité ,13
M1802,RNCP42503,Spécialiste en cybersécurité,13
M1805,RNCP37881,"Ingénieur diplômé de l’Ecole Supérieure d’Ingénieurs de Recherche en Matériaux de l’Université Bourgogne Europe (ESIREM), spécialité Informatique et Réseaux ",26
M1805,RNCP39308,"Ingénieur diplômé du Conservatoire national des arts et métiers, spécialité Informatique et cybersécurité",26
M1805,RNCP40823,"Ingénieur diplômé de l’Institut national des sciences appliquées Hauts-de-France, spécialité Systèmes Embarqués et Télécommunications",26
M1805,RNCP41199,"Ingénieur diplômé de l’Ecole nationale supérieure de l’électronique et de ses applications, spécialité électronique et informatique industrielle",26
M1805,RNCP42234,"Ingénieur diplômé de l’Ecole Polytechnique Universitaire de l’Université Lyon-I, spécialité mathématiques appliquées ",26
M1806,RNCP39907,"Ingénieur spécialisé en sécurité pour les systèmes informatiques et les communications, diplômé d'EURECOM",251
M1806,RNCP42467,"Expert en sécurité, stratégie et conformité blockchain",251
H1402,RNCP41019,"Ingénieur diplômé de l’Institut supérieur de mécanique de Paris, spécialité Génie industriel",1
M1806,RNCP37985,Expert en ingénierie logicielle,251
H1206,RNCP38887,Ingénieur diplômé de l'école nationale supérieure de techniques avancées Bretagne,14
H1206,RNCP39540,"Ingénieur diplômé du Conservatoire national des arts et métiers, spécialité Automatique et robotique",14
M1805,RNCP36146,Concepteur développeur de solutions digitales ,26
M1805,RNCP41153,"Ingénieur diplômé de l’école nationale supérieure Mines- Télécom Lille Douai de l'Institut Mines-Télécom, spécialité télécommunications et informatique",26
M1805,RNCP41844,Services numériques aux organisations,26
M1806,RNCP37880,"Ingénieur diplômé de l’Ecole Polytechnique Universitaire de l’Institut polytechnique de Grenoble (UGA), spécialité Technologies de l’information pour la santé",251
M1806,RNCP39851,"Administrateur systèmes, réseaux et sécurité",251
M1502,RNCP41295,Manager des ressources humaines,3
M1805,RNCP40570,Expert en infrastructure de réseaux de télécommunication maritimes (MS),26
F1101,RNCP42757,"Ingénieur diplômé de l’Institut Agro Rennes-Angers de l’Institut national d’enseignement supérieur pour l’agriculture, l’alimentation et l’environnement, spécialité paysage",1
M1810,RNCP35799,"Ingénieur diplôme de l’école nationale supérieure de Bretagne sud (ENSIBS), spécialité : Sécurité des systèmes d'information ",10
M1201,RNCP38601,Expert des marchés financiers,12
M1805,RNCP38920,Expert des systèmes connectés (IoT),26
M1805,RNCP40875,Expert en ingénierie de données,26
M1805,RNCP42179,Product builder no code,26
M1805,RNCP42287,Ingénieur diplômé de Télécom Saint-Étienne de l'Université Jean Monnet,26
M1805,RNCP42571,Science de la donnée,26
M1802,RNCP39028,Ingénieur diplômé de l'ESIGELEC,13
M1707,RNCP36380,Manager du développement international mode et luxe,3
M1707,RNCP40886,Chef de projet multimédia,3
M1707,RNCP41042,Diplôme supérieur en commerce et marketing opérationnel,3
M1702,RNCP36948,Mode,6
M1802,RNCP40947,"Ingénieur diplômé de l’école d’ingénieurs Jules Verne de l’université d’Amiens, spécialité cybersécurité",13
M1802,RNCP41409,Délégué à la protection des données (DPO),13
M1703,RNCP38368,Négociation et digitalisation de la relation client,7
M1703,RNCP40727,Diplôme d'études supérieures en management,7
M1802,RNCP39148,Ingénieur diplômé de l’École nationale supérieure en systèmes avancés et réseaux de l’Institut polytechnique de Grenoble ,13
M1805,RNCP42173,Product builder no code low code,26
M1801,RNCP40745,Sciences et ingénierie - Cybersécurité et réseaux,9
H1206,RNCP38969,Microbiologie (fiche nationale),14
H1206,RNCP39453,"Ingénieur diplômé de l’École Nationale Supérieure d’Ingénieurs de l’Université de Poitiers, spécialité Energétique et Environnement",14
H1206,RNCP39848,Chargé de projet en ingénierie numérique dans l'industrie,14
H1206,RNCP39914,"Ingénieur diplômé de l’Institut Agro Rennes-Angers de l’Institut national d’enseignement supérieur pour l’agriculture, l’alimentation et l’environnement (Institut Agro), spécialité agroalimentaire",14
M1802,RNCP40535,Ingénieur diplômé d’ECAM LaSalle,13
M1802,RNCP35456,Réseaux & Télécommunications : Réseaux Opérateurs et Multimédia ,13
M1802,RNCP42504,Expert en sécurité des systèmes d'information,13
K1601,RNCP39462,Lettres et humanités (fiche nationale),1
M1805,RNCP35568,"Ingénieur diplômé de l'École supérieure angevine d'informatique et de productique, spécialité informatique et réseaux",26
M1801,RNCP42224,"Ingénieur diplômé de l’école polytechnique universitaire de l'université d'Angers, spécialité automatique et informatique",9
M1805,RNCP38778,Manager en architecture et applications logicielles des systèmes d’information,26
M1805,RNCP39126,"Ingénieur diplômé du Conservatoire national des arts et métiers, spécialité Informatique",26
M1805,RNCP42185,Expert en infrastructures et solutions blockchain,26
K2402,RNCP41167,Ingénieur diplômé de l'école centrale de Lyon,3
M1803,RNCP42034,"ingénieur diplômé de l’Ecole polytechnique universitaire de Savoie de l’université de Chambéry, spécialité  systèmes embarqués - automatique",2
M1802,RNCP36793,"Ingénieur diplômé de l’école nationale supérieure d'électronique, informatique, télécommunications, mathématique et mécanique de Bordeaux de l’institut polytechnique de Bordeaux, spécialité réseaux et informatique",13
A1303,RNCP41252,Ingénieur diplômé de l'Ecole d'Ingénieurs de Purpan,1
A1303,RNCP42307,Chef de projet en éco-ingénierie (MS),1
D1406,RNCP36368,Manager du développement d’affaires à l’international,5
C1202,RNCP41881,Expert en finance de marché,12
M1201,RNCP42674,Diplôme d’études supérieures en management global,12
M1203,RNCP42025,Assistant comptable des services financiers,4
H1206,RNCP37934,Ingénieur diplômé de l’Ecole supérieure de biologie-biochimie-biotechnologie spécialité Biotechnologie,14
H1206,RNCP38021,Éco-concepteur de produits plastiques et composites,14
H1206,RNCP41172,"Ingénieur diplômé de l’institut des sciences et techniques des Yvelines de l’université de Versailles-Saint Quentin en Yvelines, spécialité mécatronique",14
M1801,RNCP36118,"Ingénieur diplômé ECAM LaSalle, spécialité Systèmes Numériques et Génie Industriel",9
M1801,RNCP42547,"Ingénieur diplômé de l’école supérieure de Chimie Physique Electronique de Lyon (CPE Lyon), spécialité informatique et cybersécurité",9
M1805,RNCP38959,"Ingénieur diplômé de l’Institut polytechnique de Grenoble, École nationale supérieure de Physique, Électronique et Matériaux",26
M1805,RNCP41278,Sciences et ingénierie - Cybersécurité des systèmes numériques,26
M1805,RNCP42641,Développeur full stack,26
M1502,RNCP36143,Chargé des ressources humaines,3
M1802,RNCP41993,Architecte en intelligence artificielle,13
H1206,RNCP37591,"Ingénieur diplômé de l’université des Antilles, spécialité Energétique",14
H1206,RNCP39489,Sciences du numérique et sport (fiche nationale),14
H1206,RNCP40206,"Ingénieur diplômé de l’école polytechnique universitaire de l’université de Tours, spécialité électronique et génie électrique",14
H1206,RNCP40933,"Ingénieur diplômé de l’Institut Polytechnique UniLaSalle, spécialité Agronomie et Agro-Industries",14
H1206,RNCP42602,Ingénieur diplômé de l’Ecole nationale supérieure de génie industriel de l’Institut polytechnique de Grenoble,14
M1802,RNCP37300,Responsable en cybersécurité,13
M1707,RNCP41706,Manager de la performance commerciale,3
H1206,RNCP38375,"Ingénieur diplômé de l’école d’ingénieur Paoli Tech de l’Université de Corse, spécialité Energétique",14
H1206,RNCP39149,"Ingénieur diplômé de l'Ecole Supérieure d'Ingénieurs de Rennes de l'Université de Rennes, spécialité matériaux",14
H1206,RNCP40041,"Ingénieur diplômé d’Aflokkat, spécialité robotique et informatique",14
H1206,RNCP42564,"Ingénieur diplômé de l’Ecole supérieure de chimie physique électronique de Lyon (CPE), spécialité chimie, génie des procédés",14
M1802,RNCP40972,"Ingénieur diplômé de l'Institut national des sciences appliquées de Lyon, spécialité Télécommunications",13
M1202,RNCP40099,Métiers de la gestion et de la comptabilité : comptabilité et gestion des entités agricoles (fiche nationale),1
M1805,RNCP37485,"Ingénieur diplômé de l'Université de technologie de Troyes, spécialité Informatique et Systèmes d'Information",26
M1805,RNCP41813,Chef de projet data et intelligence artificielle,26
M1805,RNCP42203,Product builder no code,26
M1805,RNCP38584,Chef de projet en développement de solutions d'intelligence artificielle,26
M1805,RNCP39978,Architecte des systèmes d’information dans les processus industriels,26
M1805,RNCP41166,Ingénieur diplômé de Télécom Nancy de l'université de Lorraine,26
M1805,RNCP42304,Sciences et Ingénierie - Intelligence artificielle,26
M1805,RNCP35970,Chef de projet informatique,26
M1805,RNCP37903,"Ingénieur diplômé de l’école supérieure de Chimie Physique Electronique de Lyon (CPE Lyon), spécialité informatique et cybersécurité",26
M1805,RNCP39383,Expert en modélisation numérique des systèmes et processus industriels (MS),26
M1805,RNCP42021,Réalisateur de jeu vidéo,26
L1505,RNCP39000,Ingénierie et innovation en images et réseaux (fiche nationale),3
M1703,RNCP42681,Diplôme d’études supérieures spécialisées en développement des entreprises et transformation digitale,7
M1703,RNCP42756,"Ingénieur diplômé de l’Institut Agro Rennes-Angers de l’Institut national d’enseignement supérieur pour l’agriculture, l’alimentation et l’environnement, spécialité horticulture",7
K1903,RNCP38157,Droit civil (fiche nationale),2
M1207,RNCP38542,"Monnaie, banque, finance, assurance (fiche nationale)",3
M1702,RNCP41202,Diplôme d’études supérieures en marketing du luxe,6
H2502,RNCP41253,Ingénieur diplômé de  l’institut national des sciences et industries  du vivant et de l’environnement  (AgroParisTech),2
H2502,RNCP42607,Ingénieur diplômé de l’Institut supérieur d’études logistiques de l’Université du Havre spécialité Génie énergétique et électrique,2
H1206,RNCP41021,"Ingénieur diplômé de l’école nationale d'ingénieurs de Saint-Étienne de l’école centrale de Lyon, spécialité génie mécanique",14
H1206,RNCP41948,Sciences et techniques des activités physiques et sportives : ergonomie du sport et performance motrice (fiche nationale),14
H1206,RNCP42442,"Ingénieur diplômé du Conservatoire national des arts et métiers, spécialité Matériaux, emballage et conditionnement",14
H1206,RNCP38379,"Ingénieur diplômé de l'Ecole nationale supérieure des ingénieurs en arts chimiques et technologiques de l'Institut national polytechnique de Toulouse, spécialité chimie",14
H1206,RNCP38985,Sciences du médicament et des produits santé (fiche nationale),14
H1206,RNCP39302,"Ingénieur diplômé de l’École nationale supérieure en génie des technologies industrielles de l’université de Pau, spécialité génie électrique et informatique industrielle ",14
H1206,RNCP41174,"Ingénieur de l'institut des sciences et techniques des Yvelines de l'université de Versailles-Saint-Quentin-en-Yvelines, spécialité systèmes électroniques embarqués",14
H1206,RNCP40702,Ingénieur diplômé du CESI spécialité Systèmes électriques et électroniques embarqués,14
H1206,RNCP41028,"Ingénieur diplômé de l'institut national des sciences appliquées de Toulouse, spécialité génie biologique",14
H1206,RNCP41567,Génie biologique : Science de l'aliment et biotechnologie,14
H1206,RNCP38377,"Ingénieur diplômé de l'Ecole nationale supérieure des ingénieurs en arts chimiques et technologiques de l'Institut national polytechnique de Toulouse, spécialité génie des procédés",14
H1206,RNCP42740,Ingénieur diplômé de l’École nationale supérieure agronomique de Toulouse de l'Institut national polytechnique de Toulouse,14
M1201,RNCP41059,Diplôme d'études supérieures spécialisées en Finance,12
M1810,RNCP41586,Informatique : Déploiement d'applications communicantes et sécurisées,10
M1801,RNCP36854,Expert en infrastructures de réseaux et en services associés (MS),9
M1801,RNCP42620,Développeur de solutions numériques sécurisées,9
M1805,RNCP38677,Ingénieur diplômé de l'école nationale supérieure des mines d'Alès de l'Institut Mines-Télécom,26
M1805,RNCP42302,Sciences et Ingénierie - Informatique et systèmes numériques,26
H1402,RNCP42229,"Ingénieur diplômé de l'Ecole nationale supérieure Mines-Télécom Atlantique Bretagne Pays de la Loire de l'Institut Mines-Télécom, spécialité écologie industrielle",1
M1805,RNCP39485,Intelligence artificielle (fiche nationale),26
M1805,RNCP40167,Expert en ingénierie de données massives et intelligence artificielle,26
M1805,RNCP40741,Sciences et Ingénierie - Informatique et Cybersécurité,26
H2502,RNCP39905,"Ingénieur diplômé de l'Ecole d'ingénieurs Denis-Diderot de l'Université Paris Cité, spécialité Matériaux et Nanotechnologies",2
H2502,RNCP42556,"Ingénieur diplômé de l'école polytechnique universitaire de l'Université d'Orléans, spécialité Génie physique et systèmes embarqués",2
H2502,RNCP42705,"Ingénieur diplômé de l'Institut national des sciences appliquées de Toulouse, spécialité génie des procédés et environnement",2
M1502,RNCP38836,Responsable du développement des ressources humaines ,3
M1802,RNCP37586,"Ingénieur diplômé de l'Ecole nationale supérieure d'électronique, informatique, télécommunications, mathématique et mécanique de Bordeaux de l'Institut polytechnique de Bordeaux, spécialité Informatique",13
M1802,RNCP38656,Ingénieur diplômé d'EURECOM,13
M1802,RNCP40075,"Droit de la propriété intellectuelle, du numérique et de l’espace (fiche nationale)",13
M1802,RNCP41238,Sciences et Ingénierie - informatique et Cybersécurité,13
M1802,RNCP42398,"Ingénieur diplômé de l’École nationale supérieure d’ingénieurs de Bretagne Sud de l’université de Bretagne-Sud, spécialité Informatique et cybersécurité",13
M1802,RNCP38778,Manager en architecture et applications logicielles des systèmes d’information,13
M1802,RNCP42325,Manager de projets en informatique et systèmes d'information (MS),13
M1201,RNCP41035,Diplôme Supérieur en Finance des Marchés et des Entreprises,12
M1201,RNCP39436,Diplôme d'enseignement supérieur en management international,12
M1707,RNCP40359,Manager du développement commercial,3
M1707,RNCP39443,Diplome en gestion et administration des affaires,3
M1801,RNCP37903,"Ingénieur diplômé de l’école supérieure de Chimie Physique Electronique de Lyon (CPE Lyon), spécialité informatique et cybersécurité",9
M1801,RNCP40496,"Ingénieur diplômé de l'Institut national des sciences appliquées Centre Val de Loire, spécialité sécurité informatique",9
M1403,RNCP38774,Expert en optimisation des systèmes énergétiques (MS),1
H1206,RNCP38929,Expert en entrepreneuriat deeptech et innovation (MS),14
K2402,RNCP37583,Diplômes d’études spécialisées vétérinaires spécialité ophtalmologie,3
M1802,RNCP35704,"Ingénieur diplômé de l’école polytechnique universitaire de l'université d'Angers, spécialité génie industriel",13
M1802,RNCP41976,Expert en cybersécurité et sécurité informatique,13
K1601,RNCP38671,Diplôme de premier cycle de l’Ecole du Louvre,1
M1801,RNCP37680,Administrateur d'infrastructures sécurisées,9
M1801,RNCP42370,Management des systèmes d’information (fiche nationale),9
M1803,RNCP40612,"Ingénieur diplômé du CESI, spécialité informatique",2
M1803,RNCP42317,Expert en informatique et système d'information ,2
M1207,RNCP35991,Comptabilité - contrôle - audit (fiche nationale),3
E1105,RNCP39234,Manager entrepreneurial de projet numérique et stratégie digitale,2
H1206,RNCP41198,Ingénieur diplômé de l'Ecole Nationale Supérieure de l'Electronique et de ses applications,14
H1206,RNCP42010,"Ingénieur diplômé de l'Institut national des sciences appliquées de Lyon, spécialité génie électrique",14
H1206,RNCP42095,"Ingénieur diplômé de l'Institut national des sciences appliquées de Lyon, spécialité génie mécanique",14
H1210,RNCP42564,"Ingénieur diplômé de l’Ecole supérieure de chimie physique électronique de Lyon (CPE), spécialité chimie, génie des procédés",1
D1406,RNCP39738,Responsable commercial en agrobusiness,5
M1707,RNCP41663,Chargé de développement commercial,3
M1805,RNCP37586,"Ingénieur diplômé de l'Ecole nationale supérieure d'électronique, informatique, télécommunications, mathématique et mécanique de Bordeaux de l'Institut polytechnique de Bordeaux, spécialité Informatique",26
M1703,RNCP40931,"Ingénieur diplômé de l’Institut Polytechnique UniLaSalle, spécialité Agroalimentation et Santé",7
M1101,RNCP38496,Manager des achats et de la supply Chain,1
H2502,RNCP40179,Ingénieur diplômé de l’Institut supérieur d’agriculture Rhône-Alpes,2
H1206,RNCP40945,"Ingénieur diplômé de l'Université de Technologie de Compiègne (UTC), spécialité Génie des Procédés",14
H1206,RNCP41915,"Ingénieur diplômé de l’École polytechnique universitaire de Montpellier, spécialité Électronique et informatique industrielle",14
H1206,RNCP42024,"Ingénieur diplômé de l'Institut national des sciences appliquées de Lyon, spécialité génie énergétique et génie de l'environnement",14
H1206,RNCP42695,Ingénieur diplômé de l’Institut supérieur de l’aéronautique et de l’espace,14
M1102,RNCP38913,Ingénieur d’affaires,3
H1206,RNCP39162,Ingénieur diplômé de l'Ecole Centrale d'Electronique,14
H1206,RNCP40953,"Ingénieur diplômé de l'Ecole polytechnique universitaire de l'Université Paris-Saclay, spécialité Photonique",14
H1206,RNCP42440,"Ingénieur diplômé du Conservatoire national des arts et métiers, spécialité Agroalimentaire ",14
H1206,RNCP42751,Ingénieur diplômé de l'Ecole d'ingénieurs de Purpan,14
M1201,RNCP40252,Manager financier et contrôleur de gestion,12
M1810,RNCP40496,"Ingénieur diplômé de l'Institut national des sciences appliquées Centre Val de Loire, spécialité sécurité informatique",10
M1201,RNCP41046,Programme Grande Ecole,12
M1801,RNCP41156,Ingénieur diplômé de l'Ecole publique d'Ingénieurs de la santé et du numérique (EPISEN) de l'université Paris Est Créteil Val-de-Marne Spécialité Systèmes d’information ,9
M1805,RNCP37603,"Ingénieur diplômé de l’école nationale supérieure d'électronique, informatique, télécommunications, mathématique et mécanique de Bordeaux de l’institut polytechnique de Bordeaux, spécialité télécommunications",26
M1805,RNCP41719,Concepteur développeur de solutions blockchain,26
M1805,RNCP42188,Développeur blockchain,26
H1402,RNCP39062,"Ingénieur diplômé de l'université de Toulon, spécialité matériaux",1
H1402,RNCP41521, Responsable d'ingénierie qualité hygiène sécurité environnement ,1
H1402,RNCP42715,"Ingénieur diplômé de l'Ecole nationale supérieure des Mines de Saint-Etienne de l'institut Mines-Telecom, spécialité Génie industriel",1
C1202,RNCP39017,Economie (fiche nationale),12
H1206,RNCP38708,Sciences et génie des matériaux (fiche nationale),14
H1206,RNCP40770,Ingénieur diplômé de l'École nationale d'ingénieurs de Tarbes de l'Université de technologie de Tarbes,14
H1206,RNCP40944,"Ingénieur diplômé de l'Université de Technologie de Compiègne, spécialité Mécanique",14
H1206,RNCP40965,Ingénieur diplômé de l'école supérieure de fonderie et de forge,14
H1206,RNCP42723,"Ingénieur diplômé de l'Ecole nationale supérieure d'électrotechnique, d'électronique, d'informatique, d'hydraulique et des télécommunications, de l'Institut national polytechnique de Toulouse- Spécialité électronique et génie électrique",14
H2502,RNCP36098,"Ingénieur diplômé de l’école nationale supérieure en génie des technologies industrielles de l’université de pau et des pays de l'adour, spécialité génie des procédés",2
H2502,RNCP37812,"Ingénieur diplômé de l’école polytechnique de l'université de Lorraine, spécialité génie industriel et gestion des risques",2
H2502,RNCP39047,"Ingénieur diplômé de l’Ecole d’ingénieurs de l’université de Caen, spécialité  génie énergétique",2
H2502,RNCP42721,"Ingénieur diplômé de l’École d’ingénieurs SIGMA Clermont de l’Institut National Polytechnique Clermont Auvergne, spécialité chimie",2
M1805,RNCP37843,Directeur de la donnée (chief data officer),26
M1805,RNCP38319,"Ingénieur diplômé de Télécom Physique Strasbourg de l'université de Strasbourg, spécialité informatique et réseaux",26
M1805,RNCP40957,"Ingénieur diplômé de Télécom Saint-Etienne de l'Université de Saint-Etienne, spécialité informatique et électronique",26
M1802,RNCP41411,Manager en business intelligence,13
M1802,RNCP38341,Manager en exploitation du spectre électromagnétique,13
I1306,RNCP38869,Technicien d'intervention en froid industriel,1
M1201,RNCP36647,Manager en gestion globale des risques,12
M1707,RNCP39571,"Diplôme d’études supérieures en marketing, gestion commerciale et management international",3
M1707,RNCP42677,Programme grande école,3
M1810,RNCP36462,Technicien systèmes réseaux et sécurité,10
M1802,RNCP40952,"Ingénieur diplômé de l'Ecole Polytechnique universitaire de l'Université Paris-Saclay, spécialité Informatique",13
M1805,RNCP41250,"Ingénieur diplômé de l'institut national des sciences appliquées de toulouse, spécialité automatique et électronique",26
H1206,RNCP39333,"Ingénieur diplômé de l’École Polytechnique Universitaire de Sorbonne Université, spécialité Mathématiques Appliquées et Informatique",14
H1206,RNCP42689,"Ingénieur diplômé d'ECAM LaSalle, spécialité systèmes numériques et génie industriel",14
K1601,RNCP38207,Humanités numériques (fiche nationale),1
M1805,RNCP36530,Manager relation client,26
M1805,RNCP40128,Ingénieur diplômé de Télécom Saint-Étienne de l'Université de Saint-Étienne,26
M1805,RNCP41587,Informatique : Intégration d'applications et management du système d'information,26
D1406,RNCP40812,Diplôme d'études supérieures de gestion et commerce international,5
D1406,RNCP41051,Management Technologique,5
F1104,RNCP42281,Dessinateur projeteur en béton armé,1
M1704,RNCP36555,Diplôme d'études supérieures en management,2
M1704,RNCP42298,Programme grande école,2
M1802,RNCP38837,Expert en systèmes d'information sécurisés (Cloud ou Big Data),13
M1802,RNCP42022,"ingénieur diplômé de l’Ecole polytechnique universitaire de Savoie de l’université de Chambéry, spécialité  informatique",13
D1406,RNCP35356,Techniques de Commercialisation : marketing et management du point de vente,5
M1802,RNCP41988,Expert en ingénierie et cybersécurité des systèmes d’information,13
M1805,RNCP39899,Ingénieur diplômé de l'Institut supérieur de l’électronique et du numérique Yncréa Ouest,26
M1805,RNCP40932,Expert numérique des systèmes et processus industriels,26
L1505,RNCP38950,Journaliste,3
M1810,RNCP36469,Expert en ingénierie du développement et en architecture logicielle,10
M1703,RNCP36562,Diplôme d'études supérieures en commerce et en entrepreneuriat,7
D1403,RNCP39743,Attaché commercial,2
I1307,RNCP41257,"Métiers de l'électronique : microélectronique, optronique (fiche nationale)",1
K2402,RNCP42544,"Ingénieur diplômé de l'Ecole supérieure de chimie, physique, électronique de Lyon, spécialité génie physique et microélectronique",3
H1206,RNCP35836,"Ingénieur de l'école nationale supérieure des sciences appliquées et de technologie, spécialité photonique",14
H1206,RNCP37743,"Ingénieur diplômé de l'Université de technologie de Troyes, spécialité Génie industriel",14
M1501,RNCP40670,Collaborateur paie,4
H2502,RNCP39057,"Ingénieur diplômé du Conservatoire national des arts et métiers, spécialité Matériaux, emballage et conditionnement",2
H1101,RNCP41259,"Ingénieur diplômé de l’école nationale supérieure en génie des technologies industrielles de l’université de Pau, spécialité génie des procédés",1
M1201,RNCP37929,"Ingénieur diplômé de l'école polytechnique universitaire d'Université Côte d’Azur, spécialité Mathématiques Appliquées  ",12
H1206,RNCP37592,"Ingénieur diplômé de l’université des Antilles, spécialité Environnement et matériaux",14
H1206,RNCP40761,"Ingénieur diplômé de l’École nationale supérieure des mines de Nancy de l'université de Lorraine, spécialité génie mécanique",14
H1206,RNCP42223,"Ingénieur diplômé de l'Institut national des sciences appliquées de Lyon, spécialité biotechnologies et bioinformatique",14
H1206,RNCP42705,"Ingénieur diplômé de l'Institut national des sciences appliquées de Toulouse, spécialité génie des procédés et environnement",14
L1505,RNCP41242,Diplôme d’études supérieures de réalisation audiovisuelle (Desra),3
L1505,RNCP41860,Sciences et culture du visuel (fiche  nationale),3
M1801,RNCP41614,Réseaux & télécommunications : Pilotage de projets de réseaux,9
H1402,RNCP38405,"Ingénieur diplômé de l’Université de Technologie de Belfort - Montbéliard, spécialité Génie Industriel ",1
H1402,RNCP39669,Titre ingénieur – ingénieur diplômé de l’Ecole Nationale Supérieure de Mécanique et des Microtechniques,1
H1402,RNCP40536,"Ingénieur diplômé d’ECAM LaSalle, spécialité génie industriel et mécanique",1
H1206,RNCP42609,Diplôme d'études supérieures de gestion,14
H1206,RNCP42737,Ingénieur diplômé de l’École nationale supérieure de mécanique et des microtechniques spécialité Mécanique,14
H1206,RNCP42738, ingénieur diplômé de l’Ecole nationale supérieure de mécanique et des microtechniques,14
M1803,RNCP35702,"Ingénieur diplômé de l’école polytechnique universitaire de l'université d'Angers, spécialité automatique et informatique ",2
H2502,RNCP38537,"Ingénieur diplômé de l’Institut National des Sciences Appliquées de Strasbourg, spécialité Mécatronique",2
M1502,RNCP41684,Chargé des ressources humaines,3
M1810,RNCP41615,Réseaux & télécommunications : Réseaux opérateurs et multimédia,10
M1201,RNCP37684,Diplôme d’études supérieures spécialisées en management international,12
M1707,RNCP38938,Manager du marketing et de la relation client,3
M1707,RNCP40600,Chef de projets marketing et commerce des vins et spiritueux,3
M1707,RNCP39439,Management et nouvelles technologies,3
M1707,RNCP42153,Responsable en développement commercial et marketing,3
D1403,RNCP38831,Conseiller de vente omnicanale mode et beauté,2
H2903,RNCP38622,Technicien d’usinage sur machines-outils à commande numérique (MOCN),1
M1802,RNCP40659,Manager green IT,13
M1802,RNCP38426,"Ingénieur diplômé de l’Ecole Nationale Supérieure d’Ingénieurs Sud-Alsace de l’Université de Mulhouse, spécialité Informatique et Réseaux",13
M1703,RNCP42472,Manager marketing et commercial dans les industries de santé (MS),7
M1704,RNCP39135,Gestion et Développement Commercial,2
C1101,RNCP41065,Statistique et économie du risque (fiche nationale),3
M1102,RNCP38462,Manager de la supply chain et des achats (MS),3
M1801,RNCP39611,"Administrateur systèmes, réseaux et cybersécurité",9
M1801,RNCP41418,Expert en ingénierie et sécurité des systèmes d'information,9
H1206,RNCP39137,Titre ingénieur – Ingénieur diplômé de l’Ecole Supérieure d’Electronique de l’Ouest,14
H1206,RNCP40777,Ingénieur diplômé de l'École nationale d'ingénieurs de Metz de l’université de Lorraine,14
H1206,RNCP40813,Ingénieur diplômé de l'IG2I de Centrale Lille Institut,14
H1206,RNCP41147,"Ingénieur diplômé de l’institut national des sciences appliquées de Rouen, spécialité Mathématiques appliquées",14
H1206,RNCP41913,Ingénieur diplômé de l'Ecole Nationale Supérieure des Mines de Nancy de l'Université de Lorraine,14
H1210,RNCP39915,"Ingénieur diplômé de l’Institut Agro Rennes-Angers de l’Institut national d’enseignement supérieur pour l’agriculture, l’alimentation et l’environnement (Institut Agro), spécialité agronomie",1
M1707,RNCP42734,Diplôme d’études supérieures en stratégie et management des projets de transformation,3
H1206,RNCP35788,"ingénieur diplômé de l’Ecole supérieure d’ingénieurs en agroalimentaire de Bretagne atlantique de Bretagne INP, spécialité microbiologie et sécurité sanitaire",14
H1206,RNCP39552,"Ingénieur diplômé du Conservatoire national des arts et métiers, spécialité Systèmes électroniques",14
H1206,RNCP40766,"Ingénieur spécialisé en Energie et procédés, diplômé de l'Ecole nationale supérieure du pétrole et des moteurs",14
M1802,RNCP38105,"Ingénieur systèmes, réseaux et cybersécurité",13
M1202,RNCP41855,Diplôme supérieur de comptabilité et de gestion (DSCG),1
C1202,RNCP35913, Finance (fiche nationale),12
M1805,RNCP41129,Expert en ingénierie des systèmes d'information,26
M1805,RNCP41312,Concepteur développeur de solutions blockchain ,26
M1805,RNCP41847,"Responsable d’ingénierie des systèmes numériques, option « analyste et développement », option « systèmes et réseaux », option « télécommunications »",26
H2502,RNCP39305,Ingénieur diplômé de l’École nationale supérieure d'arts et métiers,2
H1206,RNCP37543,Ingénieur de l'Ecole Nationale Supérieure en Génie des Systèmes et de l'Innovation de l'Université de Lorraine,14
H1206,RNCP41206, Ingénieur diplômé de CY Tech de CY Cergy Paris Université Spécialité Biotechnologies et Chimie,14
H1206,RNCP42743,"Ingénieur diplomé de l'école polytechnique de Nantes Université, spécialité électronique et technologies numériques",14
H1206,RNCP40711,"Ingénieur, diplômé de l’Ecole Centrale de Nantes, spécialité Génie Maritime",14
H1206,RNCP42277,"Ingénieur diplômé de l’école nationale d'ingénieurs de Saint-Étienne de l’école centrale de Lyon, spécialité génie mécanique",14
H1101,RNCP40487,Maintenance et technologie : systèmes pluritechniques (fiche nationale),1
I1401,RNCP38867,Infrastructures numériques (fiche nationale),1
M1801,RNCP38678,"Ingénieur diplômé de l'école nationale supérieure des mines d'Alès de l'Institut Mines-Télécom, spécialité informatique et réseaux",9
H1402,RNCP39341,"Ingénieur diplômé de l'Ecole Polytechnique Universitaire de l'université de Montpellier, spécialité Electronique et Informatique Industrielle",1
H1206,RNCP40560,Responsable en transition écologique (MS),14
M1703,RNCP41222,Ingénieur diplômé de l'ITEEM de Centrale Lille Institut,7
I1310,RNCP41895,Technicien d'exploitation et de maintenance des systèmes d'armes et installations automatisées,1
M1707,RNCP37252,Diplôme d’études supérieures de management stratégique d’activités internationales,3
K2111,RNCP40740,Histoire (fiche nationale),3
M1703,RNCP41237,Ingénieur diplômé de l'Ecole d'ingénieurs Jules Verne de l'université d'Amiens spécialité technologie de l'information pour la santé,7
M1102,RNCP40446,Gestion des achats et des approvisionnements  (fiche nationale),3
M1801,RNCP40102,Métiers de l'informatique : administration et sécurité des systèmes et des réseaux (fiche nationale),9
K1304,RNCP42320,Employé familial,4
M1207,RNCP40108,Métiers de la gestion et de la comptabilité : contrôle de gestion (fiche nationale),3
M1401,RNCP39695,Sciences sociales (fiche nationale),1
M1503,RNCP42470,Manager du developpement des ressources humaines,1
M1203,RNCP40517,Métiers de la gestion et de la comptabilité : fiscalité (fiche nationale),4
D1402,RNCP38067,"Diplôme supérieur en marketing, commerce et gestion",1
M1707,RNCP35960,Manager Produits et Marketing,3
D1102,RNCP42266,Diplôme en management international de la pâtisserie,1
M1810,RNCP41979,Technicien informatique systèmes et réseaux,10
M1703,RNCP41354,Manager du développement de projets transversaux et innovants,7
H2502,RNCP38984,Génie mécanique (fiche nationale),2
M1201,RNCP38071,Programme Grande Ecole,12
M1201,RNCP41264,Ingénieur diplômé de l'Ecole polytechnique,12
H1208,RNCP42165,Responsable de la digitalisation et de l'exploitation des bâtiments,3
M1810,RNCP40514,Sciences et ingénierie - Informatique et Systèmes Numériques,10
M1803,RNCP39127,"Ingénieur diplômé du Conservatoire national des arts et métiers, spécialité Informatique et systèmes d'information",2
H2502,RNCP42554,"Ingénieur diplômé de l’Ecole Polytechnique Universitaire de l’Institut polytechnique de Grenoble, spécialité Matériaux",2
K2111,RNCP37275,Formateur professionnel d'adultes,3
M1801,RNCP38478,"Coordinateur de projets informatiques (infrastructures cloud, applicatives ou data)",9
M1403,RNCP39867,"Expert analyste en relations internationales, intelligence stratégique et diplomatique ",1
M1703,RNCP39443,Diplome en gestion et administration des affaires,7
M1703,RNCP39982,Manager en services et industries de santé (MS),7
M1102,RNCP37341,Manager des achats  (MS),3
A1303,RNCP42417,Ingénieur diplômé de l'école supérieure des agricultures ,1
D1406,RNCP40502,Technico-commercial (fiche nationale),5
M1401,RNCP40250,CQP Enquêteur civil,1
M1201,RNCP42710,Diplôme en comptabilité et gestion financière,12
D1402,RNCP38353,Diplôme supérieur en marketing commerce et gestion,1
K1903,RNCP38165,Droit de l'environnement et de l'urbanisme (fiche nationale),2
K1903,RNCP38596,Juriste,2
D1102,RNCP42130,Boulangerie spécialisée,1
D1406,RNCP42171,Manager des activités du tourisme et des voyages,5
D1406,RNCP42388,Diplôme de responsable du marketing et du développement commercial ,5
K1501,RNCP36759,Finances publiques (fiche nationale),1
H2502,RNCP35352,"Qualité, Logistique Industrielle et Organisation : Qualité et management intégré",2
H2502,RNCP37197,Industries céramiques,2
H2502,RNCP40885,Chargé de process numériques  en production plasturgie,2
H1206,RNCP35368,Génie Biologique : Science de l'Aliment et Biotechnologie,14
H1206,RNCP37580,"Ingénieur diplômé de l'Ecole polytechnique universitaire de l'Université d'Aix-Marseille, spécialité ""Mécanique énergétique""",14
H1206,RNCP41162,"Ingénieur diplômé de l'école nationale supérieure de techniques avancées (Institut polytechnique de Paris), spécialité systèmes embarqués",14
H1206,RNCP42226,"Ingénieur diplômé de Télécom Saint-Etienne de l'Université Jean Monnet, spécialité systèmes numériques et écologie industrielle",14
H1206,RNCP42437,"Ingénieur diplômé de l'école nationale supérieure d'arts et métiers, spécialité mécanique et production",14
L1505,RNCP39857,Technicien d'exploitation d'équipements culturels et évènementiels,3
H1402,RNCP40818,"Ingénieur diplômé de l'Institut national des sciences appliquées Hauts-de-France, spécialité Génie Industriel ",1
C1102,RNCP39866,CQP Chargé d'accueil et de relation clients/adhérents,1
H2502,RNCP41026,"Ingénieur spécialisé pour une industrie digitalisée, écoresponsable et efficiente des polymères et composites, diplômé de l’institut national des sciences appliquées de Lyon",2
M1802,RNCP38413,Architecte des systèmes d'information dans les processus industriels,13
M1802,RNCP39485,Intelligence artificielle (fiche nationale),13
M1802,RNCP40723,"Diplôme d'études supérieures en management international, data et IA",13
M1403,RNCP39014,Economie du développement (fiche nationale),1
M1403,RNCP40637,"Ingénieur spécialisé en Management électricité et numérique, diplômé de l'Ecole nationale supérieure du pétrole et des moteurs",1
K2402,RNCP38563,Sciences de la mer (fiche nationale),3
D1406,RNCP41361,Manager international,5
M1502,RNCP40625,Sciences sociales,3
M1502,RNCP42359,Gestion des ressources humaines (fiche nationale),3
M1207,RNCP39438,Finance,3
K1903,RNCP38161,Droit de l'économie (fiche nationale),2
M1203,RNCP41685,Chargé de gestion comptable et financière,4
H1208,RNCP40041,"Ingénieur diplômé d’Aflokkat, spécialité robotique et informatique",3
D1406,RNCP39354,Manager du développement d'entreprise et commercial,5
M1501,RNCP35387,Gestion administrative et commerciale des organisations : Management des fonctions supports,4
H1101,RNCP42570,"Ingénieur diplômé du Conservatoire national des arts et métiers, spécialité Production et systèmes numériques ",1
H1206,RNCP39458,"Titre ingénieur – Ingénieur diplômé de l'Université de Technologie de Belfort Montbéliard, spécialité Mécanique et Ergonomie",14
H1206,RNCP40656,Expert en transformation digitale et technologique par les outils no code / low code,14
H1206,RNCP40954,"Ingénieur diplômé de l'Ecole polytechnique universitaire de l'Université Paris-Saclay, spécialité Matériaux",14
H1402,RNCP38704,Chimie et sciences des matériaux (fiche nationale),1
H1402,RNCP39574,Ingénieur navigabilité et certification aéronautiques (MS),1
C1102,RNCP38440,Conseiller de clientèle de particuliers banque et assurance,1
I1306,RNCP42086,Technicien d'intervention en froid et équipements de cuisines professionnelles,1
M1703,RNCP35915,Management et commerce international (fiche nationale),7
M1707,RNCP38029,Expert en optimisation et transmission du patrimoine,3
D1406,RNCP35917,Management (fiche nationale),5
I1605,RNCP36966,Motorisations toutes énergies ,1
M1801,RNCP39097,Architecte des systèmes d'information (type PLM) dans les processus industriels,9
M1502,RNCP39258,Responsable rémunération globale et avantages sociaux ,3
H2502,RNCP40422,Ingénieur diplômé de l’École nationale supérieure agronomique de Toulouse de l'Institut national polytechnique de Toulouse,2
K2108,RNCP40946,Ingénieur diplômé de l’Ecole nationale supérieure de chimie de Paris (ENSCP),1
H1402,RNCP38539,"Ingénieur diplômé de l'École européenne de chimie, polymères et matériaux de Strasbourg de l’Université de Strasbourg",1
H1402,RNCP39916,"Titre ingénieur - Ingénieur diplômé de l’École polytechnique universitaire de l’université Lyon-I, spécialité Matériaux",1
H1402,RNCP40081,Ingénieur diplômé de l'école d'ingénieurs de l'université de Toulon,1
H1402,RNCP42397,"Ingénieur de l'école nationale supérieure d'ingénieurs du Mans de l'université du Mans, spécialité acoustique et instrumentation",1
H1402,RNCP42695,Ingénieur diplômé de l’Institut supérieur de l’aéronautique et de l’espace,1
H2502,RNCP37944,"Ingénieur diplômé de l’Ecole Supérieure d’Ingénieurs de Recherche en Matériaux de l’Université Bourgogne Europe (ESIREM), spécialité Robotique",2
H2502,RNCP40821,"Ingénieur diplômé de l'Institut national des sciences appliquées Hauts-de-France, spécialité Mécatronique ",2
K2111,RNCP42089,Responsable pédagogique en tir de riposte,3
K1601,RNCP40548,Philosophie (fiche nationale),1
M1204,RNCP37969,Programme Grande Ecole,3
M1803,RNCP41526,"Ingénieur diplômé de l’institut supérieur aquitain du bâtiment et des travaux publics de l'université de Pau, spécialité informatique",2
M1704,RNCP38066,"Diplôme Supérieur en Affaires Internationales, Négociation et Géopolitique",2
D1402,RNCP38583,Manager du développement commercial ,1
D1402,RNCP41223,"Diplôme Supérieur en Marketing, Commerce et Gestion",1
M1707,RNCP41183,Diplôme Stratégies et Dirigeants,3
M1707,RNCP42264,Programme grande école,3
M1804,RNCP40612,"Ingénieur diplômé du CESI, spécialité informatique",1
K1903,RNCP38196,Droit du patrimoine (fiche nationale),2
D1106,RNCP41939,Fabrication traiteur ,1
K1703,RNCP36833,Assistant en management opérationnel,1
H1206,RNCP40023,"Ingénieur diplomé de l'école nationale supérieure d'ingénieurs de Caen, spécialité génie industriel",14
H1206,RNCP40737,Ingénieur diplômé des hautes études d’ingénieur – JUNIA,14
H1206,RNCP42716,"Ingénieur diplômé de l'Ecole nationale supérieure des Mines de Saint-Etienne de l'institut Mines-Telecom, spécialité Systèmes électroniques embarqués",14
H2502,RNCP36180,"Ingénieur de l'École nationale supérieure de chimie, de biologie et de physique, de l'Institut polytechnique de Bordeaux (ENSCBP - Bordeaux INP) spécialité agroalimentaire et génie industriel",2
H2502,RNCP39302,"Ingénieur diplômé de l’École nationale supérieure en génie des technologies industrielles de l’université de Pau, spécialité génie électrique et informatique industrielle ",2
H2502,RNCP40772,"Ingénieur diplômé de l'École nationale supérieure de Physique, Électronique et Matériaux de l’Institut polytechnique de Grenoble, spécialité Micro et Nanotechnologies pour les systèmes intégrés",2
H1208,RNCP38948,Analyste programmeur en automatisme et informatique industrielle,3
M1803,RNCP40824,"ingénieur diplômé de CentraleSupélec, spécialité Informatique",2
H2502,RNCP37201,"Ingénieur diplômé de l’école nationale supérieure d'électronique, informatique, télécommunications, mathématique et mécanique de Bordeaux de l’institut polytechnique de Bordeaux, spécialité électronique",2
H2502,RNCP38377,"Ingénieur diplômé de l'Ecole nationale supérieure des ingénieurs en arts chimiques et technologiques de l'Institut national polytechnique de Toulouse, spécialité génie des procédés",2
H2502,RNCP40535,Ingénieur diplômé d’ECAM LaSalle,2
M1707,RNCP36686,Programme grande école,3
M1403,RNCP38161,Droit de l'économie (fiche nationale),1
K2402,RNCP40976,"ingénieur diplômé de l'Institut national des sciences appliquées de Lyon, spécialité biotechnologies et bioinformatique",3
M1803,RNCP38426,"Ingénieur diplômé de l’Ecole Nationale Supérieure d’Ingénieurs Sud-Alsace de l’Université de Mulhouse, spécialité Informatique et Réseaux",2
F1104,RNCP41382,Gestion et maîtrise de l'eau,1
M1807,RNCP42093,Responsable traduction et exploitation en langues étrangères,3
H1208,RNCP38932,Responsable de la numérisation des systèmes et processus de production,3
M1101,RNCP38488,Manager achats et supply chain,1
H2502,RNCP38680,"Ingénieur diplômé de l'école nationale supérieure des mines d'Alès de l'Institut Mines-Télécom, spécialité mécatronique",2
H2502,RNCP41206, Ingénieur diplômé de CY Tech de CY Cergy Paris Université Spécialité Biotechnologies et Chimie,2
H1402,RNCP38425," Ingénieur diplômé de l’Ecole Nationale Supérieure d’Ingénieurs Sud-Alsace de l’Université de Mulhouse, spécialité Automatique et Systèmes Embarqués",1
C1102,RNCP38501,CQP Chargé d'accueil guichet unique,1
M1803,RNCP42714," Ingénieur diplômé de l'École nationale supérieure des mines de Saint-Étienne de l'institut Mines-Télécom, spécialité microélectronique et informatique",2
H2502,RNCP38211,"Ingénieur diplômé de l'école polytechnique universitaire d'Université Côte d’Azur, spécialité Electronique et systèmes embarqués",2
H2502,RNCP39922,Diplôme d'ingénieur de l'Ecole Nationale Supérieure de Mécanique et d'Aérotechnique (ENSMA),2
L1505,RNCP39404,Cinéma et audiovisuel (fiche nationale),3
M1403,RNCP40288,Métiers du décisionnel et de la statistique (fiche nationale),1
M1803,RNCP37586,"Ingénieur diplômé de l'Ecole nationale supérieure d'électronique, informatique, télécommunications, mathématique et mécanique de Bordeaux de l'Institut polytechnique de Bordeaux, spécialité Informatique",2
M1807,RNCP42280,Technicien assistance à distance des systèmes d'information et de communication (Technicien Centre national d'appui à distance),3
D1406,RNCP41438,CQP Responsable des ventes pièces de rechange et accessoires,5
D1403,RNCP42662,Employé de vente polyvalent en magasin,2
K2402,RNCP39508,Immunologie (fiche nationale),3
M1501,RNCP42350,Gestionnaire de paie,4
H2502,RNCP42096,"Ingénieur diplômé de l'Ecole nationale supérieure Mines-Télécom Atlantique Bretagne Pays de la Loire de l'Institut Mines-Télécom, spécialité Génie industriel",2
K2108,RNCP41264,Ingénieur diplômé de l'Ecole polytechnique,1
H1208,RNCP35408,Génie Électrique et Informatique Industrielle : Automatisme et Informatique Industrielle,3
H2502,RNCP39692,Biologie végétale (fiche nationale),2
H2502,RNCP40735,"Ingénieur diplômé de l'Institut supérieur d'agriculture - JUNIA, spécialité Paysage",2
H2502,RNCP41610,"Qualité, logistique industrielle et organisation : Qualité et management intégré",2
H2502,RNCP42461, Ingénieur diplômé de l'institut textile et chimique de Lyon,2
H2502,RNCP42534,"Ingénieur diplômé du Conservatoire national des arts et métiers, spécialité Mécanique",2
H2502,RNCP42545,"Ingénieur diplômé de l’Ecole supérieure de chimie, physique, électronique de Lyon (CPE), spécialité Génie des procédés",2
H2502,RNCP42696,"Ingénieur diplômé de l'Institut supérieur d'aéronautique et de l'espace, spécialité Génie industriel pour l'aéronautique et l'espace",2
H2502,RNCP42708,Ingénieur diplômé de l'école nationale supérieure des mines d'Alès de l'Institut Mines Télécom,2
M1703,RNCP41141,Product manager,7
I1310,RNCP41536,Technicien de maintenance industrielle,1
M1707,RNCP38131,Responsable marketing et communication,3
M1707,RNCP42668,Diplôme d'études supérieures spécialisées en management international,3
F1104,RNCP41531,Technicien d'études en construction bois,1
M1203,RNCP39973,Gestionnaire comptable et financier,4
M1203,RNCP41550,Carrières juridiques : Patrimoine et finance,4
D1402,RNCP38753,Diplôme d’études supérieures en commerce et management opérationnel,1
D1402,RNCP41622,Techniques de commercialisation : Business international : achat et vente,1
I1101,RNCP40904,Conducteur de travaux,1
H1210,RNCP42456,"Ingénieur diplômé d'ECAM LaSalle, spécialité énergétique",1
M1202,RNCP37830,Expert financier et administratif,1
M1202,RNCP38062,Programme grande école,1
M1202,RNCP41048,Manager International,1
M1502,RNCP40244,Manager des ressources humaines,3
K1903,RNCP38201,Administration et liquidation d'entreprises en difficulté (fiche nationale),2
I1307,RNCP36501,Technicien systèmes et réseaux,1
H1402,RNCP39303,"Ingénieur diplômé de l’École nationale supérieure d'arts et métiers, spécialité mécanique",1
H3302,RNCP37397,Agent de fabrication industrielle,2
H2903,RNCP41763,CQP Opérateur régleur sur machines-outils à commande numérique de transformation de la tôle,1
K2402,RNCP40771,"Ingénieur diplômé de l'École nationale supérieure de physique, électronique et matériaux de l’Institut polytechnique de Grenoble, spécialité Microélectronique et Télécommunications",3
K2402,RNCP38698,STAPS : entraînement et optimisation de la performance sportive (fiche nationale),3
K2402,RNCP39457,Approches Interdisciplinaires de la Recherche et de l'Enseignement (AIRE) (fiche nationale),3
M1503,RNCP41044,Programme grande école,1
H1210,RNCP35495,Chimie : Synthèse,1
M1501,RNCP36612,Assistant en ressources humaines,4
M1501,RNCP38241,CQP Chargé de ressources humaines,4
H2502,RNCP37047,Manager en biotechnologies,2
H2502,RNCP39045,"Ingénieur diplômé de l’école d’ingénieurs de l’université de Caen, spécialité génie nucléaire",2
H2502,RNCP42562,"Ingénieur diplômé de l’Université de Perpignan, spécialité énergétique",2
H1402,RNCP38995,Aéronautique et espace (fiche nationale),1
H1402,RNCP40200,"Ingénieur diplômé de l’École Centrale de Nantes, spécialité Mécanique",1
H2502,RNCP42722,"Ingénieur diplômé de l’École d’ingénieurs SIGMA Clermont de l’Institut National Polytechnique Clermont Auvergne, spécialité mécanique",2
A1303,RNCP42009,"Ingénieur diplômé de l'Ecole polytechnique universitaire de Montpellier, spécialité Génie de l'eau",1
M1503,RNCP41713,Coach professionnel,1
M1703,RNCP38407,"Ingénieur diplômé de l'Institut Agro Dijon de l'Institut national d'enseignement supérieur pour l'agriculture, l'alimentation et l'environnement spécialité agroalimentaire",7
M1704,RNCP40592,Manager de la stratégie marketing,2
M1704,RNCP41771,Responsable des activités de tourisme et d'événementiel,2
M1804,RNCP38981,Ingénierie des systèmes complexes (fiche nationale),1
K1903,RNCP37386,Droit et management des vins et des spiritueux (fiche nationale),2
K1903,RNCP41680,Juriste manager des affaires (MS),2
I1307,RNCP41007,Electrotechnique,1
H1208,RNCP39046,"Ingénieur diplômé de l’école d’ingénieurs de l’université de Caen, spécialité mécatronique et systèmes embarqués ",3
H1402,RNCP36417,"Ingénieur diplômé de l'École nationale supérieure de chimie, de biologie et de physique, de l'Institut polytechnique de Bordeaux (ENSCBP - Bordeaux INP) spécialité Chimie et Génie physique",1
H1402,RNCP41372,"Ingénieur diplômé de l'institut national des sciences appliquées de Rennes, spécialité génie physique et matériaux",1
C1102,RNCP41338,Souscripteur en assurance et réassurance,1
M1502,RNCP39391,Conseiller emploi et accompagnement professionnel,3
M1707,RNCP41201, Diplôme en Gestion et stratégies globales des entreprise,3
M1707,RNCP42369,Management et commerce international (fiche nationale),3
M1403,RNCP42268, Sciences et ingénierie - Intelligence artificielle ,1
A1303,RNCP41102,Expert en stratégie d'innovation durable par le design (MS),1
D1402,RNCP38505,Responsable du développement commercial ,1
M1502,RNCP40594,Chargé de missions RH,3
M1707,RNCP42267,Diplôme en management international des arts culinaires,3
M1804,RNCP39851,"Administrateur systèmes, réseaux et sécurité",1
K2402,RNCP38969,Microbiologie (fiche nationale),3
K2402,RNCP38971,Génétique (fiche nationale),3
M1102,RNCP39772,Responsable des achats,3
M1803,RNCP40857,Chef de projet web ou digital,2
M1803,RNCP40943,"Ingénieur diplômé de l'Université de Technologie de Compiègne, spécialité Informatique",2
M1803,RNCP42590,"Ingénieur diplômé de l'université de Toulouse, spécialité Télécommunications et réseaux",2
M1403,RNCP39890,Santé (fiche nationale),1
M1403,RNCP41017,Diplôme Spécialisé en Management de l'Innovation,1
M1803,RNCP40859,Expert en architecture green IT et solutions applicatives écoresponsables,2
F1104,RNCP40054,Métiers du BTP : génie civil et construction (fiche nationale),1
M1503,RNCP38824,Manager en ressources humaines,1
M1804,RNCP42563,"Ingénieur diplômé de l'Ecole supérieure de chimie physique électronique de Lyon (CPE), spécialité électronique et informatique",1
D1106,RNCP35863,"Sommelier-conseil, caviste",1
H1402,RNCP36423,"Ingénieur de l'École nationale supérieure de chimie, de biologie et de physique, de l'Institut polytechnique de Bordeaux (ENSCBP - Bordeaux INP) spécialité Matériaux composites et Mécanique",1
M1403,RNCP42403,Mode et matière,1
K2402,RNCP42273,Ingénieur diplômé de l'école centrale de Lyon,3
M1704,RNCP37695,Manager international mode et luxe,2
H1210,RNCP37115,Conception et réalisation de systèmes automatiques,1
H1210,RNCP38979,"Physique, chimie (fiche nationale)",1
M1804,RNCP35458,Réseaux & Télécommunications : Pilotage de projets de réseaux,1
M1804,RNCP41199,"Ingénieur diplômé de l’Ecole nationale supérieure de l’électronique et de ses applications, spécialité électronique et informatique industrielle",1
M1804,RNCP42432,"Ingénieur diplômé du Conservatoire national des arts et métiers, spécialité Informatique et cybersécurité",1
M1101,RNCP37975,Diplôme de gestion et de management des entreprises,1
H2502,RNCP36535,"Ingénieur diplômé de l’ENSIL-ENSCI de l'Université de Limoges, Spécialité Électronique et Télécommunications ",2
M1605,RNCP40544,Sciences et Ingénierie- Biotechnologies,1
H1402,RNCP39766,Chef de projets systèmes embarqués,1
H1402,RNCP41501,"Ingénieur diplômé de l'université Paris X, spécialité mécanique",1
C1102,RNCP40193,"Assurance, banque, finance : chargé de clientèle (fiche nationale)",1
H2502,RNCP41372,"Ingénieur diplômé de l'institut national des sciences appliquées de Rennes, spécialité génie physique et matériaux",2
M1707,RNCP41195,"Diplôme Supérieur en Marketing, Commerce et Gestion",3
D1403,RNCP37717,Conseiller commercial,2
M1403,RNCP36096,Eco-épidémiologie (fiche nationale),1
M1503,RNCP41441,Responsable paie et administration du personnel,1
M1203,RNCP41691,Responsable d'atelier de réparation de produits électroniques,4
I1101,RNCP42030,"ingénieur diplômé de l’Ecole polytechnique universitaire de Savoie de l’université de Chambéry, spécialité bâtiment",1
H1210,RNCP35404,Science et génie des matériaux : Métiers de l’ingénierie des matériaux et des  produits,1
M1707,RNCP41479,Responsable d’affaires commerciales et du développement à l’international,3
M1202,RNCP35991,Comptabilité - contrôle - audit (fiche nationale),1
M1202,RNCP40610,Auditeur et contrôleur de gestion,1
M1202,RNCP42264,Programme grande école,1
M1804,RNCP38779,Manager en infrastructures et cybersécurité des systèmes d’information,1
H2502,RNCP37026,Nutrition et sciences des aliments (fiche nationale),2
H2502,RNCP42715,"Ingénieur diplômé de l'Ecole nationale supérieure des Mines de Saint-Etienne de l'institut Mines-Telecom, spécialité Génie industriel",2
M1605,RNCP41261,"Finance, administration, comptabilité",1
H1402,RNCP36430,Ingénieur diplômé de l'École Nationale Supérieure de Technologie des Biomolécules de Bordeaux de l’Institut Polytechnique de Bordeaux (ENSTBB – Bordeaux INP),1
H1402,RNCP42225,"Ingénieur diplômé de l’EPF, spécialité production et robotique",1
M1803,RNCP42234,"Ingénieur diplômé de l’Ecole Polytechnique Universitaire de l’Université Lyon-I, spécialité mathématiques appliquées ",2
H2502,RNCP38328,"Ingénieur diplômé de l’Institut national d’enseignement supérieur et de recherche en alimentation, santé animale, sciences agronomiques et de l’environnement",2
H2502,RNCP40777,Ingénieur diplômé de l'École nationale d'ingénieurs de Metz de l’université de Lorraine,2
I1310,RNCP35498,Génie Industriel et Maintenance : Ingénierie des Systèmes Pluritechniques,1
I1310,RNCP42493,Mécanicien robinetier en environnement nucléaire,1
M1403,RNCP39810,"Economie, Science Politique (fiche nationale)",1
M1403,RNCP40435,"Sciences et ingénierie, Sciences du management - Sciences des données pour une entreprise responsable",1
M1403,RNCP41033,Diplôme d’études avancées en management international des entreprises,1
I1101,RNCP37626,Eco-énergéticien,1
H1210,RNCP39508,Immunologie (fiche nationale),1
I1307,RNCP38867,Infrastructures numériques (fiche nationale),1
M1101,RNCP42361,"Gestion de production, logistique, achats (fiche nationale)",1
H1101,RNCP37957,"Ingénieur diplômé de l’Ecole supérieure de chimie, physique, électronique de Lyon (CPE), spécialité Génie des procédés",1
H1402,RNCP38707,Sciences de la matière (fiche nationale),1
M1803,RNCP42222,"Diplômé de l'Ecole supérieure d'Ingénieurs de Rennes de l'Université de Rennes, Spécialité Informatique",2
M1803,RNCP42609,Diplôme d'études supérieures de gestion,2
F1101,RNCP40412,Diplôme d'Etat de paysagiste,1
M1403,RNCP40747," Titre ingénieur - Ingénieur diplômé de l'Ecole Polytechnique universitaire de l'Université de Lille, spécialité Informatique et mathématiques appliquées",1
M1403,RNCP42727,Sciences cognitives (fiche nationale),1
M1204,RNCP37716,Programme Grande Ecole,3
M1803,RNCP42548,"Ingénieur diplômé de l'école nationale supérieure des mines d'Alès de l'Institut Mines-Télécom, spécialité informatique et réseaux",2
H3302,RNCP38111,Opérateur de transformation en industrie alimentaire,2
M1503,RNCP41797,Chargé des ressources humaines,1
L1401,RNCP35946,Sciences et techniques des activités physiques et sportives : entraînement sportif (fiche nationale),1
H1210,RNCP40500," Industries pharmaceutiques, cosmétologiques et de santé : gestion, production et valorisation (fiche nationale)",1
M1804,RNCP39137,Titre ingénieur – Ingénieur diplômé de l’Ecole Supérieure d’Electronique de l’Ouest,1
H1101,RNCP38640,"Ingénieur diplômé de l'Université de Technologie de Belfort-Montbéliard, spécialité Mécanique",1
H2605,RNCP37400,Monteur câbleur en aéronautique,1
C1102,RNCP39101,Conseiller en gestion de patrimoine,1
M1403,RNCP41617,"Science des données : Visualisation, conception d'outils décisionnels",1
E1306,RNCP37207,Assistant Designer Graphique Multimédia,1
K2402,RNCP40779,"Ingénieur diplômé de l’Institut Agro Montpellier de l’institut national d’enseignement supérieur pour l’agriculture, l’alimentation et l’environnement (Institut Agro), spécialité agronomie et agroalimentaire",3
M1503,RNCP35376,Gestion des entreprises et des administrations : gestion et pilotage des ressources humaines,1
M1503,RNCP40863,Responsable de gestion des ressources humaines,1
M1704,RNCP38123,Responsable du développement commercial,2
M1202,RNCP42673,Diplôme supérieur en management,1
K2402,RNCP38083,Ingénieur diplômé de l'Ecole Nationale Supérieure des Industries Chimiques de l'Université de Lorraine,3
K2108,RNCP39842,Chargé de projets de formation et d'enseignement,1
H1402,RNCP36182,"Ingénieur de l'École nationale supérieure de chimie, de biologie et de physique, de l'Institut polytechnique de Bordeaux (ENSCBP - Bordeaux INP) spécialité Matériaux",1
M1502,RNCP38460,Manager en ressources humaines,3
K1601,RNCP39475,Théologie catholique (fiche nationale),1
H1210,RNCP35369,Genie Biologique : Agronomie,1
M1202,RNCP41035,Diplôme Supérieur en Finance des Marchés et des Entreprises,1
C1206,RNCP36978,Responsable de clientèle banque finance assurance,1
H1208,RNCP42034,"ingénieur diplômé de l’Ecole polytechnique universitaire de Savoie de l’université de Chambéry, spécialité  systèmes embarqués - automatique",3
M1803,RNCP38958,"Ingénieur diplômé de l'Université de Technologie de Belfort - Montbéliard, spécialité Informatique",2
M1803,RNCP40496,"Ingénieur diplômé de l'Institut national des sciences appliquées Centre Val de Loire, spécialité sécurité informatique",2
M1803,RNCP41528,"Ingénieur diplômé de l'Ecole polytechnique universitaire de l'Institut polytechnique de Grenoble, spécialité Informatique",2
I1306,RNCP38635, Installateur dépanneur en froid et conditionnement d'air,1
M1803,RNCP35994,"Ingénieur diplômé de l’Ecole Polytechnique Universitaire de Savoie de l'Université de Chambéry, Spécialité Informatique",2
M1803,RNCP40875,Expert en ingénierie de données,2
D1505,RNCP38512, Conseiller commercial des gares RER et stations de métro.,1
H1210,RNCP40487,Maintenance et technologie : systèmes pluritechniques (fiche nationale),1
H2502,RNCP42733,"Ingénieur de l'école nationale supérieure des sciences appliquées et de technologie, spécialité Systèmes numériques",2
H1402,RNCP37690,Métiers de la mer : nautisme (fiche nationale),1
H1402,RNCP40532,Ingénieur diplômé de l’Ecole supérieure des Techniques Aéronautiques et de Construction Automobile spécialité Génie Industriel pour l’aéronautique et l’espace,1
H2502,RNCP39195,"Sciences et technologie de l'agriculture, de l'alimentation et de l'environnement (fiche nationale)",2
M1502,RNCP42559,Métiers du conseil et de la formation des adultes (fiche nationale) ,3
I1310,RNCP41583,Génie mécanique et productique : Management de process industriel,1
M1707,RNCP37932,Diplôme en Management International des Arts Culinaires,3
M1707,RNCP41033,Diplôme d’études avancées en management international des entreprises,3
M1707,RNCP41361,Manager international,3
M1707,RNCP41697,Dirigeant d'entreprise,3
M1401,RNCP40811,Diplôme d'études supérieures en management international des entreprises (DESMIE),1
M1503,RNCP38069,Diplôme Supérieur en Management International des Ressources Humaines,1
M1804,RNCP38687," Electronique, énergie électrique, automatique (fiche nationale)",1
M1804,RNCP42099,"Ingénieur diplômé de l'Institut national des sciences appliquées de Lyon, spécialité Télécommunications",1
H1101,RNCP37391,"Cybersécurité, Informatique et réseaux, Électronique  - Option A : « Informatique et réseaux », Option B : « Électronique et réseaux »",1
H1402,RNCP40530,"Ingénieur diplômé de l'Ecole polytechnique universitaire de l'Université Aix Marseille, spécialité écologie industrielle et environnement",1
H1402,RNCP40722,Maintenance et technologie : organisation de la maintenance (fiche nationale),1
F1101,RNCP40019,Urbanisme et aménagement (fiche nationale),1
F1101,RNCP40492,Ingénieur diplômé de l'ESTP - Grande école d'ingénieurs de la construction,1
M1403,RNCP40503,Métiers du marketing opérationnel (fiche nationale),1
M1403,RNCP42015, Diplôme de l'Ecole Polytechnique - Science et technologie (délivré à titre international),1
K1601,RNCP39479,Humanités (fiche nationale),1
M1202,RNCP39568,Diplôme d’études supérieures en management (Programme Grande École),1
M1101,RNCP40713,Diplôme supérieur de management international,1
M1204,RNCP39483,"Diplôme d'études supérieures spécialisées en audit, finance et contrôle de gestion",3
H2502,RNCP42277,"Ingénieur diplômé de l’école nationale d'ingénieurs de Saint-Étienne de l’école centrale de Lyon, spécialité génie mécanique",2
H1402,RNCP41152,"Ingénieur diplômé de l’école nationale supérieure Mines- Télécom Lille Douai de l'Institut Mines-Télécom, spécialité génie industriel",1
H1402,RNCP42096,"Ingénieur diplômé de l'Ecole nationale supérieure Mines-Télécom Atlantique Bretagne Pays de la Loire de l'Institut Mines-Télécom, spécialité Génie industriel",1
C1102,RNCP38815,Conseiller clientèle omnicanal bancassurance ,1
M1803,RNCP37726,"Ingénieur de l'Ecole Nationale Supérieure de Bretagne Sud (ENSIBS), spécialité Informatique et Cybersécurité",2
M1803,RNCP41198,Ingénieur diplômé de l'Ecole Nationale Supérieure de l'Electronique et de ses applications,2
H2502,RNCP38322,Ingénieur diplômé de l'école nationale supérieur Mines-Télécom Atlantique Bretagne Pays de la Loire de l'Institut Mines-Télécom,2
H2502,RNCP39897," Ingénieur diplômé de l’institut national des sciences appliquées de Rouen, spécialité génie industriel",2
H2906,RNCP36169,Soudeur programmeur de cellules robotisées,1
M1403,RNCP40598,Développeur économique territorial (MS),1
M1403,RNCP42300,Science des données pour une entreprise responsable,1
M1204,RNCP38148,Diplôme supérieur en marketing commerce et gestion,3
A1303,RNCP38324,"Ingénieur diplômé de l'école polytechnique universitaire de l'Université Côte d’Azur, spécialité Génie de l'eau et de l'aménagement",1
D1402,RNCP37068,Manager du développement d'affaires en agrobusiness,1
I1101,RNCP40783,Ingénieur diplômé de l'Ecole Supérieure d'Ingénieurs des Travaux de la Construction de Paris,1
M1804,RNCP41614,Réseaux & télécommunications : Pilotage de projets de réseaux,1
I1310,RNCP41679,CQP Agent de maintenance du secteur alimentaire,1
A1303,RNCP41861,Ecologie et biologie fonctionnelle (fiche nationale),1
M1503,RNCP41565,Gestion des entreprises et des administrations : Gestion et pilotage des ressources humaines,1
K1903,RNCP36962,Management international et communication interculturelle,2
M1804,RNCP35781,"Ingénieur de l'école nationale supérieure des sciences appliquées et de technologie, spécialité informatique et technologies de l'information",1
H1101,RNCP41916,"Ingénieur diplômé de l'ENSIL-ENSCI de l'Université de Limoges, spécialité Photonique",1
M1403,RNCP39194,"Géographie, aménagement, environnement et développement (fiche nationale)",1
K1601,RNCP38693,Lettres / Sciences du langage (fiche nationale),1
F1104,RNCP40700,Sciences et ingénierie - Génie Industriel pour le Bâtiment ,1
K2112,RNCP40569,Coach professionnel,1
D1506,RNCP41182,Diplôme en Gestion du Luxe,1
M1101,RNCP40716,Activités juridiques : marchés publics - métiers de l'achat public (fiche nationale),1
D1106,RNCP38245,CQP Conseiller de vente de produits alimentaires,1
K1501,RNCP39879,Manager des institutions et des affaires publiques,1
H1402,RNCP40658,Architecte des systèmes d'information dans les processus industriels,1
H1402,RNCP42565,"Ingénieur diplômé de l'École supérieure de chimie, physique, électronique de Lyon, spécialité Biotechnologies et génie des procédés",1
C1102,RNCP41716,Conseiller clientèle des particuliers et des professionnels en banque et assurance,1
H2903,RNCP39723,CQP Régleur sur machines-outils de décolletage,1
I1605,RNCP40190,Brevet de capitaine de 1re classe de navigation maritime,1
I1605,RNCP41846,Technicien réparateur en mécanique de marine de plaisance,1
I1101,RNCP35482,Génie Civil - Construction Durable : Travaux Bâtiment,1
I1401,RNCP42463,Technicien supérieur systèmes et réseaux ,1
H1402,RNCP38858," Ingénieur diplômé de l’école polytechnique universitaire de Savoie de l'université de Chambéry, spécialité mécanique",1
I1101,RNCP38288,Chef de projet en rénovation énergétique,1
H1210,RNCP38267,Assistant ingénieur biologie - Biochimie - Biotechnologies,1
M1804,RNCP39907,"Ingénieur spécialisé en sécurité pour les systèmes informatiques et les communications, diplômé d'EURECOM",1
H1101,RNCP42456,"Ingénieur diplômé d'ECAM LaSalle, spécialité énergétique",1
I1310,RNCP36332,Maintenance des installations oléohydrauliques et pneumatiques,1
M1403,RNCP39273,"Diplôme Supérieur en Analyse, Intelligence et Sécurité des Données",1
K1601,RNCP42100,Littérature générale et comparée (fiche nationale),1
M1503,RNCP42518,Manager du développement des ressources humaines (MDRH),1
M1704,RNCP41337,Chargé de marketing digital,2
H1210,RNCP40718,Productions animales (fiche nationale),1
D1102,RNCP37908,Boulanger-pâtissier,1
M1202,RNCP41196,Diplôme d'études supérieures en finance,1
H1402,RNCP41913,Ingénieur diplômé de l'Ecole Nationale Supérieure des Mines de Nancy de l'Université de Lorraine,1
I1302,RNCP38924,Technicien spécialisé en systèmes numériques industriels,1
M1503,RNCP38833,Manager des ressources humaines,1
M1202,RNCP42358,Finance (fiche nationale),1
M1804,RNCP41373,"Ingénieur diplômé de l'institut national des sciences appliquées de Rennes, spécialité électronique et télécommunications",1
M1804,RNCP42735,"Ingénieur de l'école nationale supérieure des sciences appliquées et de technologie, spécialité informatique et technologies de l'information",1
C1206,RNCP40460,Commercialisation de produits et services (fiche nationale),1
M1806,RNCP42097,"Ingénieur diplômé de l'Institut supérieur d'informatique, de modélisation et de leurs applications de l'institut national polytechnique Clermont Auvergne",251
M1101,RNCP39238,Manager de la performance achats,1
M1204,RNCP36105,Master intégré franco-allemand en management (fiche nationale),3
M1806,RNCP36909,Manager du numérique et du système d’information,251
M1806,RNCP39582,Expert en architecture des systèmes d’information ,251
M1806,RNCP42504,Expert en sécurité des systèmes d'information,251
M1806,RNCP38591,Manager de la transformation digitale,251
M1806,RNCP41654,Expert consultant blockchain,251
M1805,RNCP39670,"Titre Ingénieur de l’Institut Polytechnique de Grenoble, spécialité génie énergétique et industriel",26
M1805,RNCP40435,"Sciences et ingénierie, Sciences du management - Sciences des données pour une entreprise responsable",26
M1806,RNCP35455,Réseaux & Télécommunications : Cybersécurité,251
M1806,RNCP38592,Consultant fonctionnel PLM,251
M1806,RNCP41617,"Science des données : Visualisation, conception d'outils décisionnels",251
M1806,RNCP42689,"Ingénieur diplômé d'ECAM LaSalle, spécialité systèmes numériques et génie industriel",251
H2502,RNCP37955,"Ingénieur diplômé de l'Université de technologie de Troyes, spécialité Automatique et informatique industrielle",2
H2502,RNCP41925,Bois et ameublement (fiche nationale),2
M1805,RNCP39115,"Chef de projet systèmes, réseaux et sécurité",26
H1206,RNCP39060,Automatique et systèmes électriques (fiche nationale),14
M1806,RNCP42619,Expert en ingénierie de solutions logicielles,251
M1806,RNCP38108,Administrateur de systèmes et réseaux sécurisés,251
M1806,RNCP41030,Diplôme d'ingénieur d'Efrei Paris (Université Paris- Panthéon Assas),251
H1206,RNCP38373,ingénieur diplômé de l'école supérieure des agricultures d'Angers,14
H1206,RNCP39334,"Ingénieur diplômé de l’École Polytechnique Universitaire de Sorbonne Université, spécialité Robotique",14
H1206,RNCP39487,"Ingénieur diplômé de l’École polytechnique universitaire de l’université Lyon-I, spécialité Mathématiques appliquées",14
H1101,RNCP40127,"Ingénieur diplômé de l'Ecole internationale du papier, de la communication imprimée et des biomatériaux de l’Institut polytechnique de Grenoble",1
H1206,RNCP36226,Manager de biobanques,14
H1206,RNCP38428,"Ingénieur diplômé de l’Ecole Nationale Supérieure d’Ingénieurs Sud-Alsace de l’Université de Mulhouse, spécialité Mécanique",14
H1206,RNCP39055,"Ingénieur diplômé du Conservatoire national des arts et métiers, spécialité Mécatronique",14
H1206,RNCP39507,"Biologie, agrosciences (fiche nationale)",14
H1206,RNCP40764,"Ingénieur spécialisé en Ingénierie des chaines de traction, diplômé de l'Ecole nationale supérieure du pétrole et des moteurs",14
M1201,RNCP39110,Analyste financier international,12
H1206,RNCP39167,"Ingénieur diplômé de l’École nationale supérieure d'arts et métiers, spécialité génie industriel",14
H1206,RNCP39902, Ingénieur diplômé de l’Institut Supérieur d’Études Logistiques de l’Université du Havre spécialité Génie Énergétique et Électrique,14
H1206,RNCP42700,"Ingénieur diplômé de l'Institut national des sciences appliquées de Toulouse, spécialité mathématiques appliquées",14
M1806,RNCP38478,"Coordinateur de projets informatiques (infrastructures cloud, applicatives ou data)",251
M1806,RNCP41612,Réseaux & télécommunications : Développement système et Cloud,251
M1806,RNCP36297,Expert en transformation des systèmes d’information et du numérique,251
M1806,RNCP38182,Économie de l’entreprise et des marchés (fiche nationale),251
M1801,RNCP35476,Informatique : Déploiement d'applications communicantes et sécurisées,9
M1805,RNCP38837,Expert en systèmes d'information sécurisés (Cloud ou Big Data),26
M1805,RNCP42228,"Ingénieur diplômé de l'institut national des sciences appliquées de Rouen, spécialité technologies de l'information et intelligence artificielle",26
M1806,RNCP39394,Expert en systèmes d’information et sécurité,251
M1806,RNCP40589,Manager expert en transformation numérique,251
M1806,RNCP41922,"Ingénieur diplômé de l'école supérieure d'ingénieurs Réunion océan Indien de l'université de La Réunion, spécialité informatique",251
M1806,RNCP41527,Ingénieur diplômé de l'Ecole publique d'Ingénieurs de la santé et du numérique (EPISEN) de l'université Paris Est Créteil Val-de-Marne Spécialité Informatique et santé ,251
M1801,RNCP35511,Réseaux & Télécommunications : Développement système et Cloud ,9
M1801,RNCP40859,Expert en architecture green IT et solutions applicatives écoresponsables,9
M1806,RNCP39389,Consultant green IT,251
M1806,RNCP42147,Expert en ingénierie de l'intelligence artificielle et des applications,251
M1806,RNCP42520,Expert DevOps,251
M1806,RNCP42231,"Ingénieur diplômé de l’École polytechnique universitaire de l'université Lyon-I, spécialité informatique",251
M1802,RNCP39541,"Ingénieur diplômé du Conservatoire national des arts et métiers, spécialité Science de la donnée et intelligence artificielle",13
M1802,RNCP42098,"Ingénieur diplômé de l’Ecole nationale supérieure Mines-Télécom Atlantique Bretagne Pays de la Loire de l’Institut Mines-Télécom, spécialité Informatique",13
M1805,RNCP42296,Manager de la performance des organisations par la data,26
M1806,RNCP35702,"Ingénieur diplômé de l’école polytechnique universitaire de l'université d'Angers, spécialité automatique et informatique ",251
M1806,RNCP39308,"Ingénieur diplômé du Conservatoire national des arts et métiers, spécialité Informatique et cybersécurité",251
M1806,RNCP42592,"Ingénieur diplômé de l'Ecole nationale supérieure des ingénieurs en arts chimiques et technologiques, spécialité génie industriel",251
M1806,RNCP41283,Ingénieur diplômé de l’École Nationale Supérieure d’Informatique pour l’Industrie et l’Entreprise ,251
M1806,RNCP42439,"Ingénieur diplômé du Conservatoire national des arts et métiers, spécialité Informatique et systèmes d’information ",251
M1806,RNCP39376,Manager de projet intelligence artificielle,251
M1806,RNCP41166,Ingénieur diplômé de Télécom Nancy de l'université de Lorraine,251
M1806,RNCP40875,Expert en ingénierie de données,251
C1202,RNCP41227,Diplôme en finance internationale,12
H1206,RNCP40772,"Ingénieur diplômé de l'École nationale supérieure de Physique, Électronique et Matériaux de l’Institut polytechnique de Grenoble, spécialité Micro et Nanotechnologies pour les systèmes intégrés",14
H1206,RNCP40821,"Ingénieur diplômé de l'Institut national des sciences appliquées Hauts-de-France, spécialité Mécatronique ",14
M1802,RNCP39097,Architecte des systèmes d'information (type PLM) dans les processus industriels,13
M1805,RNCP41075,"Ingénieur diplômé de l'université de Toulouse, spécialité Télécommunications et réseaux informatiques",26
M1805,RNCP42193,Expert en stratégie et solutions blockchain,26
M1803,RNCP39907,"Ingénieur spécialisé en sécurité pour les systèmes informatiques et les communications, diplômé d'EURECOM",2
M1803,RNCP40873,Expert en solution connectée (IoT),2
H2502,RNCP36423,"Ingénieur de l'École nationale supérieure de chimie, de biologie et de physique, de l'Institut polytechnique de Bordeaux (ENSCBP - Bordeaux INP) spécialité Matériaux composites et Mécanique",2
H2502,RNCP36430,Ingénieur diplômé de l'École Nationale Supérieure de Technologie des Biomolécules de Bordeaux de l’Institut Polytechnique de Bordeaux (ENSTBB – Bordeaux INP),2
H2502,RNCP37950,"Ingénieur diplômé de Télécom Physique Strasbourg de l'Université de Strasbourg, spécialité électronique et systèmes numériques",2
H2502,RNCP41066,Ingénieur diplômé de l'ECAM-EPMI,2
M1805,RNCP41068,Métiers de l'intelligence artificielle : outils et méthodes (fiche nationale),26
M1806,RNCP41483,Product builder no-code,251
M1805,RNCP35402,"Science des données : visualisation, conception d'outils décisionnels",26
M1805,RNCP41164,"Ingénieur diplômé de CentraleSupélec, spécialité Systèmes numériques",26
M1805,RNCP41411,Manager en business intelligence,26
M1805,RNCP41588,"Informatique : Réalisation d'applications : conception, développement, validation",26
M1802,RNCP39301,"Ingénieur de l'Ecole nationale supérieure des sciences applicatives et du risque (ENSAR) , spécialité Gestion des Risques",13
M1802,RNCP39560,"Ingénieur diplômé de l'institut national des sciences appliquées de Rouen, spécialité informatique et technologies de l'information",13
M1802,RNCP40564,Technicien spécialisé en systèmes IT/OT sécurisés pour l'industrie ou les infrastructures urbaines,13
M1802,RNCP40932,Expert numérique des systèmes et processus industriels,13
M1201,RNCP42700,"Ingénieur diplômé de l'Institut national des sciences appliquées de Toulouse, spécialité mathématiques appliquées",12
M1805,RNCP38646,Diplôme de l'École normale supérieure Paris-Saclay,26
M1802,RNCP39292,Ingénieur diplômé de l'Ecole Supérieure d'Ingénieurs de Rennes de l'Université de Rennes spécialité Systèmes Numériques et Réseaux,13
M1703,RNCP41766,Product builder no code,7
M1707,RNCP39289,Diplôme d'études supérieures en Management Stratégique International,3
M1703,RNCP42073,Product builder no code,7
M1802,RNCP41198,Ingénieur diplômé de l'Ecole Nationale Supérieure de l'Electronique et de ses applications,13
M1802,RNCP42418,"Ingénieur de l'école nationale supérieure d'ingénieurs du Mans de l'université du Mans, spécialité informatique",13
M1801,RNCP41457,Développeur no code,9
H1206,RNCP38703,Chimie (fiche nationale),14
H1206,RNCP40963,"Ingénieur diplômé de l’École nationale supérieure des Mines de Nancy de l'université de Lorraine, spécialité génie industriel et matériaux",14
H1206,RNCP42453,"Ingénieur diplômé de l’École nationale supérieure d’arts et métiers, spécialité Génie électrique",14
H1206,RNCP42585,Ingénieur diplômé de l’Institut supérieur d’études logistiques de l’Université Le Havre Normandie spécialité Mécanique et production,14
M1802,RNCP39486,Mathématiques et informatique appliquées aux sciences humaines et sociales - MIASHS (fiche nationale),13
M1802,RNCP40448,Sciences et Ingénierie - Systèmes Numériques pour la Santé,13
K2402,RNCP41253,Ingénieur diplômé de  l’institut national des sciences et industries  du vivant et de l’environnement  (AgroParisTech),3
K1601,RNCP40740,Histoire (fiche nationale),1
M1805,RNCP39602,Chef de projet digital,26
M1805,RNCP35781,"Ingénieur de l'école nationale supérieure des sciences appliquées et de technologie, spécialité informatique et technologies de l'information",26
M1805,RNCP38355,Intelligence économique (fiche nationale),26
M1805,RNCP37805,Développeur Web,26
M1805,RNCP39333,"Ingénieur diplômé de l’École Polytechnique Universitaire de Sorbonne Université, spécialité Mathématiques Appliquées et Informatique",26
M1805,RNCP38426,"Ingénieur diplômé de l’Ecole Nationale Supérieure d’Ingénieurs Sud-Alsace de l’Université de Mulhouse, spécialité Informatique et Réseaux",26
M1805,RNCP40813,Ingénieur diplômé de l'IG2I de Centrale Lille Institut,26
M1805,RNCP42191,Product builder no code,26
M1802,RNCP41460,Délégué à la protection des données (DPO),13
C1202,RNCP38500,Expert en données financières massives,12
E1105,RNCP40793,Journalisme (Institut Pratique du Journalisme de l'université Paris Dauphine-PSL),2
M1704,RNCP38131,Responsable marketing et communication,2
M1203,RNCP42362,Gestion (fiche nationale),4
M1102,RNCP40894,Manager achats et supply-chain (MS),3
D1402,RNCP40600,Chef de projets marketing et commerce des vins et spiritueux,1
H1206,RNCP38677,Ingénieur diplômé de l'école nationale supérieure des mines d'Alès de l'Institut Mines-Télécom,14
H1206,RNCP38997,Réseaux et télécommunication (fiche nationale),14
H1206,RNCP39460,Traitement automatique des langues (fiche nationale),14
M1805,RNCP38425," Ingénieur diplômé de l’Ecole Nationale Supérieure d’Ingénieurs Sud-Alsace de l’Université de Mulhouse, spécialité Automatique et Systèmes Embarqués",26
M1805,RNCP38607,Concepteur de solutions digitales,26
M1805,RNCP40363,Expert en études et développement du système d'information,26
M1802,RNCP35781,"Ingénieur de l'école nationale supérieure des sciences appliquées et de technologie, spécialité informatique et technologies de l'information",13
M1802,RNCP39758,CQP Expert technique en création numérique,13
M1802,RNCP41813,Chef de projet data et intelligence artificielle,13
H1206,RNCP40937,Ingénieur diplômé de l'institut textile et chimique de Lyon,14
H1206,RNCP41205,Ingénieur diplômé de CY Tech de CY Cergy Paris Université Spécialité Informatique,14
H1206,RNCP42714," Ingénieur diplômé de l'École nationale supérieure des mines de Saint-Étienne de l'institut Mines-Télécom, spécialité microélectronique et informatique",14
M1707,RNCP37684,Diplôme d’études supérieures spécialisées en management international,3
H1206,RNCP42290,"Ingénieur spécialisé en architecture navale, diplômé de l'école nationale supérieure de techniques avancées",14
H1206,RNCP42595,"Ingénieur de l’Institut Polytechnique de Grenoble, spécialité génie énergétique et industriel",14
M1802,RNCP38463,Expert en développement de solutions de cybersécurité ,13
M1202,RNCP39843,Responsable ressources humaines et finances de l'action humanitaire,1
M1805,RNCP40041,"Ingénieur diplômé d’Aflokkat, spécialité robotique et informatique",26
M1805,RNCP40354,Architecte des objets connectés (IOT),26
M1805,RNCP41378,Ingénieur diplômé de l'Université Paris XIII spécialité Informatique,26
M1805,RNCP37394,"Ingénieur de l'école nationale supérieure d'ingénieurs du Mans de l'université du Mans, spécialité informatique",26
M1805,RNCP39999,Expert en cybersécurité,26
M1805,RNCP40235,Ingénieur en intelligence artificielle (MS),26
M1805,RNCP41381,Ingénieur diplômé de l'Université Paris XIII spécialité Télécommunications et réseaux,26
M1804,RNCP41238,Sciences et Ingénierie - informatique et Cybersécurité,1
M1703,RNCP39602,Chef de projet digital,7
H1208,RNCP40133,"Ingénieur diplômé de l’École nationale supérieure d’ingénieurs de Bretagne Sud de l’université de Bretagne-Sud, spécialité mécatronique",3
K2402,RNCP40617,"Epistémologie, histoire des sciences et des techniques (fiche nationale)",3
K2402,RNCP41208,Ingénieur diplômé de l’Ecole nationale des sciences géographiques,3
M1204,RNCP36682,Programme Grande Ecole ,3
H2502,RNCP39433, Ingénierie de la santé (fiche nationale),2
H2502,RNCP40541,Ingénieur diplômé de l'Ecole Nationale Supérieure des Arts et Industries textiles,2
H1206,RNCP37026,Nutrition et sciences des aliments (fiche nationale),14
H1206,RNCP38638,"Ingénieur diplômé de l'Institut national des sciences appliquées de Strasbourg, spécialité génie civil",14
H1206,RNCP39580,Architecte des systèmes d'information dans les processus industriels (MS),14
H1206,RNCP39773,Expert en digitalisation et exploitation des bâtiments,14
H1206,RNCP40936,"Ingénieur diplômé de l'Institut Polytechnique UniLaSalle, spécialité Génie de l'environnement",14
H1206,RNCP41099,Ingénieur Bioprocédés (MS),14
H1206,RNCP35497,Chimie : Chimie industrielle,14
H1206,RNCP37814,Manager marketing et développement de solutions innovantes pour les industries et technologies de santé (MS),14
H1206,RNCP40754,Ingénieur diplômé de l'Ecole Supérieure des Technologies Industrielles Avancées (ESTIA),14
H1206,RNCP38860,"Ingénieur diplômé de l’institut national des sciences appliquées de Rouen, spécialité génie des procédés",14
H1206,RNCP40693,Ingénieur diplômé de l'Ecole d'ingénieurs en génie des systèmes industriels (EIGSI),14
H1206,RNCP37961,"Ingénieur diplômé de l’école polytechnique de l'université de Lorraine, spécialité Energétique et mécanique",14
H1206,RNCP40530,"Ingénieur diplômé de l'Ecole polytechnique universitaire de l'Université Aix Marseille, spécialité écologie industrielle et environnement",14
H1206,RNCP41259,"Ingénieur diplômé de l’école nationale supérieure en génie des technologies industrielles de l’université de Pau, spécialité génie des procédés",14
H1206,RNCP42451,"Ingénieur diplômé de l’École nationale supérieure d'arts et métiers, spécialité mécanique et robotique",14
M1201,RNCP41196,Diplôme d'études supérieures en finance,12
M1201,RNCP41385,Diplôme d’expertise comptable (DEC),12
M1801,RNCP37488,Cybersécurité,9
M1805,RNCP39775,Expert en ingénierie et science des données,26
M1810,RNCP39228,CQP Technicien de maintenance des systèmes informatiques,10
M1805,RNCP39024,Economie et management publics (fiche nationale),26
M1805,RNCP40972,"Ingénieur diplômé de l'Institut national des sciences appliquées de Lyon, spécialité Télécommunications",26
M1805,RNCP41791,Product builder no code,26
H2502,RNCP40633,Responsable des installations hydrauliques et pneumatiques,2
M1802,RNCP39394,Expert en systèmes d’information et sécurité,13
M1802,RNCP40677,Product builder no-code,13
M1802,RNCP40859,Expert en architecture green IT et solutions applicatives écoresponsables,13
I1306,RNCP38081,Technicien de maintenance d'équipements de confort climatique ,1
M1201,RNCP41040,Programme Grande Ecole EDHEC,12
M1703,RNCP38750,Diplôme de Gestion et de Management des Entreprises,7
M1707,RNCP38439,Responsable d'un centre de profit,3
M1707,RNCP39096,Responsable d'affaires agroalimentaires,3
M1707,RNCP41688,Manager en ingénierie d'affaires et performance commerciale,3
M1802,RNCP39977,Responsable green IT,13
M1802,RNCP40807,Métiers de la santé : technologies (fiche nationale),13
M1802,RNCP41165,"Ingénieur diplômé de CentraleSupélec, spécialité Cybersécurité",13
M1802,RNCP37987,Spécialiste en cybersécurité,13
M1802,RNCP42008,"Ingénieur diplômé de l’École polytechnique universitaire de Montpellier, spécialité Informatique ",13
M1201,RNCP42016,Diplôme spécialisé en finance,12
M1201,RNCP42384,Economie et finance,12
H1206,RNCP38536,"Ingénieur diplômé de l’Institut National des Sciences Appliquées Strasbourg, spécialité Plasturgie",14
H1206,RNCP40774,"Ingénieur diplômé de l’école polytechnique de Nantes Université, spécialité Matériaux",14
H1206,RNCP40946,Ingénieur diplômé de l’Ecole nationale supérieure de chimie de Paris (ENSCP),14
H1206,RNCP42732,"Ingénieur diplômé de l’école polytechnique universitaire de l'université d'Orléans, spécialité Systèmes d'information pour le bâtiment",14
K2402,RNCP40544,Sciences et Ingénierie- Biotechnologies,3
M1803,RNCP41877,Consultant en systèmes d'information (MS),2
M1802,RNCP41265,"Ingénieur diplômé de l'institut national des sciences appliquées de Rennes, spécialité informatique",13
M1802,RNCP42590,"Ingénieur diplômé de l'université de Toulouse, spécialité Télécommunications et réseaux",13
C1202,RNCP42571,Science de la donnée,12
M1703,RNCP37386,Droit et management des vins et des spiritueux (fiche nationale),7
M1201,RNCP40637,"Ingénieur spécialisé en Management électricité et numérique, diplômé de l'Ecole nationale supérieure du pétrole et des moteurs",12
C1202,RNCP41266,Ingénieur diplômé de l'École Nationale de la Statistique et de l'Administration Économique ,12
M1704,RNCP41863,Métiers de la santé : Management des établissements d'hydrothérapie (fiche nationale),2
D1402,RNCP41822,"Diplôme de responsable en marketing, commercialisation et gestion",1
H1206,RNCP38084,Ingénieur diplômé de l'école nationale supérieure des technologies et industries du bois de l'université de lorraine,14
H1206,RNCP42015, Diplôme de l'Ecole Polytechnique - Science et technologie (délivré à titre international),14
H1206,RNCP42242,"Ingénieur diplômé de l'Institut national des sciences appliquées de Lyon, spécialité matériaux",14
M1805,RNCP41990,Chef de projets développement web,26
M1805,RNCP42521,Expert en jumeaux numériques,26
M1707,RNCP37332,Manager marketing data et commerce électronique (MS) ,3
M1805,RNCP38018,Chef de projet digital,26
M1805,RNCP39148,Ingénieur diplômé de l’École nationale supérieure en systèmes avancés et réseaux de l’Institut polytechnique de Grenoble ,26
M1805,RNCP40122,"Ingénieur diplômé de l’école polytechnique universitaire de l’université de Tours, spécialité informatique ",26
M1805,RNCP42324,Expert en solutions et transformation no code/low code,26
M1805,RNCP40103,"Métiers du numérique : conception, rédaction et réalisation web (fiche nationale)",26
M1805,RNCP40106,Métiers de l'informatique : applications web (fiche nationale),26
M1805,RNCP41155,"Ingénieur diplômé de Télécom SudParis de l'Institut Mines-Télécom, spécialité informatique et réseaux (Institut Polytechnique de Paris)",26
M1805,RNCP42398,"Ingénieur diplômé de l’École nationale supérieure d’ingénieurs de Bretagne Sud de l’université de Bretagne-Sud, spécialité Informatique et cybersécurité",26
M1804,RNCP38128,Chargé d'affaires réseaux,1
M1804,RNCP41066,Ingénieur diplômé de l'ECAM-EPMI,1
M1703,RNCP42616,Chargé de développement en oenotourisme et spiritourisme ,7
D1406,RNCP36105,Master intégré franco-allemand en management (fiche nationale),5
D1406,RNCP41054,SKEMA Programme Grande Ecole,5
C1206,RNCP41400,CQP Chargé d'affaires agriculture/viticulture ,1
M1702,RNCP40157,Styliste Modéliste,6
K1501,RNCP38201,Administration et liquidation d'entreprises en difficulté (fiche nationale),1
H2502,RNCP36229,Manager d’affaires dans l’énergie et la transition énergétique (MS),2
H1206,RNCP39094,Manager de l’innovation et du développement entrepreneurial (MS),14
H1206,RNCP40324,Sciences de la vision (fiche nationale),14
H1206,RNCP41157,"Ingénieur spécialisé en Energie et produits, diplômé de l'Ecole nationale supérieure du pétrole et des moteurs",14
H1206,RNCP41273,Ingénieur diplômé de l’Institut supérieur de mécanique de Paris,14
H1206,RNCP35783,"Ingénieur de l'école nationale supérieure des sciences appliquées et de technologie, spécialité Systèmes Numériques",14
H1206,RNCP40755,Chimie et physique des matériaux (fiche nationale),14
H1206,RNCP42235,"Ingénieur diplômé de l’Ecole Polytechnique Universitaire de l’Université Lyon-I, spécialité mécanique",14
H1206,RNCP42487,Expert en numérisation des systèmes et processus de production,14
M1201,RNCP38925,Manager des risques (MS),12
M1201,RNCP42404,Economie quantitative,12
M1201,RNCP36596,Expert financier,12
M1201,RNCP37721,Diplôme en Comptabilité et gestion financière,12
M1801,RNCP42532,Administrateur système DevOps,9
H2605,RNCP38664,Agent de montage et de câblage en électronique,1
M1810,RNCP37215,Développement et exploitation de parcs informatiques,10
M1805,RNCP37579,"Ingénieur diplômé de l'Ecole polytechnique universitaire d'Aix-Marseille Université, spécialité ""Informatique""",26
M1805,RNCP41154,Ingénieur diplômé de Télécom SudParis de l'Institut Mines-Télécom (Institut Polytechnique de Paris),26
M1805,RNCP41922,"Ingénieur diplômé de l'école supérieure d'ingénieurs Réunion océan Indien de l'université de La Réunion, spécialité informatique",26
H1402,RNCP40784,Ingénieur diplômé de l’Institut Supérieur de l’Automobile et des Transports de l'Université Bourgogne Europe  - spécialité  Génie Industriel,1
H1402,RNCP41159,Ingénieur diplômé de l’école d’ingénieurs Jules Verne de l'université d'Amiens spécialité génie énergétique et environnement,1
H1402,RNCP41199,"Ingénieur diplômé de l’Ecole nationale supérieure de l’électronique et de ses applications, spécialité électronique et informatique industrielle",1
H1206,RNCP39904,"Ingénieur diplômé de l'Ecole d'ingénieurs Denis-Diderot de l'Université Paris Cité, spécialité Génie Physique",14
M1803,RNCP41171,"Ingénieur diplômé de l’institut des sciences et techniques des Yvelines de l’université de Versailles-Saint-Quentin-en-Yvelines, spécialité informatique",2
H2502,RNCP37594,"Ingénieur diplômé de l'Université de technologie de Troyes, spécialité Matériaux et Mécanique",2
H2502,RNCP38849,"Ingénieur diplômé de l'Ecole Nationale Supérieure des Mines de Saint-Etienne, Institut Mines Telecom, spécialité Energétique",2
M1805,RNCP42535,"Ingénieur diplômé de l’Ecole polytechnique universitaire de l’Institut polytechnique de Grenoble, spécialité Informatique et électronique",26
M1802,RNCP40573,Expert en informatique et systèmes d’information,13
M1802,RNCP42394,Ingénieur diplômé d'ECAM LaSalle,13
M1707,RNCP37068,Manager du développement d'affaires en agrobusiness,3
M1707,RNCP38755,Diplôme supérieur en développement digital et commercial ,3
M1707,RNCP40352,Manager du développement international,3
M1802,RNCP40203,Ingénieur diplômé de l'école nationale supérieure de cognitique de l’institut polytechnique de Bordeaux,13
M1802,RNCP40329,Métiers de l'informatique : conduite de projets  (fiche nationale),13
M1802,RNCP41156,Ingénieur diplômé de l'Ecole publique d'Ingénieurs de la santé et du numérique (EPISEN) de l'université Paris Est Créteil Val-de-Marne Spécialité Systèmes d’information ,13
M1802,RNCP41237,Ingénieur diplômé de l'Ecole d'ingénieurs Jules Verne de l'université d'Amiens spécialité technologie de l'information pour la santé,13
M1805,RNCP40614,Ingénieur diplôme de l'ECAM Rennes Louis de Broglie spécialité Systèmes numériques,26
M1403,RNCP38297,Economie du travail et des ressources humaines (fiche nationale),1
M1403,RNCP39591,Manager en data marketing,1
M1403,RNCP42384,Economie et finance,1
H1206,RNCP35463,Génie Mécanique et productique : Innovation pour l'industrie,14
H1206,RNCP40105,Biomécanique (fiche nationale),14
H1206,RNCP40205,"Ingénieur diplômé de l'École nationale supérieure des mines de Saint-Étienne de l'institut Mines-Télécom, spécialité microélectronique et informatique",14
H1206,RNCP40734,Ingénieur diplômé de l’Institut supérieur d’agriculture - JUNIA,14
H1206,RNCP40760,"Ingénieur diplômé de l’Ecole Polytechnique Universitaire de l'Université de Montpellier, spécialité Matériaux",14
M1805,RNCP39389,Consultant green IT,26
M1805,RNCP39618,Concepteur développeur d'applications web,26
M1803,RNCP37843,Directeur de la donnée (chief data officer),2
M1503,RNCP42639,Manager des ressources humaines,1
M1203,RNCP40705,Assistance à la gestion des organisations et de leurs activités,4
C1202,RNCP35963,Responsable conformité,12
H1206,RNCP38009,Directeur de projet en énergie (MS),14
H1206,RNCP39910,Ingénieur diplômé de l’école supérieure du bois,14
M1802,RNCP40147,Expert en systèmes d'information,13
H1210,RNCP39313,"Santé, environnement : techniques de laboratoire (fiche nationale)",1
D1406,RNCP36392,Responsable export des vins et spiritueux ,5
M1810,RNCP42149,Data engineer,10
M1707,RNCP36437,Diplôme d’études supérieures en management des affaires internationales (CESEM),3
M1707,RNCP38130,Directeur d'activités,3
M1707,RNCP40258,Responsable technico-commercial agricole,3
M1707,RNCP41190,Diplôme d’Etudes Avancées en Commerce International - DEACI,3
D1102,RNCP38250,CQP Boulanger ,1
M1802,RNCP42157,Expert en ingénierie des données,13
M1802,RNCP42237,"Ingénieur diplômé de l'École supérieure angevine d'informatique et de productique, spécialité informatique et réseaux",13
M1805,RNCP35353,"Qualité, Logistique Industrielle et Organisation : Management de la transformation digitale",26
M1805,RNCP41445,Expert en cybersécurité (MS),26
M1502,RNCP36190,Chargé de projets en développement des compétences,3
M1810,RNCP40116,Informatique (fiche nationale),10
M1810,RNCP42147,Expert en ingénierie de l'intelligence artificielle et des applications,10
M1801,RNCP36061,Administrateur système DevOps,9
M1801,RNCP41773,"Technicien d'infrastructures numériques durables, sécurisées et responsables",9
M1804,RNCP40698,Chargé d'études de réseaux de télécommunications,1
M1703,RNCP36352,Diplôme - Programme Grande Ecole (ESSCA),7
M1703,RNCP38756,Diplôme en Management International des Affaires,7
K1903,RNCP40682,Juriste d'affaires,2
M1207,RNCP39013,"Econométrie, statistiques (fiche nationale)",3
M1101,RNCP39772,Responsable des achats,1
H1206,RNCP37955,"Ingénieur diplômé de l'Université de technologie de Troyes, spécialité Automatique et informatique industrielle",14
M1501,RNCP41561,Gestion administrative et commerciale des organisations : Management des fonctions supports,4
M1501,RNCP37948,Gestionnaire de paie,4
H2502,RNCP36181,"Ingénieur diplômé de l’école nationale supérieure en génie des technologies industrielles de l’université de pau, spécialité énergétique",2
H2502,RNCP38084,Ingénieur diplômé de l'école nationale supérieure des technologies et industries du bois de l'université de lorraine,2
H2502,RNCP38321,"Ingénieur diplômé de l'Institut Supérieur de l'Electronique et du Numérique, spécialité électronique et informatique industrielle",2
M1201,RNCP41379,Ingénieur diplômé de l'Université Paris XIII spécialité Mathématiques Appliquées,12
H1206,RNCP38981,Ingénierie des systèmes complexes (fiche nationale),14
H1206,RNCP41270,Ingénieur diplômé de l’Ecole nationale des ponts et chaussées,14
G1302,RNCP41997,Manager de projets événementiels et touristiques,12
M1801,RNCP40982,Géomatique (fiche nationale),9
M1810,RNCP38837,Expert en systèmes d'information sécurisés (Cloud ou Big Data),10
M1801,RNCP40116,Informatique (fiche nationale),9
M1801,RNCP42590,"Ingénieur diplômé de l'université de Toulouse, spécialité Télécommunications et réseaux",9
H1206,RNCP40511,Ingénieur diplômé de l’Ecole de Biologie Industrielle (EBI),14
H1206,RNCP40736,Ingénieur diplômé de l’Institut supérieur de l’électronique et du numérique - JUNIA,14
H1206,RNCP40957,"Ingénieur diplômé de Télécom Saint-Etienne de l'Université de Saint-Etienne, spécialité informatique et électronique",14
H1206,RNCP41373,"Ingénieur diplômé de l'institut national des sciences appliquées de Rennes, spécialité électronique et télécommunications",14
F1101,RNCP36018,Dessinateur concepteur BIM bâtiment et architecture,1
I1306,RNCP37461,Monteur dépanneur en climatisation ,1
M1802,RNCP41075,"Ingénieur diplômé de l'université de Toulouse, spécialité Télécommunications et réseaux informatiques",13
M1802,RNCP42520,Expert DevOps,13
M1810,RNCP42546,"Ingénieur diplômé de l'École Supérieure de Chimie, Physique, Électronique de Lyon, spécialité informatique et réseaux",10
M1403,RNCP40982,Géomatique (fiche nationale),1
M1802,RNCP41378,Ingénieur diplômé de l'Université Paris XIII spécialité Informatique,13
K2402,RNCP42397,"Ingénieur de l'école nationale supérieure d'ingénieurs du Mans de l'université du Mans, spécialité acoustique et instrumentation",3
M1802,RNCP36075,Administrateur systèmes et réseaux,13
M1802,RNCP36909,Manager du numérique et du système d’information,13
K1601,RNCP40317,Métiers des bibliothèques et de la documentation 	(fiche nationale),1
M1801,RNCP42503,Spécialiste en cybersécurité,9
M1204,RNCP35918,Contrôle de gestion et audit organisationnel  (fiche nationale),3
A1303,RNCP39185,"Biodiversité, écologie et évolution (fiche nationale)",1
A1303,RNCP39915,"Ingénieur diplômé de l’Institut Agro Rennes-Angers de l’Institut national d’enseignement supérieur pour l’agriculture, l’alimentation et l’environnement (Institut Agro), spécialité agronomie",1
E1105,RNCP40843,Directeur de création en design graphique,2
M1703,RNCP38759,"Diplôme d'études supérieures en management, sciences humaines et sciences appliquées",7
M1703,RNCP40641,Manager de l'innovation (MS),7
K2112,RNCP40663,Coach professionnel,1
M1704,RNCP42683,Manager international mode et luxe,2
D1506,RNCP37164,Manager Marketing,1
M1801,RNCP41165,"Ingénieur diplômé de CentraleSupélec, spécialité Cybersécurité",9
M1502,RNCP39786,Coach professionnel,3
M1207,RNCP42510,Responsable en gestion d'activité ,3
I1101,RNCP38212,Ingénieur diplômé de l'Ecole nationale du génie de l'eau et de l'environnement de Strasbourg,1
H1206,RNCP39383,Expert en modélisation numérique des systèmes et processus industriels (MS),14
H1206,RNCP40750,Ingénieur diplômé de l'EPF,14
H1206,RNCP40969,"ingénieur diplômé de l'Institut national des sciences appliquées de Lyon, spécialité génie électrique",14
H1210,RNCP37711,Sciences de la vigne et du vin (fiche nationale),1
H1210,RNCP38127,Assistant technique des industries aromatiques et cosmétiques,1
H1210,RNCP40755,Chimie et physique des matériaux (fiche nationale),1
M1707,RNCP41044,Programme grande école,3
H1206,RNCP37977,"Ingénieur diplômé de l'Institut national des sciences appliquées de Strasbourg, spécialité mécanique",14
H1206,RNCP40742,"Sciences et Ingénierie, Energétique et Environnement",14
H1206,RNCP42607,Ingénieur diplômé de l’Institut supérieur d’études logistiques de l’Université du Havre spécialité Génie énergétique et électrique,14
M1804,RNCP37578,"Ingénieur diplômé de l'Ecole polytechnique universitaire de l'Université d'Aix-Marseille, spécialité Systèmes numériques",1
C1206,RNCP39610,Conseiller de clientèle particulier et professionnel en banque et assurance,1
D1406,RNCP38446,CQP Manager d'équipe commerciale en commerces de gros,5
M1805,RNCP38068,"Diplôme d’études supérieures en IA, Data et Management",26
M1805,RNCP40419,"Ingénieur diplômé de l'Ecole Nationale Supérieure des Mines de Saint-Etienne de l'institut Mines-Telecom, spécialité Systèmes Electroniques Embarqués",26
M1805,RNCP40551,Chef de projets en intelligence artificielle et sciences des données (MS),26
M1805,RNCP40677,Product builder no-code,26
M1501,RNCP41181,RH et transformation digitale,4
H2502,RNCP39895,"Ingénieur diplômé de l'institut national des sciences appliquées de Rouen, spécialité Génie Energétique",2
H2502,RNCP40128,Ingénieur diplômé de Télécom Saint-Étienne de l'Université de Saint-Étienne,2
H2502,RNCP40355,Manager de projet en économie circulaire de matières plastiques et autres matériaux (MS),2
H2502,RNCP40730,Ingénieur diplômé de l’Ecole Centrale de Lille de Centrale Lille Institut,2
H1206,RNCP39450,"Titre ingénieur - Ingénieur diplômé de l’école polytechnique universitaire de l'université Côte d'Azur, spécialité Génie Biologique",14
H1206,RNCP40769,"Ingénieur spécialisé en Développement et exploitation des gisements, diplômé de l'Ecole nationale supérieure du pétrole et des moteurs ",14
H1206,RNCP41386,Créateur industriel,14
H1206,RNCP42521,Expert en jumeaux numériques,14
H1206,RNCP42379,"Ingénieur diplômé de l’ENSIL-ENSCI de l'Université de Limoges, spécialité mécatronique",14
H1101,RNCP41260,"Ingénieur diplômé de l’école nationale supérieure en génie des technologies industrielles de l’université de Pau, spécialité énergétique",1
H1101,RNCP42545,"Ingénieur diplômé de l’Ecole supérieure de chimie, physique, électronique de Lyon (CPE), spécialité Génie des procédés",1
I1401,RNCP40653,Développeur blockchain,1
M1801,RNCP41278,Sciences et ingénierie - Cybersécurité des systèmes numériques,9
M1801,RNCP39781,Expert réseaux infrastructures et sécurité,9
M1801,RNCP40943,"Ingénieur diplômé de l'Université de Technologie de Compiègne, spécialité Informatique",9
H1402,RNCP38537,"Ingénieur diplômé de l’Institut National des Sciences Appliquées de Strasbourg, spécialité Mécatronique",1
H1402,RNCP40016, Ingénieur diplômé de l’Ecole nationale supérieure de génie industriel de l’Institut polytechnique de Grenoble (Université Grenoble Alpes),1
H1206,RNCP38983,Physique appliquée et ingénierie physique (fiche nationale),14
H1206,RNCP42445,"Ingénieur diplômé du Conservatoire national des art et métiers, spécialité Aéronautique et espace",14
M1703,RNCP39422,Diplome en gestion et marketing ,7
I1310,RNCP39874,CQP Technicien de maintenance d’appareils de chauffage au gaz,1
I1310,RNCP42059,CQP Mécanicien en machines tournantes sous pression,1
M1707,RNCP38808,Responsable d'activité commerciale et marketing ,3
C1401,RNCP38750,Diplôme de Gestion et de Management des Entreprises,2
K2111,RNCP36190,Chargé de projets en développement des compétences,3
M1703,RNCP40349,Manager marketing et communication,7
M1703,RNCP41475,Manager de la stratégie digitale marketing et commerciale,7
M1801,RNCP36462,Technicien systèmes réseaux et sécurité,9
M1201,RNCP35918,Contrôle de gestion et audit organisationnel  (fiche nationale),12
M1201,RNCP42730,Ingénieur diplômé de l’École nationale supérieure d'informatique et de mathématiques appliquées de l'Institut polytechnique de Grenoble,12
M1704,RNCP39428,Diplôme d’études supérieures en commerce et gestion,2
M1203,RNCP41261,"Finance, administration, comptabilité",4
M1810,RNCP35455,Réseaux & Télécommunications : Cybersécurité,10
M1703,RNCP37047,Manager en biotechnologies,7
C1202,RNCP39018,Economie et gestion (fiche nationale),12
H1208,RNCP39453,"Ingénieur diplômé de l’École Nationale Supérieure d’Ingénieurs de l’Université de Poitiers, spécialité Energétique et Environnement",3
M1101,RNCP42496,Manager achats et approvisionnement,1
M1204,RNCP41193,Diplôme Supérieur en Marketing Commerce et Gestion,3
H2502,RNCP39904,"Ingénieur diplômé de l'Ecole d'ingénieurs Denis-Diderot de l'Université Paris Cité, spécialité Génie Physique",2
H1101,RNCP40512,Sciences et Ingénierie - Génie Industriel et Systèmes Numériques,1
H1101,RNCP42716,"Ingénieur diplômé de l'Ecole nationale supérieure des Mines de Saint-Etienne de l'institut Mines-Telecom, spécialité Systèmes électroniques embarqués",1
H1402,RNCP42288,"Ingénieur diplômé de l’École polytechnique universitaire de l'université Lyon-I, spécialité génie industriel ",1
M1810,RNCP41807,"Administrateur des systèmes, réseaux et sécurité",10
M1803,RNCP42539,"Ingénieur diplômé de l'Ecole polytechnique universitaire de l'Institut polytechnique de Grenoble, spécialité Informatique",2
H2502,RNCP40693,Ingénieur diplômé de l'Ecole d'ingénieurs en génie des systèmes industriels (EIGSI),2
H2502,RNCP41173,"Ingénieur de l'institut des sciences et techniques des Yvelines de l'université de Versailles-Saint-Quentin-en-Yvelines, spécialité systèmes numériques et production industrielle",2
M1707,RNCP38146,Responsable commercial,3
M1707,RNCP38913,Ingénieur d’affaires,3
M1707,RNCP42673,Diplôme supérieur en management,3
K1601,RNCP38695,Langues et sociétés (fiche nationale),1
M1204,RNCP36326,Sciences du management  - Diplôme d'études supérieures en développement international et entrepreneuriat,3
M1204,RNCP41492,Responsable en comptabilité et contrôle de gestion,3
M1703,RNCP40886,Chef de projet multimédia,7
M1703,RNCP41057,Programme Grande Ecole,7
M1703,RNCP41252,Ingénieur diplômé de l'Ecole d'Ingénieurs de Purpan,7
M1704,RNCP37375,"Métiers de l’esthétique, de la cosmétique et de la parfumerie",2
M1502,RNCP41347,Coach Professionnel,3
I1101,RNCP35703,"Ingénieur diplômé de l’école polytechnique universitaire de l'université d'Angers, spécialité bâtiment et sécurité",1
H1210,RNCP40537,"Ingénieur diplômé d’ECAM LaSalle, spécialité énergétique",1
M1502,RNCP38297,Economie du travail et des ressources humaines (fiche nationale),3
M1502,RNCP38824,Manager en ressources humaines,3
M1804,RNCP41613,Réseaux & télécommunications : Internet des objets et mobilité,1
H2502,RNCP40734,Ingénieur diplômé de l’Institut supérieur d’agriculture - JUNIA,2
H2502,RNCP41439,Responsable amélioration continue en industrie,2
H2502,RNCP42603,"Ingénieur diplômé de l'Ecole nationale supérieure des ingénieurs en arts chimiques et technologiques, spécialité génie des procédés",2
H2502,RNCP42752,"Ingénieur diplômé de l’Ecole supérieure d’ingénieurs en agroalimentaire de Bretagne Atlantique de Bretagne INP, spécialité agroalimentaire",2
H1206,RNCP39276,"Titre ingénieur - Titre ingénieur diplômé de l’école polytechnique universitaire de Sorbonne Université, spécialité Génie Mécanique",14
H1206,RNCP39700,"Sciences de la Terre et des planètes, environnement (fiche nationale)",14
H1402,RNCP38682,Mécanique (fiche nationale),1
H1402,RNCP39056,"Ingénieur diplômé du Conservatoire national des arts et métiers, spécialité Mécanique",1
H1402,RNCP40959,"Ingénieur spécialisé en Intégration d'innovations pour l'industrie, diplôme de l'Ecole nationale supérieure des mines de Saint-Etienne de l'Institut Mines-Télécom",1
M1802,RNCP41823,Ingénieur diplômé de l’ESIEE IT - CCI Paris Ile-de-France Éducation,13
M1802,RNCP42548,"Ingénieur diplômé de l'école nationale supérieure des mines d'Alès de l'Institut Mines-Télécom, spécialité informatique et réseaux",13
H2502,RNCP35367,Génie Biologique : Biologie Médicale et Biotechnologie,2
H2502,RNCP41923,"Ingénieur diplômé de l'école supérieure d'ingénieurs Réunion océan Indien de l'université de La Réunion, spécialité agroalimentaire",2
M1802,RNCP40612,"Ingénieur diplômé du CESI, spécialité informatique",13
I1310,RNCP37276,Electromécanicien de maintenance industrielle,1
M1707,RNCP39157,Digital et Business International,3
K2111,RNCP39402,"Sciences, Enseignement, Médiation (fiche nationale)",3
K2111,RNCP41347,Coach Professionnel,3
K2111,RNCP42466,Concepteur pédagogique e-learning,3
K2402,RNCP38982,Acoustique (fiche nationale),3
A1303,RNCP42751,Ingénieur diplômé de l'Ecole d'ingénieurs de Purpan,1
D1406,RNCP38755,Diplôme supérieur en développement digital et commercial ,5
M1401,RNCP38717,Gestion,1
M1503,RNCP38836,Responsable du développement des ressources humaines ,1
M1503,RNCP39023,Psychologie (Fiche nationale),1
M1703,RNCP35961,Manager de Business Unit,7
I1101,RNCP41893,Chef d’équipe d’exploitation et de maintenance des systèmes d’armes et installations automatisées,1
M1202,RNCP37721,Diplôme en Comptabilité et gestion financière,1
M1202,RNCP42665,"Diplôme d'études supérieures spécialisées en audit, finance et contrôle de gestion",1
M1502,RNCP42518,Manager du développement des ressources humaines (MDRH),3
M1501,RNCP36628,Gestionnaire paie et administration sociale ,4
K1703,RNCP36993,Responsable en planification et conduite des opérations aéromaritimes,1
M1102,RNCP39399,Acheteur,3
H1206,RNCP36544,DESV - Diplômes d’études spécialisées vétérinaires spécialité sciences et médecine des animaux de laboratoire,14
H1206,RNCP42393,"Ingénieur diplômé de l'école nationale supérieure d’électronique, informatique, télécommunications, mathématique et mécanique de Bordeaux de l’institut polytechnique de Bordeaux, spécialité systèmes électroniques embarqués",14
H1402,RNCP40269,Responsable génie des bioprocédés pharmaceutiques,1
H1402,RNCP42375,"Ingénieur diplômé de l'école polytechnique universitaire de l'Université d'Orléans, spécialité Génie mécanique et production",1
K2111,RNCP38807,Formateur animateur,3
M1403,RNCP41270,Ingénieur diplômé de l’Ecole nationale des ponts et chaussées,1
M1403,RNCP42730,Ingénieur diplômé de l’École nationale supérieure d'informatique et de mathématiques appliquées de l'Institut polytechnique de Grenoble,1
K1601,RNCP38617,Médiathécaire documentaliste,1
K1601,RNCP39042,"Recherches comparatives en anthropologie, histoire, et sociologie (fiche nationale)",1
D1406,RNCP41663,Chargé de développement commercial,5
M1503,RNCP37716,Programme Grande Ecole,1
M1704,RNCP42388,Diplôme de responsable du marketing et du développement commercial ,2
M1203,RNCP41655,Gestionnaire de paie,4
M1203,RNCP42027,Comptable des services financiers ,4
M1102,RNCP38496,Manager des achats et de la supply Chain,3
M1102,RNCP41707,Manager des achats et de la supply chain ,3
D1402,RNCP37717,Conseiller commercial,1
M1801,RNCP35970,Chef de projet informatique,9
M1801,RNCP40347,Architecte cybersécurité et internet des objets (MS),9
M1804,RNCP39053,"Ingénieur diplômé du Conservatoire national des arts et métiers, spécialité Télécommunications et réseaux",1
D1406,RNCP40504,Management des activités commerciales (fiche nationale),5
M1204,RNCP41685,Chargé de gestion comptable et financière,3
M1501,RNCP39023,Psychologie (Fiche nationale),4
H2502,RNCP40200,"Ingénieur diplômé de l’École Centrale de Nantes, spécialité Mécanique",2
H2502,RNCP41640,Expert en systèmes et ouvrages hydrauliques (MS) ,2
M1605,RNCP40107,Métiers de la gestion et de la comptabilité : comptabilité et paie (fiche nationale),1
I1302,RNCP37221,Pilote de lignes de production automatisées,1
D1403,RNCP41465,"Vendeur agenceur de cuisine, salle de bains et rangement",2
M1803,RNCP42504,Expert en sécurité des systèmes d'information,2
F1104,RNCP40412,Diplôme d'Etat de paysagiste,1
M1502,RNCP39777,Manager des ressources humaines,3
K1903,RNCP41134,Clerc Assistant,2
M1804,RNCP40534,"Ingénieur diplômé de l'École Supérieure de Chimie, Physique, Électronique de Lyon, spécialité informatique et réseaux",1
K1903,RNCP39771,CQP Clerc gestionnaire,2
H1206,RNCP37585,Diplômes d’études spécialisées vétérinaires spécialité Elevage et pathologie des équidés : option biomécanique et pathologie locomotrice,14
H1206,RNCP42706,"Ingénieur diplômé de l'Institut national des sciences appliquées de Toulouse, spécialité génie biologique",14
H2502,RNCP39307,"Ingénieur diplômé du Conservatoire national des art et métiers, spécialité Aéronautique et espace ",2
H2502,RNCP40865,Concepteur et manager de la supply chain (MS),2
H1101,RNCP42442,"Ingénieur diplômé du Conservatoire national des arts et métiers, spécialité Matériaux, emballage et conditionnement",1
I1302,RNCP38787,CQP Technicien de maintenance et entretien des outillages en plasturgie,1
M1707,RNCP39987,Manager du développement international,3
K1601,RNCP38585,Délégué à la protection des données (MS),1
A1303,RNCP39346,CQP Conducteur d’agroéquipements,1
I1605,RNCP39933,Brevet d'officier électrotechnicien,1
D1402,RNCP41624,Techniques de commercialisation : Marketing et management du point de vente,1
D1402,RNCP42390,Développeur commercial et marketing,1
M1804,RNCP38656,Ingénieur diplômé d'EURECOM,1
H1208,RNCP42451,"Ingénieur diplômé de l’École nationale supérieure d'arts et métiers, spécialité mécanique et robotique",3
K1903,RNCP40844,Juriste d'entreprise,2
M1101,RNCP39987,Manager du développement international,1
K1703,RNCP39051,"Responsable en management des organisations : option ""Diriger une entité opérationnelle"" - option ""Coordonner des activités de management stratégique""",1
H2502,RNCP38997,Réseaux et télécommunication (fiche nationale),2
H1101,RNCP42723,"Ingénieur diplômé de l'Ecole nationale supérieure d'électrotechnique, d'électronique, d'informatique, d'hydraulique et des télécommunications, de l'Institut national polytechnique de Toulouse- Spécialité électronique et génie électrique",1
H1402,RNCP38467,CQP Chargé d'intégration de la productique industrielle,1
H1402,RNCP41137,CQP Coordonnateur Lean et amélioration continue,1
H1402,RNCP41269," Ingénieur diplômé de l’ENSIL-ENSCI de l'Université de Limoges, Spécialité Matériaux",1
H2502,RNCP41169,"Ingénieur de l'école nationale supérieure des sciences appliquées et de technologie, spécialité photonique et électronique",2
H2502,RNCP42543,"Ingénieur diplômé de l’école nationale supérieure d’ingénieurs de Reims de l’université de Reims, spécialité emballage et conditionnement",2
M1707,RNCP37691,Langues et commerce international (fiche nationale),3
M1707,RNCP42680,"Diplôme supérieur en marketing, commerce et gestion ",3
K2111,RNCP39693,Etudes sur le genre (fiche nationale),3
M1403,RNCP39001,Sciences économiques et sociales (fiche nationale),1
M1403,RNCP39775,Expert en ingénierie et science des données,1
H1210,RNCP42551,Technicien de laboratoire,1
M1707,RNCP37386,Droit et management des vins et des spiritueux (fiche nationale),3
M1707,RNCP40933,"Ingénieur diplômé de l’Institut Polytechnique UniLaSalle, spécialité Agronomie et Agro-Industries",3
M1202,RNCP42675,Programme grande école,1
K2402,RNCP37952,"Ingénieur diplômé de l'Ecole supérieure de chimie, physique, électronique de Lyon (CPE), spécialité génie physique et microélectronique",3
M1101,RNCP41548,Carrières juridiques : Administration et justice,1
H2502,RNCP36529,Manager de la chaîne logistique durable,2
H2502,RNCP42437,"Ingénieur diplômé de l'école nationale supérieure d'arts et métiers, spécialité mécanique et production",2
H1101,RNCP36462,Technicien systèmes réseaux et sécurité,1
H1402,RNCP37961,"Ingénieur diplômé de l’école polytechnique de l'université de Lorraine, spécialité Energétique et mécanique",1
H1402,RNCP39045,"Ingénieur diplômé de l’école d’ingénieurs de l’université de Caen, spécialité génie nucléaire",1
H2502,RNCP40759,"Ingénieur diplômé de l'Ecole Polytechnique Universitaire de l'Université de Montpellier, Spécialité Génie Biologique et Agroalimentaire",2
M1703,RNCP40715,Diplôme supérieur de management international de l'entreprise,7
I1302,RNCP42213,Technicien en automatisme et interfaces associées,1
M1707,RNCP36326,Sciences du management  - Diplôme d'études supérieures en développement international et entrepreneuriat,3
M1707,RNCP40810,Diplôme d'études supérieures de management international,3
A1303,RNCP36058,Ingénieur diplômé de l'ISTOM,1
M1503,RNCP38112,Manager des ressources humaines,1
M1704,RNCP39241,Manager opérationnel en hôtellerie de luxe ,2
M1203,RNCP37121,Comptable assistant,4
D1402,RNCP41042,Diplôme supérieur en commerce et marketing opérationnel,1
H1210,RNCP41856,Acoustique (fiche nationale),1
M1804,RNCP38108,Administrateur de systèmes et réseaux sécurisés,1
C1206,RNCP38815,Conseiller clientèle omnicanal bancassurance ,1
D1403,RNCP41485,Attaché commercial,2
H1402,RNCP40759,"Ingénieur diplômé de l'Ecole Polytechnique Universitaire de l'Université de Montpellier, Spécialité Génie Biologique et Agroalimentaire",1
H2906,RNCP42750,Métiers de l'usinage,1
M1503,RNCP42245,EBP international - Diplôme de l'école multinationale des affaires,1
M1704,RNCP41493,Responsable retail dans le luxe,2
M1807,RNCP40570,Expert en infrastructure de réseaux de télécommunication maritimes (MS),3
H2502,RNCP38536,"Ingénieur diplômé de l’Institut National des Sciences Appliquées Strasbourg, spécialité Plasturgie",2
H2502,RNCP41098,Expert en éco-innovation et nouvelles technologies de l'énergie (MS),2
L1505,RNCP39351,Opérateur de prise de vues - Cadreur,3
A1303,RNCP40825,"Ingénieur diplômé de l’école Institut Agro Montpellier de l’institut national d’enseignement supérieur pour l’agriculture, l’alimentation et l’environnement, spécialité agronomie",1
F1104,RNCP36239,Technicien d'études en agencement intérieur,1
I1605,RNCP40090,Polyvalent navigant pont/machine,1
M1703,RNCP37714,Programme Grande Ecole,7
M1703,RNCP38420,Ingénieur diplômé de l’école européenne d’ingénieurs en génie des matériaux de l’université de Lorraine,7
K2112,RNCP36189,Chargé d'évaluation en recrutement,1
M1704,RNCP41182,Diplôme en Gestion du Luxe,2
H1210,RNCP40815,Métiers de l'industrie : conception et amélioration de processus et procédés industriels (fiche nationale),1
M1804,RNCP39425,Expert en Ingénierie Informatique et Innovation Numérique,1
K2402,RNCP38963,Bio-géosciences (fiche nationale),3
K2402,RNCP38983,Physique appliquée et ingénierie physique (fiche nationale),3
K2108,RNCP40547,Histoire et philosophie des sciences (fiche nationale),1
H1101,RNCP40807,Métiers de la santé : technologies (fiche nationale),1
H1402,RNCP42462,"Ingénieur diplômé de l'école nationale supérieure des mines d'Alès de l'Institut Mines-Télécom, spécialité mécatronique",1
M1502,RNCP39870,Coach professionnel,3
L1505,RNCP39253,Auteur réalisateur,3
M1403,RNCP38298,Economie sociale et solidaire (fiche nationale),1
E1105,RNCP39494,Lettres (fiche nationale),2
M1502,RNCP40908,Chargé de développement ressources humaines,3
K2402,RNCP36096,Eco-épidémiologie (fiche nationale),3
M1204,RNCP36325,Diplôme d’études supérieures en management international,3
H1101,RNCP41576,Génie industriel et maintenance : Ingénierie des systèmes pluritechniques,1
H1208,RNCP40333,"Métiers de l'industrie : mécatronique, robotique (fiche nationale)",3
H1402,RNCP39850,Manager de la sécurité dans le système du transport aérien (MS),1
H1402,RNCP40778,"Ingénieur diplômé de l'école supérieure d'ingénieurs en innovation technologique (ESITech) de l'université de Rouen, spécialité génie physique et santé",1
H1402,RNCP42706,"Ingénieur diplômé de l'Institut national des sciences appliquées de Toulouse, spécialité génie biologique",1
M1803,RNCP36296,Expert en architectures systèmes-réseaux et en sécurité informatique,2
M1503,RNCP41092,Manager international des ressources humaines,1
I1605,RNCP37450,Mécanicien réparateur en marine de plaisance,1
I1605,RNCP41523,Technicien d'exploitation et de maintenance de systèmes énergie propulsion,1
D1506,RNCP37798,Responsable visuel merchandiser,1
D1402,RNCP39373,Vendeur conseiller commercial en équipements techniques,1
D1402,RNCP41195,"Diplôme Supérieur en Marketing, Commerce et Gestion",1
I1101,RNCP41211,"Ingénieur diplômé de l'institut national des sciences appliquées de Toulouse, spécialité génie civil",1
M1202,RNCP42671,Diplôme d’études supérieures de management stratégique d’activités internationales ,1
M1809,RNCP41874,Superviseur hydrographe,1
H1402,RNCP40456,"Ingénieur diplômé de l'ECAM Rennes - Louis de Broglie, spécialité Génie Industriel",1
M1803,RNCP35782,"Ingénieur de l'école nationale supérieure des sciences appliquées et de technologie, spécialité informatique",2
I1310,RNCP37165,CQP Mécanicien de maintenance en robinetterie industrielle,1
C1105,RNCP42700,"Ingénieur diplômé de l'Institut national des sciences appliquées de Toulouse, spécialité mathématiques appliquées",1
M1403,RNCP39015,Economie (fiche nationale),1
K2402,RNCP42218,Eco-épidémiologie (fiche nationale),3
M1503,RNCP42625,Coordinateur opérationnel au sein des organisations éducatives scolaires et /ou de formation,1
M1503,RNCP42672,Diplôme Programme grande école,1
E1105,RNCP39221,Designer en communication graphique éco-responsable,2
M1101,RNCP38066,"Diplôme Supérieur en Affaires Internationales, Négociation et Géopolitique",1
H2502,RNCP37959,"Ingénieur diplômé de l'Ecole nationale supérieure d’agronomie et des industries alimentaires de l'Université de Lorraine, spécialité Industries alimentaires",2
H2502,RNCP39255,Manager de la chaîne logistique,2
H2502,RNCP39435,Diplôme de Direction des activités et des projets dans un contexte international,2
H1402,RNCP41026,"Ingénieur spécialisé pour une industrie digitalisée, écoresponsable et efficiente des polymères et composites, diplômé de l’institut national des sciences appliquées de Lyon",1
C1102,RNCP39628,Conseiller en assurance,1
H2502,RNCP39668,"Ingénieur Diplômé de l'Ecole Nationale de Mécanique et d'Aérotechnique, spécialité Génie industriel pour l'Aéronautique et l'Espace",2
H2502,RNCP40022,Ingénieur diplômé de l’École Nationale Supérieure de Mécanique et des Microtechniques spécialité Mécanique,2
H2502,RNCP41316,Expert en management de projets de numérisation des systèmes et processus industriels,2
F1101,RNCP39657,"Ingénieur diplômé de l’école polytechnique universitaire de l’institut national polytechnique Clermont Auvergne, spécialité génie civil",1
I1306,RNCP40071,"Métiers de l'énergétique, de l'environnement et du génie climatique (fiche nationale)",1
I1302,RNCP39620,Technicien d’infrastructure informatique et sécurité,1
I1302,RNCP41895,Technicien d'exploitation et de maintenance des systèmes d'armes et installations automatisées,1
M1707,RNCP38763,Diplôme de Management International,3
M1707,RNCP41641,Manager expert de la filière équine (MS),3
M1707,RNCP36419,Programme Grande Ecole,3
M1707,RNCP42568,Diplôme d’études en affaires et économie internationales du luxe,3
M1403,RNCP39486,Mathématiques et informatique appliquées aux sciences humaines et sociales - MIASHS (fiche nationale),1
M1403,RNCP41065,Statistique et économie du risque (fiche nationale),1
A1303,RNCP40207,"Ingénieur diplômé de l’école polytechnique universitaire de l’université de Tours, spécialité génie de l’aménagement et de l’environnement ",1
M1503,RNCP38899,Chargé de gestion des ressources humaines,1
M1707,RNCP38067,"Diplôme supérieur en marketing, commerce et gestion",3
M1707,RNCP40349,Manager marketing et communication,3
M1202,RNCP41469,Expert du contrôle financier,1
H2502,RNCP36807,"Ingénieur diplômé de l’ENSIL-ENSCI de l'Université de Limoges, Spécialité Génie de l’Eau et Environnement",2
H2502,RNCP42713,"Titre ingénieur - Ingénieur diplômé de l'Institut supérieur de l'automobile et des transports de Nevers de l'université Bourgogne Europe, spécialité Génie industriel",2
H1101,RNCP37510,Conseiller technique clientèle en agroéquipement,1
M1605,RNCP36523,Assistant de gestion,1
H1402,RNCP39047,"Ingénieur diplômé de l’Ecole d’ingénieurs de l’université de Caen, spécialité  génie énergétique",1
H2502,RNCP39669,Titre ingénieur – ingénieur diplômé de l’Ecole Nationale Supérieure de Mécanique et des Microtechniques,2
H2502,RNCP41172,"Ingénieur diplômé de l’institut des sciences et techniques des Yvelines de l’université de Versailles-Saint Quentin en Yvelines, spécialité mécatronique",2
M1403,RNCP42571,Science de la donnée,1
M1204,RNCP36764,Programme grande école,3
M1204,RNCP39465,Programme Grande École de l'EM Strasbourg,3
M1803,RNCP37394,"Ingénieur de l'école nationale supérieure d'ingénieurs du Mans de l'université du Mans, spécialité informatique",2
M1803,RNCP40234,Expert big data engineer (MS),2
M1803,RNCP40757,"Ingénieur diplômé de l'Ecole Polytechnique Universitaire de l'Université de Montpellier, spécialité Informatique",2
M1803,RNCP42594,"Ingénieur diplômé du Conservatoire national des arts et métiers, spécialité Informatique ",2
F1104,RNCP38012,Designer en architecture d'intérieur,1
M1202,RNCP42357,Contrôle de gestion et audit organisationnel (fiche nationale),1
C1206,RNCP39619,Conseiller financier,1
C1102,RNCP39615,Chargé d'indemnisation en assurance,1
M1803,RNCP42398,"Ingénieur diplômé de l’École nationale supérieure d’ingénieurs de Bretagne Sud de l’université de Bretagne-Sud, spécialité Informatique et cybersécurité",2
I1310,RNCP39971,CQP Technicien de maintenance du secteur alimentaire,1
M1803,RNCP35568,"Ingénieur diplômé de l'École supérieure angevine d'informatique et de productique, spécialité informatique et réseaux",2
M1803,RNCP40239,Directeur de projets informatiques,2
M1401,RNCP39039,Démographie (fiche nationale),1
M1704,RNCP38938,Manager du marketing et de la relation client,2
H1210,RNCP42563,"Ingénieur diplômé de l'Ecole supérieure de chimie physique électronique de Lyon (CPE), spécialité électronique et informatique",1
C1206,RNCP35377,Gestion des entreprises et des administrations : gestion entrepreneuriat et management d’activités,1
H1208,RNCP42379,"Ingénieur diplômé de l’ENSIL-ENSCI de l'Université de Limoges, spécialité mécatronique",3
I1401,RNCP38817,Chef de projet digital,1
H1402,RNCP42379,"Ingénieur diplômé de l’ENSIL-ENSCI de l'Université de Limoges, spécialité mécatronique",1
J1411,RNCP42509,Prothésiste dentaire,1
M1707,RNCP40248,Responsable de la performance commerciale et du marketing digital,3
M1403,RNCP41124,Coordonnateur de projet de solidarités,1
F1104,RNCP39519,Technicien d'études du bâtiment en dessin de projet,1
M1401,RNCP35924,Gestion (fiche nationale),1
M1503,RNCP42638,Manager des ressources humaines,1
I1605,RNCP35988,CQP Opérateur de levage et manutention complexe en milieu industriel,1
D1402,RNCP40447,Responsable Développement Commercial et Marketing,1
M1403,RNCP39416,Mathématiques et applications (fiche nationale),1
M1403,RNCP41077,"Innovation, entreprise et société (fiche nationale)",1
K1601,RNCP40114,Lettres (fiche nationale),1
M1503,RNCP36421,Programme Grande Ecole de TBS Education ,1
M1503,RNCP41691,Responsable d'atelier de réparation de produits électroniques,1
H1210,RNCP41209,Ingénieur diplômé de l’École d’ingénieurs des sciences aérospatiales,1
M1804,RNCP42378,"Ingénieur diplômé de l’école d'ingénieurs ENSIL- ENSCI de l'université de Limoges, spécialité électronique et télécommunications",1
C1206,RNCP41435,CQP Directeur de caisse ou d'agence,1
C1106,RNCP42465,Manager des risques et des assurances de l'entreprise,1
H1402,RNCP40535,Ingénieur diplômé d’ECAM LaSalle,1
M1803,RNCP41418,Expert en ingénierie et sécurité des systèmes d'information,2
K2111,RNCP36210,Responsable de projets de formation,3
M1403,RNCP40703,Ingénieur diplômé de l’Ecole supérieure des Techniques Aéronautiques et de Construction Automobile,1
M1803,RNCP35705,"Ingénieur diplômé de l’école polytechnique universitaire de l'université d'Angers, spécialité génie biologique et santé ",2
M1803,RNCP39425,Expert en Ingénierie Informatique et Innovation Numérique,2
A1303,RNCP42301,Sciences et Ingénierie - Agronomie,1
M1503,RNCP41190,Diplôme d’Etudes Avancées en Commerce International - DEACI,1
M1704,RNCP41233,Diplôme Supérieur en Management du Marketing Digital,2
M1202,RNCP41059,Diplôme d'études supérieures spécialisées en Finance,1
H2502,RNCP35368,Génie Biologique : Science de l'Aliment et Biotechnologie,2
H1402,RNCP39093,Manager de l'amélioration continue (MS),1
H2502,RNCP41269," Ingénieur diplômé de l’ENSIL-ENSCI de l'Université de Limoges, Spécialité Matériaux",2
H2502,RNCP42717,Ingénieur diplômé de l'Ecole nationale supérieure des mines de Saint-Etienne de l'Institut Mines-Télécom,2
I1306,RNCP35846,Métiers du Froid et des Energies Renouvelables,1
M1403,RNCP40647,Consultant en intelligence économique,1
K1601,RNCP42643,Analyste stratégique Data & IA,1
A1303,RNCP39281,Sciences de l'eau (fiche nationale),1
M1503,RNCP42359,Gestion des ressources humaines (fiche nationale),1
H1210,RNCP36937,"Qualité, alimentation, innovation et maîtrise sanitaire (BIOQUALIM)",1
M1202,RNCP41046,Programme Grande Ecole,1
H1402,RNCP39307,"Ingénieur diplômé du Conservatoire national des art et métiers, spécialité Aéronautique et espace ",1
H1402,RNCP40764,"Ingénieur spécialisé en Ingénierie des chaines de traction, diplômé de l'Ecole nationale supérieure du pétrole et des moteurs",1
K2111,RNCP38695,Langues et sociétés (fiche nationale),3
M1403,RNCP38068,"Diplôme d’études supérieures en IA, Data et Management",1
D1506,RNCP39401,Visuel merchandiser retail,1
M1207,RNCP39973,Gestionnaire comptable et financier,3
H1210,RNCP40338,Préleveur en milieu naturel,1
I1307,RNCP40630,Chef d'équipe d'exploitation et de maintenance des systèmes d'opérations navales,1
H2502,RNCP35788,"ingénieur diplômé de l’Ecole supérieure d’ingénieurs en agroalimentaire de Bretagne atlantique de Bretagne INP, spécialité microbiologie et sécurité sanitaire",2
H2502,RNCP38326,"Ingénieur diplômé de l’Université de Perpignan, spécialité énergétique",2
H2502,RNCP41603,Métiers de la transition et de l'efficacité energétiques : Exploitation des installations énergétiques pour le bâtiment et l’industrie,2
H1402,RNCP38375,"Ingénieur diplômé de l’école d’ingénieur Paoli Tech de l’Université de Corse, spécialité Energétique",1
H1402,RNCP38684,"Instrumentation, mesure, métrologie (fiche nationale)",1
M1803,RNCP41075,"Ingénieur diplômé de l'université de Toulouse, spécialité Télécommunications et réseaux informatiques",2
H2502,RNCP39332,"Ingénieur diplômé de l’École Polytechnique Universitaire de Sorbonne Université, spécialité Agroalimentaire",2
H2906,RNCP38897,CQP Conducteur d'équipement industriel (CQPI),1
M1204,RNCP36735,Expert en audit interne et contrôle de gestion (MS),3
M1803,RNCP39775,Expert en ingénierie et science des données,2
M1503,RNCP41883,Manager ressources humaines,1
H1210,RNCP41593,Mesures physiques : Matériaux et contrôles physico-chimiques,1
K1903,RNCP36589,Expert en ingénierie patrimoniale internationale (MS),2
F1101,RNCP42596,Métiers du BTP : performance énergétique et environnementale des bâtiments (fiche nationale),1
C1105,RNCP39010,Actuariat (fiche nationale),1
K1601,RNCP40307,Métiers de l'information : veille et gestion des ressources documentaires,1
M1401,RNCP42262,"Sciences, humanités et société",1
D1402,RNCP41757,Conseil et commercialisation de solutions techniques ,1
H1210,RNCP41272,"Ingénieur diplômé de l’Ecole supérieure de chimie physique électronique de Lyon (CPE), spécialité chimie, génie des procédés",1
K1903,RNCP41496,Attaché juridique,2
H1402,RNCP38220,Ingénieur diplômé de l'école d'ingénieurs en sciences industrielles et numérique de l'université de Reims spécialité mécanique et génie industriel,1
H1402,RNCP38983,Physique appliquée et ingénierie physique (fiche nationale),1
C1102,RNCP40582,Chargé de clientèle,1
A1303,RNCP42507,Chef de projet environnement,1
H1210,RNCP35373,Génie Chimique-Génie des Procédés : Conception des Procédés et Innovation technologique,1
H1210,RNCP35494,"Chimie : Analyse, contrôle-qualité, environnement",1
M1804,RNCP40736,Ingénieur diplômé de l’Institut supérieur de l’électronique et du numérique - JUNIA,1
M1804,RNCP42237,"Ingénieur diplômé de l'École supérieure angevine d'informatique et de productique, spécialité informatique et réseaux",1
I1307,RNCP39053,"Ingénieur diplômé du Conservatoire national des arts et métiers, spécialité Télécommunications et réseaux",1
H1101,RNCP39899,Ingénieur diplômé de l'Institut supérieur de l’électronique et du numérique Yncréa Ouest,1
M1605,RNCP40113,Mathématiques (fiche nationale),1
I1401,RNCP41979,Technicien informatique systèmes et réseaux,1
H1402,RNCP36118,"Ingénieur diplômé ECAM LaSalle, spécialité Systèmes Numériques et Génie Industriel",1
H1402,RNCP37957,"Ingénieur diplômé de l’Ecole supérieure de chimie, physique, électronique de Lyon (CPE), spécialité Génie des procédés",1
H1402,RNCP38376,"Ingénieur diplômé de l'Ecole nationale supérieure des ingénieurs en arts chimiques et technologiques de l'Institut national polytechnique de Toulouse, spécialité matériaux",1
I1310,RNCP39210, Technicien en maintenance industrielle,1
M1503,RNCP42313,Chargé des ressources humaines,1
M1704,RNCP38886,Diplôme en management,2
M1704,RNCP39254,Community manager,2
D1402,RNCP39571,"Diplôme d’études supérieures en marketing, gestion commerciale et management international",1
D1106,RNCP38390,Services aux personnes et vente en espace rural,1
H1402,RNCP37047,Manager en biotechnologies,1
H1402,RNCP39845,Expert en management de projets industriels et en excellence opérationnelle,1
K2111,RNCP39842,Chargé de projets de formation et d'enseignement,3
A1303,RNCP41513,Élevage et transitions,1
M1503,RNCP40303,"Métiers de la GRH : formation, compétences et emploi (fiche nationale)",1
M1202,RNCP40252,Manager financier et contrôleur de gestion,1
C1206,RNCP39743,Attaché commercial,1
M1605,RNCP36837,Bureautique et multimédia (fiche nationale),1
I1401,RNCP37454,Technicien supérieur systèmes et réseaux ,1
F1101,RNCP38342,DEA - Diplôme d'Etat d'architecte ,1
E1306,RNCP41089,Graphiste Eco-concepteur,1
A1303,RNCP42576,Ingénieur diplômé de l'ISTOM,1
M1605,RNCP38625,Assistant d'administration commerciale (TPE/PME),1
F1101,RNCP41345,CQP Couvreur lauzier calcaire,1
C1105,RNCP42760,Ingénieur diplômé de CY Tech de CY Cergy Paris Université Spécialité Mathématiques appliquées,1
F1104,RNCP40032,Agencement (fiche nationale),1
M1503,RNCP39465,Programme Grande École de l'EM Strasbourg,1
M1503,RNCP41295,Manager des ressources humaines,1
D1506,RNCP41009,Diplôme d'Etudes Supérieures en Commerce et Management Opérationnel,1
M1804,RNCP38637,"Ingénieur diplômé de l'Ecole nationale supérieure Mines-Télécom Atlantique Bretagne-Pays de la Loire de l'Institut Mines-Télécom, spécialité réseaux et télécommunications",1
M1804,RNCP42724,"Ingénieur diplômé de l'Ecole nationale supérieure d'électrotechnique, d'électronique, d'informatique, d'hydraulique et des télécommunications, de l'Institut national polytechnique de Toulouse - Spécialité informatique et télécommunications",1
M1806,RNCP39577,Consultant en stratégie d'entreprise,251
M1806,RNCP41678,Opérateur en cybersécurité,251
M1806,RNCP41825,"Ingénieur diplômé de l'Université de technologie de Troyes, spécialité Systèmes Numériques",251
K2402,RNCP36226,Manager de biobanques,3
K2402,RNCP41213,Ingénieur diplômé de CY Tech de CY Cergy Paris Université Spécialité mathématiques appliquées,3
M1806,RNCP39608,Concepteur développeur web full stack,251
M1806,RNCP42285,"Ingénieur de l'école nationale supérieure des sciences appliquées et de technologie, spécialité informatique",251
M1806,RNCP38097,"ingénieur diplômé de l'école polytechnique universitaire de Marseille de l'université d'Aix-Marseille, spécialité ""Génie industriel et informatique""",251
M1806,RNCP37728,"Ingénieur diplômé de l'Ecole nationale supérieure des ingénieurs en arts chimiques et technologiques de l'Institut national polytechnique de Toulouse, spécialité génie industriel",251
M1806,RNCP41377,Ingénieur diplômé de l'école spéciale de mécanique et d’électricité,251
M1805,RNCP38587,Expert en ingénierie de l'intelligence artificielle,26
M1805,RNCP40350,Expert en ingénierie et développement de logiciels pour l'industrie,26
M1805,RNCP40939,"Ingénieur diplômé de l'Ecole Nationale Supérieure d'Electrotechnique, d'Electronique, d'Informatique, d'Hydraulique et des Télécommunications, de l'Institut National Polytechnique de Toulouse- Spécialité Informatique et Télécommunications",26
M1805,RNCP42374,"Ingénieur diplômé de l'école nationale supérieure d'électronique, informatique, télécommunications, mathématique et mécanique de Bordeaux de l'institut polytechnique de Bordeaux, spécialité informatique",26
H1206,RNCP40223,"Ingénieur diplômé de l’École nationale supérieure d’ ingénieurs de Caen, spécialité Matériaux-Chimie",14
H1206,RNCP41149,"Ingénieur diplômé de l’école nationale supérieure Mines-Télécom Lille Douai de l'Institut Mines-Télécom, spécialité génie énergétique",14
H1206,RNCP41207,"Ingénieur diplômé de l'École supérieure de Chimie, Physique, Electronique de Lyon, spécialité Biotechnologies et génie des procédés biologiques",14
M1805,RNCP35408,Génie Électrique et Informatique Industrielle : Automatisme et Informatique Industrielle,26
M1805,RNCP35711,"Ingénieur diplômé de l’école polytechnique Universitaire de Savoie de l'Université de Chambéry, Spécialité Systèmes Numériques - Instrumentation",26
M1805,RNCP40339,"Cartographie, topographie et systèmes d'information géographique (fiche nationale) ",26
M1806,RNCP39585,Chef de projet système d'information,251
M1806,RNCP40574,Chef de projet en management de l'information stratégique,251
M1806,RNCP40658,Architecte des systèmes d'information dans les processus industriels,251
M1806,RNCP42578,Intelligence artificielle et société,251
M1806,RNCP41246,"Ingénieur diplômé de l'Institut supérieur d'informatique, de modélisation et de leurs applications de l'institut national polytechnique Clermont Auvergne",251
H2502,RNCP41152,"Ingénieur diplômé de l’école nationale supérieure Mines- Télécom Lille Douai de l'Institut Mines-Télécom, spécialité génie industriel",2
M1805,RNCP38463,Expert en développement de solutions de cybersécurité ,26
M1805,RNCP40347,Architecte cybersécurité et internet des objets (MS),26
M1806,RNCP41171,"Ingénieur diplômé de l’institut des sciences et techniques des Yvelines de l’université de Versailles-Saint-Quentin-en-Yvelines, spécialité informatique",251
M1806,RNCP41614,Réseaux & télécommunications : Pilotage de projets de réseaux,251
H1206,RNCP39669,Titre ingénieur – ingénieur diplômé de l’Ecole Nationale Supérieure de Mécanique et des Microtechniques,14
H1206,RNCP40932,Expert numérique des systèmes et processus industriels,14
M1806,RNCP38325,"Ingénieur diplômé de l'école polytechnique universitaire de l'Université Côte d’Azur, spécialité Informatique",251
M1806,RNCP40952,"Ingénieur diplômé de l'Ecole Polytechnique universitaire de l'Université Paris-Saclay, spécialité Informatique",251
M1806,RNCP40363,Expert en études et développement du système d'information,251
H1206,RNCP42248,"Ingénieur diplômé de l’école polytechnique universitaire de l’institut national polytechnique clermont auvergne, spécialité génie électrique et systèmes embarqués",14
H1206,RNCP42755,"Ingénieur diplômé de l’Institut Agro Rennes-Angers de l’Institut national d’enseignement supérieur pour l’agriculture, l’alimentation et l’environnement, spécialité agroalimentaire",14
H1101,RNCP38702,"Chimie des arômes, parfums, cosmétiques (fiche nationale)",1
M1702,RNCP40646,Manager de projets en stratégies digitales et data marketing (MS),6
M1605,RNCP35924,Gestion (fiche nationale),1
H1206,RNCP39299,Ingénieur diplômé de l'Institut Catholique d'Arts et Métiers,14
H1206,RNCP40117,Ingénieur diplômé de l’École nationale supérieure d'informatique et de mathématiques appliquées de l'Institut polytechnique de Grenoble,14
H1206,RNCP41593,Mesures physiques : Matériaux et contrôles physico-chimiques,14
H1206,RNCP38267,Assistant ingénieur biologie - Biochimie - Biotechnologies,14
H1206,RNCP40522,Ingénieur diplômé de l'Ecole Nationale Supérieure de Chimie de Montpellier,14
H1206,RNCP40779,"Ingénieur diplômé de l’Institut Agro Montpellier de l’institut national d’enseignement supérieur pour l’agriculture, l’alimentation et l’environnement (Institut Agro), spécialité agronomie et agroalimentaire",14
H1206,RNCP41020,"Ingénieur diplômé de l’Institut supérieur de mécanique de Paris, spécialité Génie Industriel pour l’Aéronautique et l’Espace",14
H1206,RNCP41483,Product builder no-code,14
M1806,RNCP41877,Consultant en systèmes d'information (MS),251
M1806,RNCP40776,"Ingénieur diplômé de l'école polytechnique universitaire de Nantes Université, spécialité Informatique",251
M1806,RNCP42188,Développeur blockchain,251
I1401,RNCP35517,Services numériques aux organisations,1
M1201,RNCP41227,Diplôme en finance internationale,12
M1806,RNCP42438,Diplôme d’ingénieur de l’École nationale supérieure des mines d'Albi-Carmaux de l'Institut Mines-Télécom,251
M1801,RNCP36052,Webmaster et métiers de l'internet (fiche nationale),9
M1801,RNCP38461,"Concepteur intégrateur d'infrastructures informatiques  (systèmes et réseaux, applicatives, ou de sécurité)",9
M1805,RNCP39690,Sciences et technologies (fiche nationale),26
M1805,RNCP42467,"Expert en sécurité, stratégie et conformité blockchain",26
M1805,RNCP41880,Manager en ingénierie informatique,26
M1806,RNCP38112,Manager des ressources humaines,251
M1806,RNCP42735,"Ingénieur de l'école nationale supérieure des sciences appliquées et de technologie, spécialité informatique et technologies de l'information",251
M1806,RNCP41589,Management de la logistique et des transports : Mobilité et supply chain connectées,251
M1806,RNCP37603,"Ingénieur diplômé de l’école nationale supérieure d'électronique, informatique, télécommunications, mathématique et mécanique de Bordeaux de l’institut polytechnique de Bordeaux, spécialité télécommunications",251
M1801,RNCP42008,"Ingénieur diplômé de l’École polytechnique universitaire de Montpellier, spécialité Informatique ",9
M1801,RNCP38434,Spécialiste en cybersécurité (MS),9
M1806,RNCP42148,Product builder no code,251
M1806,RNCP40168,Directeur de projets informatiques,251
M1806,RNCP42471,Développeur Blockchain,251
M1806,RNCP42594,"Ingénieur diplômé du Conservatoire national des arts et métiers, spécialité Informatique ",251
M1806,RNCP37103,Technicien en géomatique,251
M1806,RNCP40165,Expert en architectures sécurisées des systèmes d'information,251
M1806,RNCP42202,Product builder no code low code,251
M1806,RNCP42335,"Expert de la sécurité des données, des réseaux et des systèmes",251
M1802,RNCP38457,Directeur de projet en infrastructures informatiques sécurisées,13
M1802,RNCP42547,"Ingénieur diplômé de l’école supérieure de Chimie Physique Electronique de Lyon (CPE Lyon), spécialité informatique et cybersécurité",13
M1805,RNCP36463,Concepteur développeur d’applications numériques,26
M1805,RNCP41246,"Ingénieur diplômé de l'Institut supérieur d'informatique, de modélisation et de leurs applications de l'institut national polytechnique Clermont Auvergne",26
M1806,RNCP42203,Product builder no code,251
H1402,RNCP40949,"Ingénieur spécialisé en Energie et motorisation, diplômé de l'Ecole nationale supérieure du pétrole et des moteurs",1
M1806,RNCP39580,Architecte des systèmes d'information dans les processus industriels (MS),251
M1806,RNCP39485,Intelligence artificielle (fiche nationale),251
M1806,RNCP42658,Expert en ingénierie informatique,251
M1806,RNCP38606,Développeur full stack,251
M1806,RNCP41460,Délégué à la protection des données (DPO),251
M1806,RNCP39977,Responsable green IT,251
H1206,RNCP41164,"Ingénieur diplômé de CentraleSupélec, spécialité Systèmes numériques",14
M1802,RNCP36115,"Ingénieur diplômé de l’Ecole nationale supérieure Mines-Télécom Atlantique Bretagne Pays de la Loire de l’Institut Mines-Télécom, spécialité Informatique",13
M1802,RNCP39000,Ingénierie et innovation en images et réseaux (fiche nationale),13
M1802,RNCP39851,"Administrateur systèmes, réseaux et sécurité",13
M1802,RNCP40658,Architecte des systèmes d'information dans les processus industriels,13
G1302,RNCP41771,Responsable des activités de tourisme et d'événementiel,12
M1805,RNCP37625,Concepteur-développeur d'applications web et mobile,26
M1805,RNCP40184,Métiers du jeu vidéo  (fiche nationale),26
M1805,RNCP42148,Product builder no code,26
H2502,RNCP35795,"Ingénieur diplômé de l’institut national des sciences appliquées de Rouen, spécialité informatique industrielle",2
H2502,RNCP40949,"Ingénieur spécialisé en Energie et motorisation, diplômé de l'Ecole nationale supérieure du pétrole et des moteurs",2
H2502,RNCP42452,"Ingénieur diplômé de l’École nationale supérieure d'arts et métiers, spécialité mécanique et mécatronique",2
M1805,RNCP35502,Métiers du Multimédia et de l’Internet : Développement web et dispositifs interactifs,26
M1805,RNCP36416,"Ingénieur diplômé de l'Ecole supérieure d'Ingénieurs de Rennes, Spécialité Informatique",26
M1805,RNCP37673,"Ingénieur diplômé de l'Université de technologie de Troyes, spécialité Systèmes Numériques",26
M1805,RNCP40968,"Ingénieur diplômé de l’école polytechnique universitaire de l’institut national polytechnique Clermont Auvergne, spécialité mathématiques appliquées (Université Clermont Auvergne)",26
M1806,RNCP41265,"Ingénieur diplômé de l'institut national des sciences appliquées de Rennes, spécialité informatique",251
M1502,RNCP42473,Coach professionnel,3
M1805,RNCP39903,"Ingénieur diplômé de l'Ecole d'ingénieur Denis-Diderot de l'Université Paris Cité, spécialité Systèmes Informatiques Embarqués",26
M1805,RNCP40744,Sciences et ingénierie - Cybersécurité ,26
M1805,RNCP41701,Concepteur développeur de solutions blockchain,26
I1306,RNCP38361,"Fluides-énergies-domotique (option A « génie climatique et fluidique », option B « froid et conditionnement d'air », option C « domotique et bâtiments communicants »)",1
M1201,RNCP35963,Responsable conformité,12
M1805,RNCP37837,Data analyst,26
M1805,RNCP40117,Ingénieur diplômé de l’École nationale supérieure d'informatique et de mathématiques appliquées de l'Institut polytechnique de Grenoble,26
M1805,RNCP40319,"Métiers de l'informatique : conception, développement et tests de logiciels (fiche nationale)",26
M1805,RNCP40329,Métiers de l'informatique : conduite de projets  (fiche nationale),26
M1805,RNCP42097,"Ingénieur diplômé de l'Institut supérieur d'informatique, de modélisation et de leurs applications de l'institut national polytechnique Clermont Auvergne",26
M1805,RNCP42655,Data engineer,26
M1802,RNCP41282,"Ingénieur diplômé de l’École nationale supérieure d’informatique pour l’industrie et l’entreprise, spécialité informatique",13
M1703,RNCP38406,"Ingénieur diplômé de l'Institut Agro Dijon de l’Institut national d’enseignement supérieur pour l’agriculture, l’alimentation, et l’environnement spécialité agronomie",7
H2906,RNCP39239,Chargé d'intégration en robotique industrielle,1
M1802,RNCP38325,"Ingénieur diplômé de l'école polytechnique universitaire de l'Université Côte d’Azur, spécialité Informatique",13
M1802,RNCP39388,Responsable green IT,13
M1802,RNCP41615,Réseaux & télécommunications : Réseaux opérateurs et multimédia,13
M1802,RNCP42164,Architecte des systèmes d'information (MS),13
K2111,RNCP36183,Responsable en formation et conduite de projets en simulation de vol,3
K2111,RNCP38992,Psychologie du développement (fiche nationale) ,3
K2111,RNCP40098,"Langues, littératures et civilisations étrangères et régionales (fiche nationale)",3
M1703,RNCP42403,Mode et matière,7
M1703,RNCP42755,"Ingénieur diplômé de l’Institut Agro Rennes-Angers de l’Institut national d’enseignement supérieur pour l’agriculture, l’alimentation et l’environnement, spécialité agroalimentaire",7
M1802,RNCP37744,Expert en ingénierie informatique,13
M1805,RNCP39783,Concepteur développeur de solutions informatiques,26
M1805,RNCP42023,Ingénieur diplômé d'ISART Digital,26
M1801,RNCP41075,"Ingénieur diplômé de l'université de Toulouse, spécialité Télécommunications et réseaux informatiques",9
M1801,RNCP42082,Expert en cybersécurité industrielle,9
H1206,RNCP40544,Sciences et Ingénierie- Biotechnologies,14
H1206,RNCP42195,Expert en digitalisation et exploitation des bâtiments,14
M1802,RNCP40614,Ingénieur diplôme de l'ECAM Rennes Louis de Broglie spécialité Systèmes numériques,13
M1802,RNCP42149,Data engineer,13
K2402,RNCP38968,Biotechnologies (fiche nationale),3
M1802,RNCP39162,Ingénieur diplômé de l'Ecole Centrale d'Electronique,13
M1703,RNCP39484,Diplôme d’études supérieures spécialisées en développement des entreprises et transformation digitale,7
M1805,RNCP37985,Expert en ingénierie logicielle,26
M1805,RNCP38477,Expert en numérisation industrielle,26
M1805,RNCP41156,Ingénieur diplômé de l'Ecole publique d'Ingénieurs de la santé et du numérique (EPISEN) de l'université Paris Est Créteil Val-de-Marne Spécialité Systèmes d’information ,26
M1805,RNCP41282,"Ingénieur diplômé de l’École nationale supérieure d’informatique pour l’industrie et l’entreprise, spécialité informatique",26
M1805,RNCP39583,Expert en développement logiciel,26
M1805,RNCP42099,"Ingénieur diplômé de l'Institut national des sciences appliquées de Lyon, spécialité Télécommunications",26
M1805,RNCP38822,Expert en architecture et développement logiciel,26
M1805,RNCP41133,Concepteur développeur d’applications Full Stack,26
M1803,RNCP40147,Expert en systèmes d'information,2
M1802,RNCP35353,"Qualité, Logistique Industrielle et Organisation : Management de la transformation digitale",13
M1802,RNCP41614,Réseaux & télécommunications : Pilotage de projets de réseaux,13
M1802,RNCP42058,Manager du numérique responsable,13
M1703,RNCP41202,Diplôme d’études supérieures en marketing du luxe,7
M1201,RNCP39010,Actuariat (fiche nationale),12
C1202,RNCP39075,Finance ,12
H1206,RNCP37047,Manager en biotechnologies,14
H1206,RNCP42292,"Ingénieur diplômé de l'école nationale supérieure de techniques avancées, spécialité systèmes embarqués",14
M1805,RNCP41527,Ingénieur diplômé de l'Ecole publique d'Ingénieurs de la santé et du numérique (EPISEN) de l'université Paris Est Créteil Val-de-Marne Spécialité Informatique et santé ,26
M1801,RNCP38867,Infrastructures numériques (fiche nationale),9
M1805,RNCP38345,Réalisateur de jeu vidéo,26
M1805,RNCP41878,Responsable green IT,26
L1401,RNCP38387,Lad-cavalier d'entraînement,1
M1802,RNCP42231,"Ingénieur diplômé de l’École polytechnique universitaire de l'université Lyon-I, spécialité informatique",13
H1206,RNCP37581,"Ingénieur diplômé de l’École polytechnique universitaire de l'université d’Aix-Marseille, spécialité ""microélectronique et télécommunications""",14
H1206,RNCP42278,"Ingénieur diplômé de Télécom Saint-Etienne de l'Université Jean Monnet, spécialité génie industriel et systèmes numériques",14
M1802,RNCP40901,Architecte technique,13
H1206,RNCP38682,Mécanique (fiche nationale),14
H1206,RNCP40975,"ingénieur diplômé de l'Institut national des sciences appliquées de Lyon, spécialité génie mécanique",14
H1206,RNCP41427,CQP Chargé d'études de conception,14
M1802,RNCP41613,Réseaux & télécommunications : Internet des objets et mobilité,13
M1805,RNCP39460,Traitement automatique des langues (fiche nationale),26
M1805,RNCP41726,Product builder no-code,26
M1805,RNCP35478,Informatique : Intégration d'applications et management du système d'information,26
M1805,RNCP37873,Concepteur développeur d'applications,26
M1805,RNCP38817,Chef de projet digital,26
M1805,RNCP41608,"Qualité, logistique industrielle et organisation : Management de la transformation digitale",26
M1805,RNCP42376,"Ingénieur diplômé de l’école polytechnique universitaire de l’institut national polytechnique Clermont Auvergne, spécialité mathématiques appliquées et intelligence artificielle",26
M1801,RNCP40729,"Diplôme en sciences des données, société et organisations",9
M1804,RNCP40128,Ingénieur diplômé de Télécom Saint-Étienne de l'Université de Saint-Étienne,1
M1807,RNCP37300,Responsable en cybersécurité,3
K2402,RNCP37393,"Ingénieur de l'école nationale supérieure d'ingénieurs du Mans de l'université du Mans, spécialité acoustique et instrumentation",3
K2402,RNCP38691,Nanosciences et nanotechnologies (fiche nationale),3
H2502,RNCP40778,"Ingénieur diplômé de l'école supérieure d'ingénieurs en innovation technologique (ESITech) de l'université de Rouen, spécialité génie physique et santé",2
H1206,RNCP38675," Ingénieur diplômé de l’école polytechnique universitaire de Savoie de l'université de Chambéry, spécialité écologie industrielle",14
H1206,RNCP39559,"Ingénieur diplômé de l’école polytechnique universitaire de l’institut national polytechnique Clermont Auvergne, spécialité génie physique",14
K2108,RNCP40525,Doctorat (Fiche nationale),1
H1206,RNCP41249,"Ingénieur diplômé de l'Ecole d'Ingénieurs du Littoral Côte d'Opale de l'Université du Littoral, spécialité Génie Energétique et Environnement",14
H1206,RNCP42720,"Ingénieur diplômé de l'Ecole d'ingénieurs SIGMA Clermont de l'institut national polytechnique Clermont Auvergne, spécialité mécanique et génie industriel",14
H1206,RNCP38082,"Ingénieur diplômé de l'Ecole Nationale Supérieure des Industries Chimiques de l'Université de Lorraine, spécialité Génie Chimique",14
H1206,RNCP42721,"Ingénieur diplômé de l’École d’ingénieurs SIGMA Clermont de l’Institut National Polytechnique Clermont Auvergne, spécialité chimie",14
M1201,RNCP41032,Sciences du management – Diplôme d'études supérieures en management des affaires internationales,12
I1401,RNCP36166,Analyste développeur d'applications informatiques,1
L1505,RNCP37022,Métiers de l’audiovisuel option techniques d’ingénierie et exploitation des équipements,3
L1505,RNCP41642,Technicien polyvalent du spectacle vivant et de l'événementiel ,3
M1810,RNCP41156,Ingénieur diplômé de l'Ecole publique d'Ingénieurs de la santé et du numérique (EPISEN) de l'université Paris Est Créteil Val-de-Marne Spécialité Systèmes d’information ,10
M1805,RNCP36469,Expert en ingénierie du développement et en architecture logicielle,26
H1402,RNCP38994,Physique fondamentale et applications (fiche nationale),1
M1805,RNCP35795,"Ingénieur diplômé de l’institut national des sciences appliquées de Rouen, spécialité informatique industrielle",26
M1805,RNCP39486,Mathématiques et informatique appliquées aux sciences humaines et sociales - MIASHS (fiche nationale),26
M1805,RNCP40234,Expert big data engineer (MS),26
M1805,RNCP42011,Diplôme d'études supérieures en intelligence artificielle et sciences des données,26
H2502,RNCP38408,Ingénieur diplômé de l'Institut Supérieur des Biotechnologies de Paris,2
H2502,RNCP40520,"Ingénieur diplômé de l'école polytechnique universitaire de Lille de l'Université de Lille, spécialité Génie biologique et agroalimentaire",2
M1502,RNCP38241,CQP Chargé de ressources humaines,3
L1505,RNCP38600,Concepteur-réalisateur de creative media et entertainment options film d'animation 3D et VFX ou  game art,3
M1802,RNCP40102,Métiers de l'informatique : administration et sécurité des systèmes et des réseaux (fiche nationale),13
M1802,RNCP41776,Administrateur système et réseau,13
I1306,RNCP36660,"Technicien en systèmes de génie climatique et systèmes sanitaires : option maintenance, option installation (BTM) ",1
M1810,RNCP42620,Développeur de solutions numériques sécurisées,10
M1201,RNCP39763,Manager de la performance financière,12
M1703,RNCP38539,"Ingénieur diplômé de l'École européenne de chimie, polymères et matériaux de Strasbourg de l’Université de Strasbourg",7
M1707,RNCP39209,Responsable du développement de produits dans le secteur de la mode,3
M1707,RNCP41032,Sciences du management – Diplôme d'études supérieures en management des affaires internationales,3
M1707,RNCP41235,"Diplôme Supérieur en marketing, commerce et gestion",3
M1802,RNCP41450,Expert en développement numérique responsable,13
K2111,RNCP38953,Responsable projets et ingénierie en formation,3
M1802,RNCP40531,Ingénieur Diplômé de l'Ecole Pour l'Informatique et les Techniques Avancées,13
M1802,RNCP40729,"Diplôme en sciences des données, société et organisations",13
M1802,RNCP41166,Ingénieur diplômé de Télécom Nancy de l'université de Lorraine,13
M1403,RNCP39004,Analyse et politique économique (fiche nationale),1
M1403,RNCP42760,Ingénieur diplômé de CY Tech de CY Cergy Paris Université Spécialité Mathématiques appliquées,1
H1206,RNCP40130,"Ingénieur diplômé de l’école nationale supérieure d’ingénieurs de Reims de l’université de Reims, spécialité emballage et conditionnement",14
H1206,RNCP40637,"Ingénieur spécialisé en Management électricité et numérique, diplômé de l'Ecole nationale supérieure du pétrole et des moteurs",14
H1206,RNCP42229,"Ingénieur diplômé de l'Ecole nationale supérieure Mines-Télécom Atlantique Bretagne Pays de la Loire de l'Institut Mines-Télécom, spécialité écologie industrielle",14
H1206,RNCP42441,"Ingénieur diplômé du Conservatoire national des arts et métiers, spécialité Génie industriel",14
M1802,RNCP38087,"Ingénieur diplômé de l'université de technologie de Troyes,  spécialité Réseaux et Télécommunications",13
M1802,RNCP39137,Titre ingénieur – Ingénieur diplômé de l’Ecole Supérieure d’Electronique de l’Ouest,13
M1802,RNCP39237,Concepteur intégrateur de solutions en Internet des objets (IoT),13
M1102,RNCP38048,Responsable achats,3
K2402,RNCP41861,Ecologie et biologie fonctionnelle (fiche nationale),3
M1204,RNCP36352,Diplôme - Programme Grande Ecole (ESSCA),3
M1204,RNCP36741,"Expert en contrôle de gestion, audit et gestion de système d'information (MS)",3
M1802,RNCP37901,"Ingénieur diplômé de l’école d’ingénieurs de l’université de Toulon, spécialité systèmes numériques",13
A1303,RNCP38212,Ingénieur diplômé de l'Ecole nationale du génie de l'eau et de l'environnement de Strasbourg,1
D1406,RNCP39063,Négociateur technico-commercial ,5
E1105,RNCP38693,Lettres / Sciences du langage (fiche nationale),2
I1605,RNCP39406,Certificat d'aptitude professionnelle maritime,1
M1704,RNCP41192,"Diplôme Supérieur en Marketing, Commerce et Gestion",2
H1206,RNCP36094,Ingénieur diplômé de l'Institut National des Sciences Appliquées de Rennes- Spécialité Électronique,14
H1206,RNCP37259,Expert en ingénierie des systèmes (MS),14
H1206,RNCP38420,Ingénieur diplômé de l’école européenne d’ingénieurs en génie des matériaux de l’université de Lorraine,14
M1805,RNCP35401,Science des données : exploration et modélisation statistique,26
M1805,RNCP41480,Product builder no-code,26
M1805,RNCP42226,"Ingénieur diplômé de Télécom Saint-Etienne de l'Université Jean Monnet, spécialité systèmes numériques et écologie industrielle",26
M1502,RNCP36210,Responsable de projets de formation,3
M1802,RNCP40288,Métiers du décisionnel et de la statistique (fiche nationale),13
K1903,RNCP38210,Droit public des affaires (fiche nationale),2
M1707,RNCP38025,Chargé de développement commercial et marketing,3
M1805,RNCP40806,Mathématiques et informatique appliquées aux sciences humaines et sociales (fiche nationale) ,26
M1804,RNCP39028,Ingénieur diplômé de l'ESIGELEC,1
M1804,RNCP39292,Ingénieur diplômé de l'Ecole Supérieure d'Ingénieurs de Rennes de l'Université de Rennes spécialité Systèmes Numériques et Réseaux,1
D1406,RNCP35915,Management et commerce international (fiche nationale),5
D1406,RNCP38756,Diplôme en Management International des Affaires,5
M1204,RNCP42386,"Diplôme supérieur en marketing, commerce et gestion",3
M1702,RNCP41225,Diplôme en Marketing,6
H2502,RNCP38689,Energie (fiche nationale),2
H2502,RNCP38959,"Ingénieur diplômé de l’Institut polytechnique de Grenoble, École nationale supérieure de Physique, Électronique et Matériaux",2
H2502,RNCP40974,"ingénieur diplômé de l'Institut national des sciences appliquées de Lyon, spécialité matériaux",2
H1206,RNCP40060,Installations frigorifiques et de conditionnement d'air (fiche nationale),14
H1206,RNCP40021,Ingénieur diplômé de l’École Nationale Supérieure de Mécanique et des Microtechniques spécialité Microtechniques,14
H1206,RNCP40753,"Ingénieur diplômé de l'institut national des sciences appliquées Centre Val de Loire, spécialité énergie, risques et environnement",14
H1206,RNCP42579,"Ingénieur diplômé du Conservatoire national des arts et métiers, spécialité Génie nucléaire ",14
H1206,RNCP42704,"Ingénieur diplômé de l'institut national des sciences appliquées de Toulouse, spécialité génie physique",14
M1201,RNCP41197,Diplôme en Finance ,12
M1810,RNCP42263,Intelligence artificielle,10
M1801,RNCP42707,"Ingénieur diplômé de l'Institut national des sciences appliquées de Toulouse, spécialité informatique et réseaux",9
M1801,RNCP38974,"Mathématiques, physique, chimie, informatique (fiche nationale)",9
M1801,RNCP40123,Métiers des réseaux informatiques et télécommunications (fiche nationale),9
M1805,RNCP39560,"Ingénieur diplômé de l'institut national des sciences appliquées de Rouen, spécialité informatique et technologies de l'information",26
M1805,RNCP39715,Designer IoT/IoE (objets connectés intelligents),26
H1402,RNCP38021,Éco-concepteur de produits plastiques et composites,1
H1402,RNCP39141,Ingénieur diplômé de l'Institut Supérieur de l'Aéronautique et de l'Espace ,1
H1402,RNCP40540,"Ingénieur diplômé de l'Ecole polytechnique universitaire de l'Université de Lille, spécialité Mécanique",1
H1206,RNCP38964,Bio-informatique (fiche nationale),14
H1206,RNCP40419,"Ingénieur diplômé de l'Ecole Nationale Supérieure des Mines de Saint-Etienne de l'institut Mines-Telecom, spécialité Systèmes Electroniques Embarqués",14
H1206,RNCP41916,"Ingénieur diplômé de l'ENSIL-ENSCI de l'Université de Limoges, spécialité Photonique",14
H1206,RNCP42232,"Ingénieur diplômé de l’École polytechnique universitaire de l'université Lyon-I, spécialité matériaux",14
M1810,RNCP36854,Expert en infrastructures de réseaux et en services associés (MS),10
H2502,RNCP40953,"Ingénieur diplômé de l'Ecole polytechnique universitaire de l'Université Paris-Saclay, spécialité Photonique",2
M1805,RNCP38478,"Coordinateur de projets informatiques (infrastructures cloud, applicatives ou data)",26
M1805,RNCP40757,"Ingénieur diplômé de l'Ecole Polytechnique Universitaire de l'Université de Montpellier, spécialité Informatique",26
M1802,RNCP38637,"Ingénieur diplômé de l'Ecole nationale supérieure Mines-Télécom Atlantique Bretagne-Pays de la Loire de l'Institut Mines-Télécom, spécialité réseaux et télécommunications",13
M1802,RNCP40122,"Ingénieur diplômé de l’école polytechnique universitaire de l’université de Tours, spécialité informatique ",13
M1802,RNCP38477,Expert en numérisation industrielle,13
M1802,RNCP39548,Sciences et Ingénierie - Multimédia et technologie de l’information,13
M1802,RNCP41285,Sciences et Ingénierie - Sécurité des Systèmes Numériques,13
M1802,RNCP42188,Développeur blockchain,13
M1201,RNCP36845,Diplôme d’études supérieures d’analyste financier,12
M1703,RNCP41077,"Innovation, entreprise et société (fiche nationale)",7
M1703,RNCP42369,Management et commerce international (fiche nationale),7
M1703,RNCP35864,Manager/Designer de produits et services numériques,7
M1810,RNCP41246,"Ingénieur diplômé de l'Institut supérieur d'informatique, de modélisation et de leurs applications de l'institut national polytechnique Clermont Auvergne",10
M1810,RNCP41418,Expert en ingénierie et sécurité des systèmes d'information,10
M1802,RNCP35477,"Informatique : Administration, gestion et exploitation des données",13
M1805,RNCP36209,Expert en transformation digitale et technologique,26
M1805,RNCP40723,"Diplôme d'études supérieures en management international, data et IA",26
M1805,RNCP41766,Product builder no code,26
H1206,RNCP35367,Génie Biologique : Biologie Médicale et Biotechnologie,14
H1206,RNCP38699,STAPS : ingénierie et ergonomie de l'activité physique (fiche nationale),14
H1206,RNCP38982,Acoustique (fiche nationale),14
H1206,RNCP38994,Physique fondamentale et applications (fiche nationale),14
H1206,RNCP40733,"Ingénieur diplômé de l’école supérieure d'ingénieurs en innovation technologique (ESITech) de l’université de Rouen, spécialité génie biologique",14
H1206,RNCP41204,"Ingénieur diplômé de l’institut supérieur aquitain du bâtiment et des travaux publics de l'université de Pau, spécialité bâtiment et travaux publics",14
M1703,RNCP42500,Manager international en marketing du luxe,7
M1805,RNCP41147,"Ingénieur diplômé de l’institut national des sciences appliquées de Rouen, spécialité Mathématiques appliquées",26
M1805,RNCP41455,Concepteur développeur - Mainframe,26
M1803,RNCP39126,"Ingénieur diplômé du Conservatoire national des arts et métiers, spécialité Informatique",2
M1704,RNCP35357,Techniques de Commercialisation : Business développement et management de la relation client,2
M1201,RNCP38192,Investigateur en criminalité financière,12
C1202,RNCP38371,Economie appliquée,12
I1101,RNCP36254,Conducteur de travaux ,1
H1206,RNCP38685,Ingénierie de conception (fiche nationale),14
H1206,RNCP39292,Ingénieur diplômé de l'Ecole Supérieure d'Ingénieurs de Rennes de l'Université de Rennes spécialité Systèmes Numériques et Réseaux,14
H1206,RNCP39509,"Sciences de l'océan, de l'atmosphère et du climat (fiche nationale)",14
H1206,RNCP39790,"Ingénieur diplômé de l’École polytechnique universitaire de l'université Lyon-I, spécialité Génie Industriel",14
H1206,RNCP39899,Ingénieur diplômé de l'Institut supérieur de l’électronique et du numérique Yncréa Ouest,14
H1206,RNCP40540,"Ingénieur diplômé de l'Ecole polytechnique universitaire de l'Université de Lille, spécialité Mécanique",14
M1802,RNCP39582,Expert en architecture des systèmes d’information ,13
H1210,RNCP38382,Métiers de la chimie,1
M1707,RNCP39211,Manager responsable des organisations sportives (MS),3
M1802,RNCP42097,"Ingénieur diplômé de l'Institut supérieur d'informatique, de modélisation et de leurs applications de l'institut national polytechnique Clermont Auvergne",13
M1805,RNCP37674,Développeur web et web mobile,26
M1805,RNCP39541,"Ingénieur diplômé du Conservatoire national des arts et métiers, spécialité Science de la donnée et intelligence artificielle",26
M1805,RNCP41003,Sciences et Ingénierie - Technologie de l'information et multimédia,26
M1810,RNCP40534,"Ingénieur diplômé de l'École Supérieure de Chimie, Physique, Électronique de Lyon, spécialité informatique et réseaux",10
K1903,RNCP39020,Economie du droit (fiche nationale),2
M1101,RNCP38750,Diplôme de Gestion et de Management des Entreprises,1
H1206,RNCP38993,Génie civil (fiche nationale),14
H1206,RNCP40956,Ingénieur diplômé de l'Institut Polytechnique des Sciences Avancées,14
H1206,RNCP41919,"Ingénieur diplômé de l’École Polytechnique Universitaire de Montpellier, Spécialité Génie industriel ",14
H2502,RNCP36417,"Ingénieur diplômé de l'École nationale supérieure de chimie, de biologie et de physique, de l'Institut polytechnique de Bordeaux (ENSCBP - Bordeaux INP) spécialité Chimie et Génie physique",2
H2502,RNCP40733,"Ingénieur diplômé de l’école supérieure d'ingénieurs en innovation technologique (ESITech) de l’université de Rouen, spécialité génie biologique",2
H1206,RNCP39725,Expert en énergies renouvelables (MS),14
H1206,RNCP39955,Manager de projet pour l'industrie 4.0 (MS),14
H1206,RNCP41210,"Ingénieur diplômé de l'institut national des sciences appliquées de Toulouse, spécialité mathématiques appliquées",14
M1810,RNCP40745,Sciences et ingénierie - Cybersécurité et réseaux,10
M1801,RNCP37586,"Ingénieur diplômé de l'Ecole nationale supérieure d'électronique, informatique, télécommunications, mathématique et mécanique de Bordeaux de l'Institut polytechnique de Bordeaux, spécialité Informatique",9
H1402,RNCP38420,Ingénieur diplômé de l’école européenne d’ingénieurs en génie des matériaux de l’université de Lorraine,1
H1402,RNCP40041,"Ingénieur diplômé d’Aflokkat, spécialité robotique et informatique",1
C1202,RNCP42358,Finance (fiche nationale),12
H1206,RNCP41163,Ingénieur diplômé de l'Ecole Nationale Supérieure Maritime,14
M1803,RNCP38999,Systèmes de calculs embarqués (fiche nationale),2
H2502,RNCP37960,"Ingénieur de l'Ecole nationale supérieure d'agronomie et des industries alimentaires, spécialité Production agroalimentaire",2
H2502,RNCP42533,"Ingénieur diplômé du Conservatoire national des arts et métiers, spécialité Instrumentation ",2
L1505,RNCP38926,Opérateur de prise de vue,3
L1505,RNCP42222,"Diplômé de l'Ecole supérieure d'Ingénieurs de Rennes de l'Université de Rennes, Spécialité Informatique",3
M1810,RNCP39999,Expert en cybersécurité,10
M1802,RNCP39999,Expert en cybersécurité,13
M1802,RNCP40589,Manager expert en transformation numérique,13
M1802,RNCP41412,Architecte IoT et sécurité des systèmes connectés,13
M1802,RNCP42082,Expert en cybersécurité industrielle,13
I1310,RNCP41016,Technicien en conception et en industrialisation,1
M1707,RNCP40984,Administration et échanges internationaux (fiche nationale),3
M1810,RNCP39781,Expert réseaux infrastructures et sécurité,10
M1403,RNCP39275,Diplôme Supérieur en Management Stratégique des Transitions,1
M1802,RNCP40570,Expert en infrastructure de réseaux de télécommunication maritimes (MS),13
M1802,RNCP42228,"Ingénieur diplômé de l'institut national des sciences appliquées de Rouen, spécialité technologies de l'information et intelligence artificielle",13
K2402,RNCP39461,Cancer (fiche nationale),3
M1801,RNCP40288,Métiers du décisionnel et de la statistique (fiche nationale),9
M1801,RNCP41611,Réseaux & télécommunications : Cybersécurité,9
M1204,RNCP42357,Contrôle de gestion et audit organisationnel (fiche nationale),3
M1803,RNCP39893,"Ingénieur diplômé de l'Ecole Supérieure d'Informatique, Electronique, Automatique",2
A1303,RNCP40542,Sciences et Ingénierie - Environnement et développement durable,1
M1703,RNCP41225,Diplôme en Marketing,7
M1102,RNCP36898,Manager de la stratégie et de la performance achats (MS),3
M1102,RNCP37788,"Ingénieur diplômé de l'université de technologie de Troyes, spécialité Matériaux",3
D1402,RNCP38830,Chargé d'affaires commerciales,1
H1206,RNCP36050,Sciences et numérique pour la santé (fiche nationale),14
H1206,RNCP36417,"Ingénieur diplômé de l'École nationale supérieure de chimie, de biologie et de physique, de l'Institut polytechnique de Bordeaux (ENSCBP - Bordeaux INP) spécialité Chimie et Génie physique",14
H1206,RNCP38996,Acoustique et musicologie (fiche nationale),14
H1206,RNCP40366,"Designer produits, services et innovation",14
H1206,RNCP42593,"Ingénieur diplômé du Conservatoire national des arts et métiers, spécialité Mécatronique ",14
M1707,RNCP36864,Manager de la stratégie et de la transformation digitale (MS),3
H1206,RNCP37885,Diplôme d'Etudes Supérieures de Gestion,14
M1802,RNCP40561,Expert green IT,13
M1202,RNCP41200,ESSEC - Programme Grande Ecole,1
M1502,RNCP42313,Chargé des ressources humaines,3
M1801,RNCP35402,"Science des données : visualisation, conception d'outils décisionnels",9
M1801,RNCP38964,Bio-informatique (fiche nationale),9
M1801,RNCP39115,"Chef de projet systèmes, réseaux et sécurité",9
D1406,RNCP37282,CQP Manager d’équipe en négoce des matériaux de construction ,5
D1406,RNCP41292,Responsable commerce de détail,5
M1101,RNCP41622,Techniques de commercialisation : Business international : achat et vente,1
M1501,RNCP40705,Assistance à la gestion des organisations et de leurs activités,4
M1805,RNCP36094,Ingénieur diplômé de l'Institut National des Sciences Appliquées de Rennes- Spécialité Électronique,26
H1206,RNCP36611,Attaché de recherche clinique,14
H1206,RNCP41148,Ingénieur diplômé de l'école nationale supérieure Mines-Telecom Lille Douai de l'Institut Mines Telecom,14
H1206,RNCP42534,"Ingénieur diplômé du Conservatoire national des arts et métiers, spécialité Mécanique",14
H1206,RNCP38704,Chimie et sciences des matériaux (fiche nationale),14
M1801,RNCP41880,Manager en ingénierie informatique,9
M1801,RNCP40356,"Administrateur systèmes, réseaux et cybersécurité",9
M1801,RNCP40864,Gestionnaire en maintenance et support informatique ,9
H1402,RNCP40733,"Ingénieur diplômé de l’école supérieure d'ingénieurs en innovation technologique (ESITech) de l’université de Rouen, spécialité génie biologique",1
H1206,RNCP38984,Génie mécanique (fiche nationale),14
H1206,RNCP42305,Ingénieur diplômé de l'école nationale supérieure de techniques avancées (Institut polytechnique de Paris),14
H2502,RNCP38647,Ingénieur diplômé de l’École nationale supérieure des sciences agronomiques de Bordeaux Aquitaine (Bordeaux Sciences Agro),2
H2502,RNCP39218,Manager de l'amélioration continue (MS),2
H2502,RNCP42737,Ingénieur diplômé de l’École nationale supérieure de mécanique et des microtechniques spécialité Mécanique,2
M1703,RNCP37691,Langues et commerce international (fiche nationale),7
M1707,RNCP41475,Manager de la stratégie digitale marketing et commerciale,3
M1403,RNCP38981,Ingénierie des systèmes complexes (fiche nationale),1
M1703,RNCP39579,Manager international en marketing du luxe,7
M1703,RNCP42090,Diplôme en gestion et développement des entreprises,7
M1102,RNCP42244,Programme grande école,3
D1402,RNCP37689,Sciences du management,1
K1903,RNCP38194, Droit de la santé (fiche nationale),2
M1707,RNCP40724,Diplôme d’enseignement supérieure en management des affaires internationales,3
M1810,RNCP42302,Sciences et Ingénierie - Informatique et systèmes numériques,10
M1804,RNCP40953,"Ingénieur diplômé de l'Ecole polytechnique universitaire de l'Université Paris-Saclay, spécialité Photonique",1
D1406,RNCP40359,Manager du développement commercial,5
H1208,RNCP38215,"Ingénieur diplômé de l'école d'ingénieurs en sciences industrielles et numérique de l'université de Reims, spécialité automatique et génie électrique",3
H1208,RNCP38537,"Ingénieur diplômé de l’Institut National des Sciences Appliquées de Strasbourg, spécialité Mécatronique",3
G1302,RNCP38491,Manager des activités du tourisme et des voyages,12
M1207,RNCP41093,Métiers de la gestion et de la comptabilité : gestion comptable et financière (fiche nationale),3
M1204,RNCP36437,Diplôme d’études supérieures en management des affaires internationales (CESEM),3
M1702,RNCP39073,Mode et matière ,6
H2502,RNCP41170,"Ingénieur diplômé de l'institut national des sciences appliquées de Toulouse, spécialité génie des procédés et environnement",2
H2502,RNCP41271,"Ingénieur diplômé de l’École d’ingénieurs SIGMA Clermont de l’Institut National Polytechnique Clermont Auvergne, spécialité mécanique",2
H1402,RNCP39218,Manager de l'amélioration continue (MS),1
H1402,RNCP40970,"Ingénieur diplômé de l'Institut national des sciences appliquées de Lyon, spécialité Génie Industriel",1
M1810,RNCP38587,Expert en ingénierie de l'intelligence artificielle,10
M1803,RNCP41847,"Responsable d’ingénierie des systèmes numériques, option « analyste et développement », option « systèmes et réseaux », option « télécommunications »",2
H2502,RNCP38379,"Ingénieur diplômé de l'Ecole nationale supérieure des ingénieurs en arts chimiques et technologiques de l'Institut national polytechnique de Toulouse, spécialité chimie",2
H2502,RNCP39304,"Ingénieur diplômé de l’École nationale supérieure d'arts et métiers, spécialité mécanique et mécatronique",2
M1707,RNCP38066,"Diplôme Supérieur en Affaires Internationales, Négociation et Géopolitique",3
K2111,RNCP37175,"Formateur d'enseignants, de formateurs et de cadres pédagogiques",3
M1801,RNCP41988,Expert en ingénierie et cybersécurité des systèmes d’information,9
E1306,RNCP39221,Designer en communication graphique éco-responsable,1
M1204,RNCP41197,Diplôme en Finance ,3
F1104,RNCP39849,Concepteur créateur de jardin dans le paysage,1
F1104,RNCP42103,Dessinateur projeteur en électricité du bâtiment ,1
C1202,RNCP42670,Diplôme d’études supérieures d’analyste financier,12
M1203,RNCP40289,Métiers de la gestion et de la comptabilité : responsable de portefeuille clients en cabinet d'expertise (fiche nationale),4
M1203,RNCP40670,Collaborateur paie,4
M1804,RNCP35782,"Ingénieur de l'école nationale supérieure des sciences appliquées et de technologie, spécialité informatique",1
H1208,RNCP38646,Diplôme de l'École normale supérieure Paris-Saclay,3
H1101,RNCP39057,"Ingénieur diplômé du Conservatoire national des arts et métiers, spécialité Matériaux, emballage et conditionnement",1
M1605,RNCP41727,Gestionnaire d'une entreprise artisanale du bâtiment,1
H1206,RNCP36423,"Ingénieur de l'École nationale supérieure de chimie, de biologie et de physique, de l'Institut polytechnique de Bordeaux (ENSCBP - Bordeaux INP) spécialité Matériaux composites et Mécanique",14
H1206,RNCP37993,Expert en digitalisation et exploitation du bâtiment ,14
H1206,RNCP38706,Chimie moléculaire (fiche nationale),14
H1206,RNCP40703,Ingénieur diplômé de l’Ecole supérieure des Techniques Aéronautiques et de Construction Automobile,14
H1206,RNCP40768,"Ingénieur spécialisé en Ingénierie des projets éoliens offshore, diplômé de l'Ecole nationale supérieure du pétrole et des moteurs ",14
M1802,RNCP37485,"Ingénieur diplômé de l'Université de technologie de Troyes, spécialité Informatique et Systèmes d'Information",13
H2502,RNCP40231,Métiers de l'industrie : industrie aéronautique (fiche nationale),2
H2502,RNCP40816,"Ingénieur diplômé de l'Institut national des sciences appliquées Hauts-de-France, spécialité Génie Electrique et Informatique Industrielle ",2
J1411,RNCP40038,Orthoprothésiste,1
M1707,RNCP41194,"Diplôme Supérieur en Marketing, Commerce et Gestion",3
M1201,RNCP39013,"Econométrie, statistiques (fiche nationale)",12
M1801,RNCP39851,"Administrateur systèmes, réseaux et sécurité",9
M1801,RNCP41440,Responsable green IT,9
K2402,RNCP39890,Santé (fiche nationale),3
M1703,RNCP38641,"Ingénieur diplômé de l'Université de Strasbourg, spécialité chimie-biotechnologies",7
M1704,RNCP36543,Programme Grande Ecole,2
D1402,RNCP42631,Chargé d'affaires commerciales et de développement à l'international,1
M1207,RNCP39763,Manager de la performance financière,3
H1210,RNCP41559,Chimie : Synthèse,1
H1208,RNCP37115,Conception et réalisation de systèmes automatiques,3
D1406,RNCP37968,Diplôme d'Etudes Supérieures en Gestion,5
M1605,RNCP41781,Secrétaire général de mairie (DU),1
H1206,RNCP39331,"Titre ingénieur - Titre ingénieur - Ingénieur diplômé de l'École polytechnique universitaire de Sorbonne Université, spécialité Matériaux",14
H1402,RNCP42497,Chef de projet de transformation digitale et industrielle (MS),1
M1502,RNCP39595,Manager en ressources humaines,3
C1401,RNCP35492,Carrières Juridiques : Patrimoine et Finance,2
K2111,RNCP40144,Coordinateur d'ingénierie de formation,3
M1403,RNCP37103,Technicien en géomatique,1
M1703,RNCP38068,"Diplôme d’études supérieures en IA, Data et Management",7
M1703,RNCP41009,Diplôme d'Etudes Supérieures en Commerce et Management Opérationnel,7
M1801,RNCP36075,Administrateur systèmes et réseaux,9
M1801,RNCP38436,Développeur web,9
M1801,RNCP40971,"ingénieur diplômé de l'Institut national des sciences appliquées de Lyon, spécialité informatique",9
M1503,RNCP42091,Manager d'unité fonctionnelle et opérationnelle,1
D1402,RNCP35801,Conseil et commercialisation de solutions techniques ,1
M1801,RNCP39292,Ingénieur diplômé de l'Ecole Supérieure d'Ingénieurs de Rennes de l'Université de Rennes spécialité Systèmes Numériques et Réseaux,9
M1801,RNCP41976,Expert en cybersécurité et sécurité informatique,9
M1502,RNCP38833,Manager des ressources humaines,3
L1401,RNCP38001,Cavalier de pré-entrainement ,1
H1210,RNCP40321,Valorisation des agro-ressouces (fiche nationale),1
M1804,RNCP42439,"Ingénieur diplômé du Conservatoire national des arts et métiers, spécialité Informatique et systèmes d’information ",1
H2502,RNCP40417,"Ingénieur diplômé de l'Ecole Nationale Supérieure des Mines de Saint-Etienne de l'institut Mines-Telecom, spécialité Génie Industriel",2
H2502,RNCP40784,Ingénieur diplômé de l’Institut Supérieur de l’Automobile et des Transports de l'Université Bourgogne Europe  - spécialité  Génie Industriel,2
M1102,RNCP39734,Manager de l’achat international,3
H1208,RNCP40121,Domotique (fiche nationale),3
M1803,RNCP39978,Architecte des systèmes d’information dans les processus industriels,2
M1803,RNCP42023,Ingénieur diplômé d'ISART Digital,2
M1403,RNCP41824,"Ingénieur diplômé de l'institut national des sciences appliquées de Rennes, spécialité mathématiques appliquées",1
M1803,RNCP39998,Spécialiste en maîtrise d’ouvrage des SI,2
M1401,RNCP40789,Affaires Internationales et Développement,1
I1605,RNCP39405,Certificat de matelot électrotechnicien ,1
M1704,RNCP37714,Programme Grande Ecole,2
M1502,RNCP40663,Coach professionnel,3
M1502,RNCP41486,Consultant en recrutement des agences d'emploi,3
M1707,RNCP38348,Diplôme d’études supérieures en management avancé des affaires internationales,3
M1707,RNCP39856,Manager marketing et commercial en produits et services de luxe,3
M1707,RNCP41598,Gestion administrative et commerciale des organisations : Management commercial et marketing omnicanal,3
M1202,RNCP36741,"Expert en contrôle de gestion, audit et gestion de système d'information (MS)",1
M1202,RNCP42356,Comptabilité - contrôle - audit (fiche nationale),1
H1208,RNCP39858,Chef de projet en automatisation,3
H1208,RNCP42278,"Ingénieur diplômé de Télécom Saint-Etienne de l'Université Jean Monnet, spécialité génie industriel et systèmes numériques",3
H1206,RNCP39000,Ingénierie et innovation en images et réseaux (fiche nationale),14
H1206,RNCP42446,"Ingénieur diplômé du Conservatoire national des arts et métiers, spécialité Systèmes électroniques",14
H1206,RNCP42455,"Ingénieur diplômé de l'Ecole internationale du papier, de la communication imprimée et des biomatériaux de l’Institut polytechnique de Grenoble",14
H1206,RNCP42726,"Ingénieur diplômé de l'Ecole nationale supérieure des ingénieurs en arts chimiques et technologiques,  spécialité chimie",14
H2502,RNCP40937,Ingénieur diplômé de l'institut textile et chimique de Lyon,2
H2502,RNCP40956,Ingénieur diplômé de l'Institut Polytechnique des Sciences Avancées,2
H2502,RNCP41499,"Ingénieur diplômé de l'institut national des sciences appliquées de Rennes, spécialité électronique et informatique industrielle",2
H1402,RNCP42592,"Ingénieur diplômé de l'Ecole nationale supérieure des ingénieurs en arts chimiques et technologiques, spécialité génie industriel",1
H2502,RNCP42585,Ingénieur diplômé de l’Institut supérieur d’études logistiques de l’Université Le Havre Normandie spécialité Mécanique et production,2
L1505,RNCP39988,"Technicien du spectacle vivant, spécialité son, lumière ou plateau",3
M1707,RNCP40568,Responsable de développement commercial,3
M1707,RNCP40851,Chef de projet webmarketing et e-commerce,3
K2402,RNCP37584,Diplômes d’études spécialisées vétérinaires spécialité Anatomie Pathologie vétérinaire,3
M1203,RNCP39410,Technicien spécialisé en exploitation pétrolière,4
L1505,RNCP39751,Monteur-effets spéciaux d'oeuvres cinématographiques ou audiovisuelles,3
D1406,RNCP36561,Diplôme de Responsable d'Unité d'Affaires,5
H1208,RNCP41073,"Ingénieur diplômé de l’université de Toulouse, spécialité Robotique",3
D1106,RNCP38247,CQP Employé de magasin,1
H1101,RNCP36098,"Ingénieur diplômé de l’école nationale supérieure en génie des technologies industrielles de l’université de pau et des pays de l'adour, spécialité génie des procédés",1
H1402,RNCP42595,"Ingénieur de l’Institut Polytechnique de Grenoble, spécialité génie énergétique et industriel",1
H1402,RNCP42692,"Ingénieur diplômé de l'Ecole nationale supérieure des ingénieurs en arts chimiques et technologiques, spécialité matériaux",1
M1803,RNCP42382,"Ingénieur diplômé de l'école nationale supérieure d’électronique, informatique, télécommunications, mathématique et mécanique de Bordeaux de l’institut polytechnique de Bordeaux, spécialité réseaux et informatique",2
M1707,RNCP37074,Manager du développement dans la filière vins et spiritueux,3
M1707,RNCP36504,Ingénieur d’affaires international (MS),3
M1707,RNCP39428,Diplôme d’études supérieures en commerce et gestion,3
K2111,RNCP38475,Animateur formateur en technologies paysannes,3
M1703,RNCP37710,Diplôme du Programme Grande Ecole,7
M1403,RNCP38066,"Diplôme Supérieur en Affaires Internationales, Négociation et Géopolitique",1
M1803,RNCP39560,"Ingénieur diplômé de l'institut national des sciences appliquées de Rouen, spécialité informatique et technologies de l'information",2
M1803,RNCP42547,"Ingénieur diplômé de l’école supérieure de Chimie Physique Electronique de Lyon (CPE Lyon), spécialité informatique et cybersécurité",2
M1401,RNCP39696,Sciences sanitaires et sociales (fiche nationale),1
I1605,RNCP39702,Brevet de mécanicien 750 kW,1
M1203,RNCP38886,Diplôme en management,4
H1210,RNCP38701,Chimie (fiche nationale),1
M1203,RNCP42350,Gestionnaire de paie,4
K2402,RNCP38965,Biologie intégrative et physiologie (fiche nationale),3
M1101,RNCP38048,Responsable achats,1
H2502,RNCP40760,"Ingénieur diplômé de l’Ecole Polytechnique Universitaire de l'Université de Montpellier, spécialité Matériaux",2
H1402,RNCP36225,Expert en prévention des risques et en gestion des crises dans l'industrie (MS),1
H1402,RNCP40748,"Ingénieur diplômé de l’Ecole polytechnique universitaire de l'université de Lille, spécialité Matériaux",1
H1402,RNCP40761,"Ingénieur diplômé de l’École nationale supérieure des mines de Nancy de l'université de Lorraine, spécialité génie mécanique",1
H2502,RNCP40613,"Ingénieur diplômé de l’institut national des sciences appliquées de Rouen, spécialité Mécanique",2
H2502,RNCP42292,"Ingénieur diplômé de l'école nationale supérieure de techniques avancées, spécialité systèmes embarqués",2
H2502,RNCP42438,Diplôme d’ingénieur de l’École nationale supérieure des mines d'Albi-Carmaux de l'Institut Mines-Télécom,2
H2502,RNCP42553,"Ingénieur diplômé de l'Ecole européenne de chimie, polymères et matériaux de Strasbourg de l'Université de Strasbourg, spécialité écologie industrielle des matériaux polymères",2
M1707,RNCP41193,Diplôme Supérieur en Marketing Commerce et Gestion,3
M1707,RNCP42390,Développeur commercial et marketing,3
K2111,RNCP39417,Formateur concepteur pédagogique,3
M1503,RNCP36682,Programme Grande Ecole ,1
M1202,RNCP36735,Expert en audit interne et contrôle de gestion (MS),1
M1804,RNCP38319,"Ingénieur diplômé de Télécom Physique Strasbourg de l'université de Strasbourg, spécialité informatique et réseaux",1
M1804,RNCP40494,Ingénieur diplômé de l’Ecole nationale d’ingénieurs de Brest,1
K2402,RNCP40772,"Ingénieur diplômé de l'École nationale supérieure de Physique, Électronique et Matériaux de l’Institut polytechnique de Grenoble, spécialité Micro et Nanotechnologies pour les systèmes intégrés",3
H1402,RNCP42441,"Ingénieur diplômé du Conservatoire national des arts et métiers, spécialité Génie industriel",1
M1203,RNCP39422,Diplome en gestion et marketing ,4
I1101,RNCP38644,Sciences et ingénierie - Transition Ecologique et Territoires,1
I1101,RNCP41572,Génie civil - Construction durable : Bureau d’études conception,1
H1210,RNCP37933,"Ingénieur diplômé de l'Ecole polytechnique universitaire de l'Université d'Aix-Marseille, spécialité Génie Biologique",1
D1406,RNCP40727,Diplôme d'études supérieures en management,5
K1501,RNCP38176,Administration publique (fiche nationale),1
M1501,RNCP36390,Assistant de gestion et d'administration d'entreprise,4
H2502,RNCP40754,Ingénieur diplômé de l'Ecole Supérieure des Technologies Industrielles Avancées (ESTIA),2
H2502,RNCP41151,"Ingénieur diplômé de l’école nationale supérieure Mines-Télécom Lille Douai de l'Instutit Mines-Télécom, spécialité plasturgie et matériaux composites",2
H2502,RNCP42728,"Ingénieur diplômé de l'école nationale supérieure de chimie, de biologie et de physique de l'institut polytechnique de Bordeaux, spécialité agroalimentaire et génie industriel",2
H1101,RNCP41601,"Génie industriel et maintenance : Management, méthodes et maintenance innovante",1
H1402,RNCP38703,Chimie (fiche nationale),1
J1304,RNCP40743,Auxiliaire de puériculture,1
M1403,RNCP40694,Ingénieur diplômé de l’École nationale de la statistique et de l'analyse de l'information du Groupe des écoles nationales d'économie et statistique,1
M1102,RNCP39238,Manager de la performance achats,3
A1303,RNCP37958,Ingénieur diplômé de l'Ecole nationale supérieure d'agronomie et des industries alimentaires de l'Université de Lorraine - spécialité Agronomie,1
A1303,RNCP38373,ingénieur diplômé de l'école supérieure des agricultures d'Angers,1
H1210,RNCP37249,Conduire les Transitions ,1
M1807,RNCP39893,"Ingénieur diplômé de l'Ecole Supérieure d'Informatique, Electronique, Automatique",3
L1505,RNCP40846,Directeur de la photographie,3
D1403,RNCP38404,Vendeur conseil en produits techniques pour l'habitat,2
H1208,RNCP40702,Ingénieur diplômé du CESI spécialité Systèmes électriques et électroniques embarqués,3
H1402,RNCP39955,Manager de projet pour l'industrie 4.0 (MS),1
H1402,RNCP42230,"Ingénieur diplômé de l'Institut national des sciences appliquées de Lyon, spécialité génie industriel",1
M1803,RNCP40776,"Ingénieur diplômé de l'école polytechnique universitaire de Nantes Université, spécialité Informatique",2
J1411,RNCP37487,Opérateur en appareillage orthopédique Spécialité podo-orthèse,1
I1310,RNCP37670,Maintenance nautique ,1
M1707,RNCP39290,Diplôme en gestion des entreprises,3
M1707,RNCP39787,Directeur de la performance commerciale,3
K2111,RNCP41416,Animateur formateur en technologies agricoles ,3
K2111,RNCP41518,Conseiller en formation au tir de riposte,3
K2111,RNCP38789,Responsable de dispositifs de formation,3
K2402,RNCP38219,Ingénieur diplômé de Télécom Physique Strasbourg de l'Université de Strasbourg,3
M1803,RNCP38413,Architecte des systèmes d'information dans les processus industriels,2
M1503,RNCP42244,Programme grande école,1
M1704,RNCP38148,Diplôme supérieur en marketing commerce et gestion,2
M1704,RNCP40503,Métiers du marketing opérationnel (fiche nationale),2
M1704,RNCP42355,Administration économique et sociale (fiche nationale),2
I1101,RNCP38921,Chef de projet en rénovation énergétique performante,1
K2402,RNCP39311,Santé publique (fiche nationale),3
M1204,RNCP39289,Diplôme d'études supérieures en Management Stratégique International,3
F1101,RNCP42029,"Ingénieur diplômé de l'Institut national des sciences appliquées de Lyon, spécialité génie civil et génie urbain",1
K2402,RNCP39451,"Ingénieur diplômé de l'Ecole d'ingénieurs Denis-Diderot de l'Université Paris Cité, spécialité Bioinformatique",3
K2402,RNCP40941,"Ingénieur diplômé de l'Université de Technologie de Compiègne, spécialité Génie Biologique",3
M1204,RNCP39545,"Diplôme supérieur en marketing, commerce et gestion",3
M1803,RNCP38998,"Optique, image, vision, multimédia (fiche nationale)",2
D1402,RNCP38602,Responsable du développement des affaires,1
H1210,RNCP41071,Physique appliquée et capteurs industriels,1
I1307,RNCP41613,Réseaux & télécommunications : Internet des objets et mobilité,1
D1106,RNCP37310,Boucher,1
M1501,RNCP35923,Administration économique et sociale (fiche nationale),4
H1402,RNCP42555,"Ingénieur diplômé de l'école polytechnique universitaire de l'Université d'Orléans, spécialité Matériaux et mécatronique",1
J1411,RNCP42146,Orthopédiste orthésiste,1
K2402,RNCP38994,Physique fondamentale et applications (fiche nationale),3
E1306,RNCP38567,Réalisation de produits imprimés et plurimédia - Option A Productions graphiques / Option B Productions imprimées,1
M1803,RNCP40781,Ingénieur diplômé de l’École supérieure d'ingénieurs Léonard de Vinci,2
M1207,RNCP41790,Conseiller d'entreprise agricole,3
H1210,RNCP42331,Expert en systèmes énergétiques innovants (MS) ,1
D1102,RNCP42344,Technicien en développement de produits de boulangerie et/ou de pâtisserie,1
M1804,RNCP41615,Réseaux & télécommunications : Réseaux opérateurs et multimédia,1
H2502,RNCP38688,"Energétique, thermique (fiche nationale)",2
I1401,RNCP36501,Technicien systèmes et réseaux,1
H1402,RNCP40524,"Ingénieur diplômé de l'institut national des sciences appliquées de Rennes, spécialité génie mécanique et automatique",1
H1402,RNCP42712,"Ingénieur diplômé de l'Institut supérieur de l'automobile et des transports de Nevers de l'université Bourgogne Europe, spécialité génie mécanique",1
C1102,RNCP39743,Attaché commercial,1
I1306,RNCP40673,"Technicien d'installation et de maintenance de systèmes énergétiques, option solaire ou photovoltaïque, option bois",1
I1302,RNCP37115,Conception et réalisation de systèmes automatiques,1
M1707,RNCP38753,Diplôme d’études supérieures en commerce et management opérationnel,3
M1707,RNCP40715,Diplôme supérieur de management international de l'entreprise,3
M1707,RNCP42066,Conseiller commercial en vins et spiritueux,3
K2111,RNCP38443,Diplôme de cadre de santé,3
K2111,RNCP40569,Coach professionnel,3
M1704,RNCP38602,Responsable du développement des affaires,2
H2502,RNCP38407,"Ingénieur diplômé de l'Institut Agro Dijon de l'Institut national d'enseignement supérieur pour l'agriculture, l'alimentation et l'environnement spécialité agroalimentaire",2
H2502,RNCP42561,"Ingénieur spécialisé pour l'industrie des polymères et composites – Eco-responsabilité, efficience et digitalisation",2
H1101,RNCP36051,Maintenance aéronautique (fiche nationale),1
H1402,RNCP38680,"Ingénieur diplômé de l'école nationale supérieure des mines d'Alès de l'Institut Mines-Télécom, spécialité mécatronique",1
H2502,RNCP36032,"Ingénieur diplômé de l'École nationale vétérinaire, agroalimentaire et de l'alimentation de Nantes-Atlantique (ONIRIS)",2
H2502,RNCP36165,Chef d'atelier de maintenance des systèmes automatisés et asservis,2
H2502,RNCP42602,Ingénieur diplômé de l’Ecole nationale supérieure de génie industriel de l’Institut polytechnique de Grenoble,2
F1101,RNCP41699,Designer architecte d'intérieur,1
I1310,RNCP41580,Génie mécanique et productique : Chargé d'affaires industrielles,1
I1302,RNCP42270,Domotique (fiche nationale),1
M1403,RNCP38182,Économie de l’entreprise et des marchés (fiche nationale),1
M1403,RNCP38355,Intelligence économique (fiche nationale),1
M1804,RNCP41153,"Ingénieur diplômé de l’école nationale supérieure Mines- Télécom Lille Douai de l'Institut Mines-Télécom, spécialité télécommunications et informatique",1
M1101,RNCP40064,Logistique et pilotage des flux (fiche nationale),1
H1402,RNCP41149,"Ingénieur diplômé de l’école nationale supérieure Mines-Télécom Lille Douai de l'Institut Mines-Télécom, spécialité génie énergétique",1
I1310,RNCP37221,Pilote de lignes de production automatisées,1
H3302,RNCP39784,Equipier de production industrielle,2
M1204,RNCP41235,"Diplôme Supérieur en marketing, commerce et gestion",3
M1204,RNCP42680,"Diplôme supérieur en marketing, commerce et gestion ",3
M1803,RNCP41030,Diplôme d'ingénieur d'Efrei Paris (Université Paris- Panthéon Assas),2
I1605,RNCP39651,Brevet de capitaine 200 pêche,1
M1704,RNCP41475,Manager de la stratégie digitale marketing et commerciale,2
C1401,RNCP35923,Administration économique et sociale (fiche nationale),2
M1807,RNCP40511,Ingénieur diplômé de l’Ecole de Biologie Industrielle (EBI),3
D1106,RNCP40141,Employé commercial ,1
H1402,RNCP39306,"Ingénieur diplômé de l'école nationale supérieure d'arts et métiers, spécialité génie mécanique",1
J1411,RNCP42104,Agent technique en prothèses et orthèses,1
L1505,RNCP39397,"Régisseur de spectacle et d'évènement, spécialisation lumière, plateau/scène, son ou vidéo",3
M1707,RNCP39481,Programme grande école,3
M1403,RNCP38616,Concepteur développeur en intelligence artificielle et analyse big data,1
M1503,RNCP41805,Chargé des ressources humaines,1
M1202,RNCP40108,Métiers de la gestion et de la comptabilité : contrôle de gestion (fiche nationale),1
M1605,RNCP38717,Gestion,1
I1310,RNCP41576,Génie industriel et maintenance : Ingénierie des systèmes pluritechniques,1
H2906,RNCP37239,Pilote d'installations de production par procédés,1
I1302,RNCP36968,"Maintenance des systèmes (option A : systèmes de production, option B : systèmes énergétiques et fluidiques, option C : systèmes éoliens, option D : systèmes ascenseurs et élévateurs)",1
M1403,RNCP42404,Economie quantitative,1
H1210,RNCP41566,Génie biologique : Agronomie,1
H1210,RNCP42754,"Ingénieur diplômé de l’Institut Agro Rennes-Angers de l’Institut national d’enseignement supérieur pour l’agriculture, l’alimentation et l’environnement, spécialité agronomie",1
M1804,RNCP42372," Ingénieur diplômé de l’école nationale supérieure d'électronique, informatique, télécommunications, mathématique et mécanique de Bordeaux de l’institut polytechnique de Bordeaux, spécialité télécommunications",1
K1703,RNCP42636,Expert en renseignement et anticipation des risques et menaces (MS),1
H1208,RNCP35711,"Ingénieur diplômé de l’école polytechnique Universitaire de Savoie de l'Université de Chambéry, Spécialité Systèmes Numériques - Instrumentation",3
H1402,RNCP42693,"Ingénieur diplômé de l'Ecole nationale supérieure de mécanique et d'aérotechnique, spécialité Génie industriel pour l'aéronautique et l'espace",1
M1803,RNCP41205,Ingénieur diplômé de CY Tech de CY Cergy Paris Université Spécialité Informatique,2
A1303,RNCP38647,Ingénieur diplômé de l’École nationale supérieure des sciences agronomiques de Bordeaux Aquitaine (Bordeaux Sciences Agro),1
M1503,RNCP38137,Directeur des ressources humaines,1
H1210,RNCP38772,Chargé d'expériences en recherche scientifique,1
M1202,RNCP39442,Diplôme en management,1
M1202,RNCP42261,Diplôme d'études supérieures en développement international et entrepreneuriat,1
M1804,RNCP37925,"Ingénieur diplômé de l’école polytechnique de l'université de Lorraine, spécialité systèmes et technologies de l’information",1
H2502,RNCP42445,"Ingénieur diplômé du Conservatoire national des art et métiers, spécialité Aéronautique et espace",2
H2502,RNCP42535,"Ingénieur diplômé de l’Ecole polytechnique universitaire de l’Institut polytechnique de Grenoble, spécialité Informatique et électronique",2
K2108,RNCP42093,Responsable traduction et exploitation en langues étrangères,1
H1402,RNCP40770,Ingénieur diplômé de l'École nationale d'ingénieurs de Tarbes de l'Université de technologie de Tarbes,1
H2502,RNCP39131,"Ingénieur diplômé du Conservatoire national des arts et métiers, spécialité Génie électrique",2
H2502,RNCP39303,"Ingénieur diplômé de l’École nationale supérieure d'arts et métiers, spécialité mécanique",2
M1502,RNCP39364,Manager en stratégie et développement des ressources humaines,3
F1101,RNCP36941,Espace,1
I1306,RNCP39437,Technicien d'intervention en froid commercial et climatisation,1
M1707,RNCP41960,Manager commercial et marketing,3
M1503,RNCP39595,Manager en ressources humaines,1
I1605,RNCP39821,Brevet de chef mécanicien 3 000 kW,1
K1903,RNCP42328,Juriste d'affaires,2
I1101,RNCP38521,Chef de projet en rénovation énergétique ,1
M1202,RNCP42396,Management et gestion des entreprises (Programme grande école),1
K1903,RNCP38170,Droit bancaire et financier (fiche nationale),2
H1208,RNCP42168,Expert en digitalisation et exploitation des bâtiments,3
H1402,RNCP40264,Manager en numérisation des systèmes industriels,1
M1403,RNCP41383,Ville et environnements urbains (fiche nationale),1
M1207,RNCP41563,"Gestion des entreprises et des administrations : Gestion comptable, fiscale et financière",3
D1402,RNCP41663,Chargé de développement commercial,1
I1101,RNCP38859,"Ingénieur diplômé de l’école polytechnique universitaire de Savoie de l'université de Chambéry, spécialité bâtiment",1
M1202,RNCP41492,Responsable en comptabilité et contrôle de gestion,1
H2502,RNCP37580,"Ingénieur diplômé de l'Ecole polytechnique universitaire de l'Université d'Aix-Marseille, spécialité ""Mécanique énergétique""",2
H2502,RNCP38420,Ingénieur diplômé de l’école européenne d’ingénieurs en génie des matériaux de l’université de Lorraine,2
H2502,RNCP42719,"Ingénieur diplômé de l'Ecole nationale supérieure des Mines de Saint-Etienne, Institut Mines Telecom, spécialité Energétique",2
I1401,RNCP40564,Technicien spécialisé en systèmes IT/OT sécurisés pour l'industrie ou les infrastructures urbaines,1
H1402,RNCP41247,Ingénieur diplômé de l’Ecole d’Ingénieurs du Littoral Côte d’Opale de l'Université du Littoral Côte d'Opale spécialité Génie Industriel,1
M1803,RNCP42149,Data engineer,2
K1601,RNCP41543,Information-Communication : Information numérique dans les organisations,1
M1704,RNCP39612,"Responsable développement commercial mode, luxe, beauté ",2
K1903,RNCP39474,Droit canonique (fiche nationale),2
I1101,RNCP39631,Chef de projet en rénovation énergétique,1
C1206,RNCP36591,Chargé de clientèle particuliers et professionnels en banque et assurance,1
K1903,RNCP38167,Droit européen (fiche nationale),2
H1402,RNCP40455,Ingénieur diplômé de l'ECAM Rennes - Louis de Broglie,1
J1411,RNCP40039,Podo-orthésiste,1
I1310,RNCP40512,Sciences et Ingénierie - Génie Industriel et Systèmes Numériques,1
H2906,RNCP39491,Outillages en outils à découper et à emboutir ,1
M1403,RNCP37837,Data analyst,1
A1303,RNCP40422,Ingénieur diplômé de l’École nationale supérieure agronomique de Toulouse de l'Institut national polytechnique de Toulouse,1
M1503,RNCP39258,Responsable rémunération globale et avantages sociaux ,1
M1704,RNCP41621,Techniques de commercialisation : Business développement et management de la relation client,2
K1903,RNCP36779,Droit des espaces et des activités maritimes (fiche nationale),2
H1210,RNCP39690,Sciences et technologies (fiche nationale),1
M1804,RNCP42295,Ingénieur diplômé de l'institut national des sciences appliquées de Rennes - spécialité électronique,1
M1403,RNCP40513,Sciences et Ingénierie - Informatique pour la Santé,1
M1503,RNCP36422,Diplôme Affaires internationales,1
M1704,RNCP38362,Management commercial opérationnel,2
H1210,RNCP39517,Sciences de la vie (fiche nationale),1
M1804,RNCP42743,"Ingénieur diplomé de l'école polytechnique de Nantes Université, spécialité électronique et technologies numériques",1
C1206,RNCP39109,Conseiller clientèle en banque et assurance,1
M1101,RNCP36391,Manager des achats et la chaîne logistique - Supply chain (MS),1
H1402,RNCP36180,"Ingénieur de l'École nationale supérieure de chimie, de biologie et de physique, de l'Institut polytechnique de Bordeaux (ENSCBP - Bordeaux INP) spécialité agroalimentaire et génie industriel",1
H1402,RNCP38984,Génie mécanique (fiche nationale),1
H1402,RNCP40613,"Ingénieur diplômé de l’institut national des sciences appliquées de Rouen, spécialité Mécanique",1
C1102,RNCP37717,Conseiller commercial,1
I1306,RNCP37876,Monteur dépanneur frigoriste,1
M1403,RNCP40117,Ingénieur diplômé de l’École nationale supérieure d'informatique et de mathématiques appliquées de l'Institut polytechnique de Grenoble,1
M1403,RNCP42652,Data analyst,1
M1403,RNCP42667,Manager mode et luxe,1
H1210,RNCP38974,"Mathématiques, physique, chimie, informatique (fiche nationale)",1
H1210,RNCP41924,"Sciences et ingénierie – Spécialité : Génie Mécanique, des matériaux et aérospatial",1
M1202,RNCP36437,Diplôme d’études supérieures en management des affaires internationales (CESEM),1
C1206,RNCP38613,Chargé de clientèle particuliers,1
C1206,RNCP41452,Expert en stratégie patrimoniale,1
M1605,RNCP39626,Assistant de gestion des petites entreprises ,1
H1402,RNCP38685,Ingénierie de conception (fiche nationale),1
H1402,RNCP41499,"Ingénieur diplômé de l'institut national des sciences appliquées de Rennes, spécialité électronique et informatique industrielle",1
H1402,RNCP42457,"Ingénieur diplômé d'ECAM LaSalle, spécialité génie industriel et mécanique",1
K2111,RNCP39021,Psychologie de l’éducation et de la formation (fiche nationale),3
M1403,RNCP40514,Sciences et ingénierie - Informatique et Systèmes Numériques,1
F1104,RNCP38735, Sciences et ingénierie - Génie Civil et Systèmes Numériques,1
K2112,RNCP38991,Psychologie : Neuropsychologie (fiche nationale),1
M1804,RNCP35457,Réseaux & Télécommunications : Internet des objets et mobilité,1
H1101,RNCP35499,"Génie Industriel et Maintenance : Management, Méthodes et Maintenance Innovante",1
H1101,RNCP40774,"Ingénieur diplômé de l’école polytechnique de Nantes Université, spécialité Matériaux",1
H1402,RNCP37977,"Ingénieur diplômé de l'Institut national des sciences appliquées de Strasbourg, spécialité mécanique",1
H1402,RNCP40766,"Ingénieur spécialisé en Energie et procédés, diplômé de l'Ecole nationale supérieure du pétrole et des moteurs",1
F1101,RNCP40858,Dessinateur BIM en bâtiment et architecture,1
I1306,RNCP41523,Technicien d'exploitation et de maintenance de systèmes énergie propulsion,1
H2906,RNCP42106,Outillages en outils à découper et à emboutir,1
M1403,RNCP39017,Economie (fiche nationale),1
M1503,RNCP38297,Economie du travail et des ressources humaines (fiche nationale),1
M1503,RNCP42252,IA & Management,1
D1402,RNCP42680,"Diplôme supérieur en marketing, commerce et gestion ",1
H1402,RNCP40202,Ingénieur diplômé de l’École Centrale de Nantes spécialité Systèmes Embarqués,1
C1102,RNCP42360,Gestion de patrimoine (fiche nationale),1
M1503,RNCP39467,Humanités et management (fiche nationale),1
M1503,RNCP42646,Coach Professionnel,1
M1804,RNCP40102,Métiers de l'informatique : administration et sécurité des systèmes et des réseaux (fiche nationale),1
C1206,RNCP38026,CQP Chargé de clientèle de professionnels,1
I1307,RNCP42270,Domotique (fiche nationale),1
M1204,RNCP41093,Métiers de la gestion et de la comptabilité : gestion comptable et financière (fiche nationale),3
D1106,RNCP35185,Technicien conseil vente en alimentation (produits alimentaires et boissons),1
M1806,RNCP37903,"Ingénieur diplômé de l’école supérieure de Chimie Physique Electronique de Lyon (CPE Lyon), spécialité informatique et cybersécurité",251
M1806,RNCP40593,Product builder no code,251
M1805,RNCP40202,Ingénieur diplômé de l’École Centrale de Nantes spécialité Systèmes Embarqués,26
M1805,RNCP41208,Ingénieur diplômé de l’Ecole nationale des sciences géographiques,26
M1805,RNCP41283,Ingénieur diplômé de l’École Nationale Supérieure d’Informatique pour l’Industrie et l’Entreprise ,26
H1206,RNCP41379,Ingénieur diplômé de l'Université Paris XIII spécialité Mathématiques Appliquées,14
M1805,RNCP39737,Concepteur développeur d'applications no code ,26
M1805,RNCP41526,"Ingénieur diplômé de l’institut supérieur aquitain du bâtiment et des travaux publics de l'université de Pau, spécialité informatique",26
M1805,RNCP42730,Ingénieur diplômé de l’École nationale supérieure d'informatique et de mathématiques appliquées de l'Institut polytechnique de Grenoble,26
M1806,RNCP35908, Management des systèmes d’information (fiche nationale),251
M1806,RNCP40614,Ingénieur diplôme de l'ECAM Rennes Louis de Broglie spécialité Systèmes numériques,251
M1806,RNCP41990,Chef de projets développement web,251
M1806,RNCP41129,Expert en ingénierie des systèmes d'information,251
H2502,RNCP39565,Ingénieur diplômé de l'Ecole Nationale Supérieure de Chimie de Rennes,2
H2502,RNCP40129,"Ingénieur diplômé de Télécom Saint-Étienne de l'Université de Saint-Étienne, spécialité photonique et informatique industrielle",2
M1805,RNCP41617,"Science des données : Visualisation, conception d'outils décisionnels",26
H1206,RNCP35797,"Ingénieur diplômé de l’école nationale supérieure de Bretagne sud (ENSIBS), spécialité génie industriel",14
H1206,RNCP39053,"Ingénieur diplômé du Conservatoire national des arts et métiers, spécialité Télécommunications et réseaux",14
M1806,RNCP38105,"Ingénieur systèmes, réseaux et cybersécurité",251
M1806,RNCP39486,Mathématiques et informatique appliquées aux sciences humaines et sociales - MIASHS (fiche nationale),251
M1806,RNCP41889,Expert en stratégie et solutions no code/low code,251
M1806,RNCP40234,Expert big data engineer (MS),251
M1806,RNCP40612,"Ingénieur diplômé du CESI, spécialité informatique",251
H1206,RNCP39142,Ingénieur diplômé de l’École nationale supérieure de chimie de Mulhouse de l'université de Mulhouse,14
H1206,RNCP39279,"Calcul haute performance, simulation (fiche nationale)",14
H1206,RNCP42168,Expert en digitalisation et exploitation des bâtiments,14
H1206,RNCP42438,Diplôme d’ingénieur de l’École nationale supérieure des mines d'Albi-Carmaux de l'Institut Mines-Télécom,14
H1206,RNCP38219,Ingénieur diplômé de Télécom Physique Strasbourg de l'Université de Strasbourg,14
H1206,RNCP39335,"Ingénieur diplômé de l’École Polytechnique Universitaire de Sorbonne Université, spécialité Sciences de la Terre",14
H1206,RNCP41582,Génie mécanique et productique : Innovation pour l'industrie,14
M1201,RNCP41189,Diplôme d’études spécialisées en management et innovation,12
H1206,RNCP38680,"Ingénieur diplômé de l'école nationale supérieure des mines d'Alès de l'Institut Mines-Télécom, spécialité mécatronique",14
H1206,RNCP40467,"Ingénieur diplômé de CentraleSupélec, spécialité Génie Electrique",14
H1206,RNCP41584,Génie mécanique et productique : Simulation numérique et réalité virtuelle,14
H1206,RNCP41700,Designer produit et innovation,14
M1806,RNCP35994,"Ingénieur diplômé de l’Ecole Polytechnique Universitaire de Savoie de l'Université de Chambéry, Spécialité Informatique",251
M1806,RNCP41154,Ingénieur diplômé de Télécom SudParis de l'Institut Mines-Télécom (Institut Polytechnique de Paris),251
M1810,RNCP42185,Expert en infrastructures et solutions blockchain,10
M1806,RNCP41616,Science des données : Exploration et modélisation statistique,251
M1801,RNCP37300,Responsable en cybersécurité,9
M1806,RNCP41165,"Ingénieur diplômé de CentraleSupélec, spécialité Cybersécurité",251
M1806,RNCP41724,Architecte blockchain,251
M1806,RNCP39279,"Calcul haute performance, simulation (fiche nationale)",251
M1806,RNCP40694,Ingénieur diplômé de l’École nationale de la statistique et de l'analyse de l'information du Groupe des écoles nationales d'économie et statistique,251
M1806,RNCP40730,Ingénieur diplômé de l’Ecole Centrale de Lille de Centrale Lille Institut,251
M1801,RNCP38140,Architecte réseaux et cybersécurité (MS),9
M1806,RNCP40167,Expert en ingénierie de données massives et intelligence artificielle,251
M1802,RNCP41678,Opérateur en cybersécurité,13
M1806,RNCP42082,Expert en cybersécurité industrielle,251
M1806,RNCP37394,"Ingénieur de l'école nationale supérieure d'ingénieurs du Mans de l'université du Mans, spécialité informatique",251
M1806,RNCP39126,"Ingénieur diplômé du Conservatoire national des arts et métiers, spécialité Informatique",251
M1806,RNCP41208,Ingénieur diplômé de l’Ecole nationale des sciences géographiques,251
M1806,RNCP35781,"Ingénieur de l'école nationale supérieure des sciences appliquées et de technologie, spécialité informatique et technologies de l'information",251
M1806,RNCP35401,Science des données : exploration et modélisation statistique,251
H1206,RNCP36096,Eco-épidémiologie (fiche nationale),14
H1206,RNCP37907,Ingénieur diplômé de l'Ecole Centrale de Marseille,14
H1206,RNCP39802,"Ingénieur diplômé du Conservatoire national des arts et métiers, spécialité Chimie",14
H1206,RNCP40020,"Ingénieur diplômé de l’école polytechnique universitaire de l’université de Tours, spécialité mécanique et génie mécanique",14
H1206,RNCP41281,Ingénieur diplômé de l'institut national des sciences appliquées de Rennes - spécialité génie civil et urbain,14
H1206,RNCP42381,Ingénieur diplômé de l'Ecole centrale d'électronique,14
M1802,RNCP38172,Droit du numérique (fiche nationale),13
M1802,RNCP40228,Ingénieur diplômé de l'Institut d'ingénierie informatique de Limoges,13
M1802,RNCP40572,Architecte Internet des objets (IoT),13
M1810,RNCP38678,"Ingénieur diplômé de l'école nationale supérieure des mines d'Alès de l'Institut Mines-Télécom, spécialité informatique et réseaux",10
M1810,RNCP39445,Ingénieur diplômé de l'Institut supérieur d'électronique de Paris,10
M1805,RNCP38616,Concepteur développeur en intelligence artificielle et analyse big data,26
M1805,RNCP39586,Ingénieur en science des données spécialisé en infrastructure data ou en apprentissage automatique,26
M1805,RNCP40116,Informatique (fiche nationale),26
M1805,RNCP41483,Product builder no-code,26
M1803,RNCP40817,"Ingénieur diplômé de l'Institut national des sciences appliquées Hauts-de-France, spécialité Informatique et Cybersécurité ",2
H2502,RNCP39909,Ingénieur diplômé de l’Ecole supérieure de physique et de chimie industrielles de la ville de Paris,2
H2502,RNCP40562,CQP Responsable de secteur d'activités industrielles,2
M1805,RNCP37212,Assistant intégrateur web,26
M1805,RNCP42295,Ingénieur diplômé de l'institut national des sciences appliquées de Rennes - spécialité électronique,26
M1806,RNCP38222,"Ingénieur diplômé de l'institut national des sciences appliquées de Strasbourg, spécialité topographie",251
M1806,RNCP41248,Ingénieur diplômé de l’Ecole d’Ingénieurs du Littoral Côte d’Opale de l'Université du Littoral Côte d'Opale spécialité Informatique,251
M1806,RNCP35478,Informatique : Intégration d'applications et management du système d'information,251
M1806,RNCP37744,Expert en ingénierie informatique,251
M1806,RNCP42447,"Ingénieur diplômé du Conservatoire national des arts et métiers, spécialité Topographie et génie de l’aménagement",251
M1502,RNCP39614,Coach professionnel,3
M1805,RNCP37264,Architecte de solutions digitales pour le transport et la mobilité (MS),26
M1802,RNCP39061,"Ingénieur diplômé de l'École Nationale Supérieure d'Électricité et de Mécanique de Nancy de l'Université de Lorraine, spécialité Systèmes Numériques",13
M1802,RNCP39781,Expert réseaux infrastructures et sécurité,13
I1306,RNCP40030,Gestion et maintenance des installations énergétiques (fiche nationale),1
M1201,RNCP40662,Expert en stratégies financières et investissements responsables (MS),12
M1805,RNCP39128,"Ingénieur diplômé du Conservatoire national des arts et métiers, spécialité Informatique et multimédia",26
M1805,RNCP40293,Métiers de l'informatique : systèmes d'information et gestion de données (fiche nationale),26
M1703,RNCP41052,Diplôme avancé en management durable des entreprises et des technologies,7
M1707,RNCP40504,Management des activités commerciales (fiche nationale),3
M1707,RNCP42642,Manager de business unit,3
M1802,RNCP39451,"Ingénieur diplômé de l'Ecole d'ingénieurs Denis-Diderot de l'Université Paris Cité, spécialité Bioinformatique",13
M1802,RNCP39273,"Diplôme Supérieur en Analyse, Intelligence et Sécurité des Données",13
M1805,RNCP38906,Architecte internet des objets,26
M1805,RNCP40736,Ingénieur diplômé de l’Institut supérieur de l’électronique et du numérique - JUNIA,26
M1801,RNCP42163,Responsable green IT,9
H1206,RNCP40127,"Ingénieur diplômé de l'Ecole internationale du papier, de la communication imprimée et des biomatériaux de l’Institut polytechnique de Grenoble",14
M1802,RNCP42345,Expert cybersécurité,13
K1601,RNCP40691,Métiers du livre : documentation et bibliothèques (fiche nationale),1
M1805,RNCP40729,"Diplôme en sciences des données, société et organisations",26
M1805,RNCP42444,"Ingénieur diplômé du Conservatoire national des arts et métiers, spécialité Agro-industries et systèmes numériques",26
M1805,RNCP38606,Développeur full stack,26
M1805,RNCP39334,"Ingénieur diplômé de l’École Polytechnique Universitaire de Sorbonne Université, spécialité Robotique",26
M1805,RNCP39998,Spécialiste en maîtrise d’ouvrage des SI,26
M1805,RNCP40593,Product builder no code,26
M1805,RNCP41004,"Sciences et ingénierie, Sciences du management - Technologie et Management",26
M1805,RNCP39300,"Ingénieur de l'Ecole nationale supérieure des sciences applicatives et du risque (ENSAR) , spécialité Science de la donnée",26
M1805,RNCP40228,Ingénieur diplômé de l'Institut d'ingénierie informatique de Limoges,26
M1805,RNCP42034,"ingénieur diplômé de l’Ecole polytechnique universitaire de Savoie de l’université de Chambéry, spécialité  systèmes embarqués - automatique",26
M1805,RNCP41412,Architecte IoT et sécurité des systèmes connectés,26
M1805,RNCP39762,Expert en transformation digitale et technologique no-code,26
M1805,RNCP40208,"Ingénieur diplômé de l’école polytechnique universitaire de l’université de Tours, spécialité informatique industrielle",26
M1805,RNCP40747," Titre ingénieur - Ingénieur diplômé de l'Ecole Polytechnique universitaire de l'Université de Lille, spécialité Informatique et mathématiques appliquées",26
M1803,RNCP40509,E-commerce et marketing numérique (fiche nationale),2
M1803,RNCP41879,Consultant en assistance à maîtrise d'ouvrage informatique,2
M1802,RNCP35455,Réseaux & Télécommunications : Cybersécurité,13
M1802,RNCP41445,Expert en cybersécurité (MS),13
D1406,RNCP39366,CQP Manager commercial cuisines et/ou aménagement intérieur ,5
D1406,RNCP37691,Langues et commerce international (fiche nationale),5
M1201,RNCP41210,"Ingénieur diplômé de l'institut national des sciences appliquées de Toulouse, spécialité mathématiques appliquées",12
M1704,RNCP36530,Manager relation client,2
M1704,RNCP38753,Diplôme d’études supérieures en commerce et management opérationnel,2
M1203,RNCP40999,Diplôme de comptabilité et de gestion (DCG),4
M1201,RNCP42670,Diplôme d’études supérieures d’analyste financier,12
M1102,RNCP36368,Manager du développement d’affaires à l’international,3
H1206,RNCP37944,"Ingénieur diplômé de l’Ecole Supérieure d’Ingénieurs de Recherche en Matériaux de l’Université Bourgogne Europe (ESIREM), spécialité Robotique",14
H1206,RNCP41260,"Ingénieur diplômé de l’école nationale supérieure en génie des technologies industrielles de l’université de Pau, spécialité énergétique",14
M1801,RNCP41922,"Ingénieur diplômé de l'école supérieure d'ingénieurs Réunion océan Indien de l'université de La Réunion, spécialité informatique",9
M1801,RNCP42317,Expert en informatique et système d'information ,9
M1805,RNCP40822,"Ingénieur diplômé de l’Institut national des sciences appliquées Hauts-de-France, spécialité Informatique  Industrielle et Automatique ",26
M1805,RNCP42237,"Ingénieur diplômé de l'École supérieure angevine d'informatique et de productique, spécialité informatique et réseaux",26
M1805,RNCP42556,"Ingénieur diplômé de l'école polytechnique universitaire de l'Université d'Orléans, spécialité Génie physique et systèmes embarqués",26
G1302,RNCP40279,Chargé de développement d'activités touristiques,12
M1802,RNCP38296,Economie des organisations (fiche nationale),13
M1802,RNCP41208,Ingénieur diplômé de l’Ecole nationale des sciences géographiques,13
H1206,RNCP39267,"Ingénieur diplômé du Conservatoire national des arts et métiers, spécialité Génie nucléaire",14
H1206,RNCP40730,Ingénieur diplômé de l’Ecole Centrale de Lille de Centrale Lille Institut,14
M1802,RNCP39445,Ingénieur diplômé de l'Institut supérieur d'électronique de Paris,13
M1802,RNCP40116,Informatique (fiche nationale),13
H1210,RNCP38543,Photonique : Technologies et Sciences de la Lumière,1
M1810,RNCP41613,Réseaux & télécommunications : Internet des objets et mobilité,10
M1810,RNCP42463,Technicien supérieur systèmes et réseaux ,10
H1206,RNCP35795,"Ingénieur diplômé de l’institut national des sciences appliquées de Rouen, spécialité informatique industrielle",14
H1206,RNCP38408,Ingénieur diplômé de l'Institut Supérieur des Biotechnologies de Paris,14
M1802,RNCP42285,"Ingénieur de l'école nationale supérieure des sciences appliquées et de technologie, spécialité informatique",13
M1805,RNCP39451,"Ingénieur diplômé de l'Ecole d'ingénieurs Denis-Diderot de l'Université Paris Cité, spécialité Bioinformatique",26
M1805,RNCP39623,Développeur informatique,26
M1805,RNCP40514,Sciences et ingénierie - Informatique et Systèmes Numériques,26
M1805,RNCP40816,"Ingénieur diplômé de l'Institut national des sciences appliquées Hauts-de-France, spécialité Génie Electrique et Informatique Industrielle ",26
M1805,RNCP37880,"Ingénieur diplômé de l’Ecole Polytechnique Universitaire de l’Institut polytechnique de Grenoble (UGA), spécialité Technologies de l’information pour la santé",26
M1805,RNCP39907,"Ingénieur spécialisé en sécurité pour les systèmes informatiques et les communications, diplômé d'EURECOM",26
M1805,RNCP40534,"Ingénieur diplômé de l'École Supérieure de Chimie, Physique, Électronique de Lyon, spécialité informatique et réseaux",26
M1805,RNCP37473,Sciences et Ingénierie - Cybersécurité,26
M1805,RNCP39608,Concepteur développeur web full stack,26
M1810,RNCP40123,Métiers des réseaux informatiques et télécommunications (fiche nationale),10
M1801,RNCP35502,Métiers du Multimédia et de l’Internet : Développement web et dispositifs interactifs,9
M1801,RNCP38004,Expert en ingénierie informatique,9
C1202,RNCP42296,Manager de la performance des organisations par la data,12
D1406,RNCP42481,Directeur commercial marketing et stratégie digitale,5
K1903,RNCP40075,"Droit de la propriété intellectuelle, du numérique et de l’espace (fiche nationale)",2
D1403,RNCP37980,Paysan-herboriste,2
M1501,RNCP42355,Administration économique et sociale (fiche nationale),4
H1206,RNCP41558,Chimie : Matériaux et produits formulés,14
H1206,RNCP41169,"Ingénieur de l'école nationale supérieure des sciences appliquées et de technologie, spécialité photonique et électronique",14
H1206,RNCP42449,"Ingénieur diplômé de l’école nationale supérieure d'électronique, informatique, télécommunications, mathématique et mécanique de Bordeaux de l’institut polytechnique de Bordeaux, spécialité électronique",14
H1206,RNCP36430,Ingénieur diplômé de l'École Nationale Supérieure de Technologie des Biomolécules de Bordeaux de l’Institut Polytechnique de Bordeaux (ENSTBB – Bordeaux INP),14
H1206,RNCP36793,"Ingénieur diplômé de l’école nationale supérieure d'électronique, informatique, télécommunications, mathématique et mécanique de Bordeaux de l’institut polytechnique de Bordeaux, spécialité réseaux et informatique",14
H1206,RNCP39472,"Ingénieur diplômé de l’école d’ingénieurs de l’université de Caen, spécialité génie industriel",14
H1206,RNCP42569,"Ingénieur diplômé du Conservatoire national des arts et métiers, spécialité Chimie",14
H1206,RNCP37594,"Ingénieur diplômé de l'Université de technologie de Troyes, spécialité Matériaux et Mécanique",14
H1206,RNCP37902,"Ingénieur diplômé de l'Université de technologie de Troyes, spécialité Génie mécanique",14
H1206,RNCP38640,"Ingénieur diplômé de l'Université de Technologie de Belfort-Montbéliard, spécialité Mécanique",14
H1206,RNCP39850,Manager de la sécurité dans le système du transport aérien (MS),14
H1206,RNCP42378,"Ingénieur diplômé de l’école d'ingénieurs ENSIL- ENSCI de l'université de Limoges, spécialité électronique et télécommunications",14
H1206,RNCP42417,Ingénieur diplômé de l'école supérieure des agricultures ,14
M1801,RNCP35401,Science des données : exploration et modélisation statistique,9
M1801,RNCP35455,Réseaux & Télécommunications : Cybersécurité,9
M1801,RNCP39978,Architecte des systèmes d’information dans les processus industriels,9
M1801,RNCP41003,Sciences et Ingénierie - Technologie de l'information et multimédia,9
M1805,RNCP35799,"Ingénieur diplôme de l’école nationale supérieure de Bretagne sud (ENSIBS), spécialité : Sécurité des systèmes d'information ",26
M1805,RNCP39445,Ingénieur diplômé de l'Institut supérieur d'électronique de Paris,26
M1805,RNCP41993,Architecte en intelligence artificielle,26
M1805,RNCP42055,Product builder no code,26
H1402,RNCP38932,Responsable de la numérisation des systèmes et processus de production,1
M1803,RNCP36857,Manager stratégique de l'information et des technologies (MS),2
H2502,RNCP37743,"Ingénieur diplômé de l'Université de technologie de Troyes, spécialité Génie industriel",2
H2502,RNCP40815,Métiers de l'industrie : conception et amélioration de processus et procédés industriels (fiche nationale),2
H2502,RNCP41259,"Ingénieur diplômé de l’école nationale supérieure en génie des technologies industrielles de l’université de Pau, spécialité génie des procédés",2
H2502,RNCP42232,"Ingénieur diplômé de l’École polytechnique universitaire de l'université Lyon-I, spécialité matériaux",2
L1505,RNCP36416,"Ingénieur diplômé de l'Ecole supérieure d'Ingénieurs de Rennes, Spécialité Informatique",3
M1802,RNCP38779,Manager en infrastructures et cybersécurité des systèmes d’information,13
M1802,RNCP41246,"Ingénieur diplômé de l'Institut supérieur d'informatique, de modélisation et de leurs applications de l'institut national polytechnique Clermont Auvergne",13
M1802,RNCP42655,Data engineer,13
M1802,RNCP35799,"Ingénieur diplôme de l’école nationale supérieure de Bretagne sud (ENSIBS), spécialité : Sécurité des systèmes d'information ",13
M1810,RNCP37579,"Ingénieur diplômé de l'Ecole polytechnique universitaire d'Aix-Marseille Université, spécialité ""Informatique""",10
M1201,RNCP41881,Expert en finance de marché,12
M1707,RNCP42666,Diplôme d’études avancées en management international des entreprises,3
M1707,RNCP42731,"Ingénieur diplômé de l’Institut national d’enseignement supérieur et de recherche en alimentation, santé animale, sciences agronomiques et de l’environnement",3
M1707,RNCP40881,Responsable de zone import-export,3
M1802,RNCP39580,Architecte des systèmes d'information dans les processus industriels (MS),13
M1201,RNCP35913, Finance (fiche nationale),12
M1403,RNCP40789,Affaires Internationales et Développement,1
H1206,RNCP40814,Ingénieur diplômé de l'Ecole Nationale Supérieure de Chimie de Lille de Centrale Lille Institut,14
H1206,RNCP41333,Manager de l'innovation technologique (MS),14
M1801,RNCP39582,Expert en architecture des systèmes d’information ,9
M1204,RNCP42254,"Diplôme supérieur en marketing, vente et gestion",3
M1802,RNCP40117,Ingénieur diplômé de l’École nationale supérieure d'informatique et de mathématiques appliquées de l'Institut polytechnique de Grenoble,13
A1303,RNCP39208,Manager de projets géomatiques (MS),1
M1503,RNCP38460,Manager en ressources humaines,1
H1206,RNCP39062,"Ingénieur diplômé de l'université de Toulon, spécialité matériaux",14
H1206,RNCP40976,"ingénieur diplômé de l'Institut national des sciences appliquées de Lyon, spécialité biotechnologies et bioinformatique",14
H1206,RNCP41634,Génie biologique : Biologie médicale et biotechnologie,14
M1805,RNCP39046,"Ingénieur diplômé de l’école d’ingénieurs de l’université de Caen, spécialité mécatronique et systèmes embarqués ",26
M1805,RNCP40494,Ingénieur diplômé de l’Ecole nationale d’ingénieurs de Brest,26
M1805,RNCP42501,Développeur intégrateur web,26
M1802,RNCP38585,Délégué à la protection des données (MS),13
M1802,RNCP39774,Expert en architecture informatique,13
M1202,RNCP36686,Programme grande école,1
M1805,RNCP36050,Sciences et numérique pour la santé (fiche nationale),26
M1805,RNCP41585,"Informatique : Administration, gestion et exploitation des données",26
M1703,RNCP38133,Manager marketing et communication (MS),7
M1703,RNCP41235,"Diplôme Supérieur en marketing, commerce et gestion",7
D1406,RNCP36756,Administration et échanges internationaux (fiche nationale),5
M1204,RNCP35917,Management (fiche nationale),3
H1206,RNCP40541,Ingénieur diplômé de l'Ecole Nationale Supérieure des Arts et Industries textiles,14
H1206,RNCP38492,Manager de l’innovation dans les agro-activités et bio-industries (MS),14
H1206,RNCP41160,Ingénieur diplômé de l'école nationale supérieure de techniques avancées (Institut polytechnique de Paris),14
H1206,RNCP41245,"Ingénieur diplômé de l'Ecole d'ingénieurs SIGMA Clermont de l'institut national polytechnique Clermont Auvergne, spécialité mécanique et génie industriel",14
H1206,RNCP41501,"Ingénieur diplômé de l'université Paris X, spécialité mécanique",14
H1206,RNCP42558,Biologie (fiche nationale),14
H1101,RNCP39228,CQP Technicien de maintenance des systèmes informatiques,1
M1201,RNCP41065,Statistique et économie du risque (fiche nationale),12
M1201,RNCP41213,Ingénieur diplômé de CY Tech de CY Cergy Paris Université Spécialité mathématiques appliquées,12
M1201,RNCP41283,Ingénieur diplômé de l’École Nationale Supérieure d’Informatique pour l’Industrie et l’Entreprise ,12
M1810,RNCP42335,"Expert de la sécurité des données, des réseaux et des systèmes",10
M1801,RNCP40122,"Ingénieur diplômé de l’école polytechnique universitaire de l’université de Tours, spécialité informatique ",9
M1805,RNCP41825,"Ingénieur diplômé de l'Université de technologie de Troyes, spécialité Systèmes Numériques",26
H1402,RNCP42696,"Ingénieur diplômé de l'Institut supérieur d'aéronautique et de l'espace, spécialité Génie industriel pour l'aéronautique et l'espace",1
C1102,RNCP41351,CQP Chargé de relation clientèle assurance,1
H1206,RNCP35480,Mesures Physiques : Matériaux et Contrôles Physico-Chimiques,14
H1206,RNCP42692,"Ingénieur diplômé de l'Ecole nationale supérieure des ingénieurs en arts chimiques et technologiques, spécialité matériaux",14
M1810,RNCP36501,Technicien systèmes et réseaux,10
M1810,RNCP36963,Sciences des systèmes communicants  (fiche nationale),10
M1803,RNCP40165,Expert en architectures sécurisées des systèmes d'information,2
H2502,RNCP40637,"Ingénieur spécialisé en Management électricité et numérique, diplômé de l'Ecole nationale supérieure du pétrole et des moteurs",2
M1805,RNCP37300,Responsable en cybersécurité,26
M1805,RNCP39279,"Calcul haute performance, simulation (fiche nationale)",26
M1805,RNCP40219," Ingénieur diplômé de l’École nationale supérieure d’ ingénieurs de Caen, spécialité Informatique",26
M1805,RNCP40554,Architecte Internet des objets (IoT),26
M1802,RNCP35458,Réseaux & Télécommunications : Pilotage de projets de réseaux,13
M1802,RNCP37870,"Ingénieur diplômé de l’Ecole Supérieure d’Ingénieurs de Recherche en Matériaux de l’Université Bourgogne Europe (ESIREM), spécialité Electronique et Systèmes numériques",13
M1703,RNCP39650,Ingénieur d'affaires industrielles,7
I1310,RNCP41864,"Maintenance des véhicules – options : véhicules légers, véhicules de transport routier et motocycles ",1
M1707,RNCP40445,Métiers du commerce international (fiche nationale),3
M1707,RNCP42676,Programme grande école ,3
H2903,RNCP41287,Technicien reconstructeur de moteurs thermiques et d'organes,1
M1802,RNCP39300,"Ingénieur de l'Ecole nationale supérieure des sciences applicatives et du risque (ENSAR) , spécialité Science de la donnée",13
M1802,RNCP39460,Traitement automatique des langues (fiche nationale),13
M1805,RNCP37600,"Ingénieur diplômé de l’école polytechnique universitaire de l'université de Nantes, spécialité électronique et technologies numériques",26
M1805,RNCP39009,Économie appliquée (fiche nationale),26
M1805,RNCP39717,Chef de projet blockchain en applications financières décentralisées,26
M1805,RNCP41265,"Ingénieur diplômé de l'institut national des sciences appliquées de Rennes, spécialité informatique",26
H1206,RNCP35973,Sciences et techniques des activités physiques et sportives : ergonomie du sport et performance motrice (fiche nationale),14
H1206,RNCP36856,Manager de la performance énergétique (MS),14
H1206,RNCP38774,Expert en optimisation des systèmes énergétiques (MS),14
H1206,RNCP39303,"Ingénieur diplômé de l’École nationale supérieure d'arts et métiers, spécialité mécanique",14
H1206,RNCP39893,"Ingénieur diplômé de l'Ecole Supérieure d'Informatique, Electronique, Automatique",14
H1206,RNCP40763,"Ingénieur spécialisé en Procédés et polymères, diplômé de l'Ecole nationale supérieure du pétrole et des moteurs",14
H1206,RNCP42291,"Ingénieur diplômé de l'école nationale supérieure de techniques avancées, spécialité mécanique",14
M1805,RNCP39394,Expert en systèmes d’information et sécurité,26
A1303,RNCP39913,"Ingénieur diplômé de l’Institut Agro Rennes-Angers de l’Institut national d’enseignement supérieur pour l’agriculture, l’alimentation et l’environnement (Institut Agro), spécialité horticulture",1
A1303,RNCP42414,Ethologie (fiche nationale),1
D1406,RNCP41966,Manager du développement commercial,5
M1401,RNCP35401,Science des données : exploration et modélisation statistique,1
M1703,RNCP42628,"Chef de produits mode, luxe et textile",7
E1105,RNCP40466,Création artistique (fiche nationale),2
M1704,RNCP42390,Développeur commercial et marketing,2
M1201,RNCP40177,Expert en Stratégie Financière,12
M1201,RNCP41793,Expert en management des risques,12
M1201,RNCP42015, Diplôme de l'Ecole Polytechnique - Science et technologie (délivré à titre international),12
M1102,RNCP42667,Manager mode et luxe,3
M1203,RNCP41644,Comptable,4
H1206,RNCP36535,"Ingénieur diplômé de l’ENSIL-ENSCI de l'Université de Limoges, Spécialité Électronique et Télécommunications ",14
H1206,RNCP38882,Développement et réalisation bois,14
M1810,RNCP37682,Technicien supérieur systèmes et réseaux,10
M1810,RNCP39394,Expert en systèmes d’information et sécurité,10
M1707,RNCP36325,Diplôme d’études supérieures en management international,3
M1707,RNCP36682,Programme Grande Ecole ,3
M1802,RNCP41147,"Ingénieur diplômé de l’institut national des sciences appliquées de Rouen, spécialité Mathématiques appliquées",13
M1802,RNCP41418,Expert en ingénierie et sécurité des systèmes d'information,13
M1202,RNCP37515,Expert en contrôle de gestion et audit,1
M1807,RNCP41856,Acoustique (fiche nationale),3
L1505,RNCP40072,Réalisateur audiovisuel,3
M1810,RNCP42520,Expert DevOps,10
M1703,RNCP38092,Programme Grande Ecole,7
D1406,RNCP40444,Métiers du tourisme : commercialisation des produits touristiques (fiche nationale),5
M1204,RNCP41223,"Diplôme Supérieur en Marketing, Commerce et Gestion",3
H1206,RNCP36178,"Ingénieur diplômé de l'École nationale supérieure d’électronique, informatique, télécommunications, mathématique et mécanique de Bordeaux de l’Institut polytechnique de Bordeaux, spécialité mathématiques appliquées et mécanique",14
H1206,RNCP40510,Métiers de l'industrie : industrie navale et maritime (fiche nationale),14
H1206,RNCP40968,"Ingénieur diplômé de l’école polytechnique universitaire de l’institut national polytechnique Clermont Auvergne, spécialité mathématiques appliquées (Université Clermont Auvergne)",14
H1206,RNCP41031,"Ingénieur diplômé de l'Ecole publique d'ingénieurs de la santé et du numérique de l'Université Paris Est Créteil Val-de-Marne, spécialité Génie Biomédical et Santé",14
H2502,RNCP40455,Ingénieur diplômé de l'ECAM Rennes - Louis de Broglie,2
H1206,RNCP39791,"Ingénieur diplômé de l’Ecole Polytechnique Universitaire de l’Université Lyon-I, spécialité Génie Biomédical",14
H1206,RNCP40046,Intelligence Artificielle appliquée aux enjeux sociétaux,14
H1206,RNCP40132,"Ingénieur diplômé de l’école nationale supérieure d’ingénieurs de Reims de l’université de Reims, spécialité énergétique",14
H1206,RNCP41272,"Ingénieur diplômé de l’Ecole supérieure de chimie physique électronique de Lyon (CPE), spécialité chimie, génie des procédés",14
C1106,RNCP41338,Souscripteur en assurance et réassurance,1
M1810,RNCP41171,"Ingénieur diplômé de l’institut des sciences et techniques des Yvelines de l’université de Versailles-Saint-Quentin-en-Yvelines, spécialité informatique",10
M1801,RNCP40744,Sciences et ingénierie - Cybersécurité ,9
M1801,RNCP37454,Technicien supérieur systèmes et réseaux ,9
M1801,RNCP39278,Informatique (fiche nationale),9
M1801,RNCP42164,Architecte des systèmes d'information (MS),9
H1402,RNCP42095,"Ingénieur diplômé de l'Institut national des sciences appliquées de Lyon, spécialité génie mécanique",1
H1206,RNCP37201,"Ingénieur diplômé de l’école nationale supérieure d'électronique, informatique, télécommunications, mathématique et mécanique de Bordeaux de l’institut polytechnique de Bordeaux, spécialité électronique",14
H1206,RNCP37929,"Ingénieur diplômé de l'école polytechnique universitaire d'Université Côte d’Azur, spécialité Mathématiques Appliquées  ",14
H1206,RNCP39668,"Ingénieur Diplômé de l'Ecole Nationale de Mécanique et d'Aérotechnique, spécialité Génie industriel pour l'Aéronautique et l'Espace",14
H1206,RNCP40554,Architecte Internet des objets (IoT),14
H1206,RNCP41371,"Ingénieur diplômé de CentraleSupélec, spécialité Génie Physique",14
G1302,RNCP42171,Manager des activités du tourisme et des voyages,12
M1803,RNCP36115,"Ingénieur diplômé de l’Ecole nationale supérieure Mines-Télécom Atlantique Bretagne Pays de la Loire de l’Institut Mines-Télécom, spécialité Informatique",2
M1803,RNCP41153,"Ingénieur diplômé de l’école nationale supérieure Mines- Télécom Lille Douai de l'Institut Mines-Télécom, spécialité télécommunications et informatique",2
M1803,RNCP42325,Manager de projets en informatique et systèmes d'information (MS),2
H2502,RNCP40016, Ingénieur diplômé de l’Ecole nationale supérieure de génie industriel de l’Institut polytechnique de Grenoble (Université Grenoble Alpes),2
H2502,RNCP40522,Ingénieur diplômé de l'Ecole Nationale Supérieure de Chimie de Montpellier,2
H2502,RNCP41020,"Ingénieur diplômé de l’Institut supérieur de mécanique de Paris, spécialité Génie Industriel pour l’Aéronautique et l’Espace",2
H2502,RNCP41099,Ingénieur Bioprocédés (MS),2
I1302,RNCP36247,Technicien supérieur de maintenance industrielle,1
M1707,RNCP36119,Manager du marketing et de la transformation digitale,3
M1707,RNCP42266,Diplôme en management international de la pâtisserie,3
M1707,RNCP42669,Diplôme d'études supérieures spécialisées en management des organisations,3
M1802,RNCP39586,Ingénieur en science des données spécialisé en infrastructure data ou en apprentissage automatique,13
M1802,RNCP42578,Intelligence artificielle et société,13
M1810,RNCP38779,Manager en infrastructures et cybersécurité des systèmes d’information,10
M1802,RNCP37925,"Ingénieur diplômé de l’école polytechnique de l'université de Lorraine, spécialité systèmes et technologies de l’information",13
K2402,RNCP40946,Ingénieur diplômé de l’Ecole nationale supérieure de chimie de Paris (ENSCP),3
M1802,RNCP39585,Chef de projet système d'information,13
M1802,RNCP40824,"ingénieur diplômé de CentraleSupélec, spécialité Informatique",13
M1802,RNCP41248,Ingénieur diplômé de l’Ecole d’Ingénieurs du Littoral Côte d’Opale de l'Université du Littoral Côte d'Opale spécialité Informatique,13
K1601,RNCP39183,"Techniques, Patrimoine, Territoires de l'industrie : histoire, valorisation didactique (fiche nationale)",1
K2402,RNCP37907,Ingénieur diplômé de l'Ecole Centrale de Marseille,3
M1204,RNCP36567,Diplôme Programme Grande Ecole,3
A1303,RNCP40323,"Agriculture biologique : production, conseil, certification et commercialisation (fiche nationale)",1
M1503,RNCP38241,CQP Chargé de ressources humaines,1
I1605,RNCP39826,Certificat de marin qualifié machine,1
M1801,RNCP37881,"Ingénieur diplômé de l’Ecole Supérieure d’Ingénieurs de Recherche en Matériaux de l’Université Bourgogne Europe (ESIREM), spécialité Informatique et Réseaux ",9
H1206,RNCP38641,"Ingénieur diplômé de l'Université de Strasbourg, spécialité chimie-biotechnologies",14
H1206,RNCP42196,Ingénieur en analyse et gestion des systèmes biologiques,14
H1210,RNCP41955,Biologie analytique et expérimentale (fiche nationale),1
M1707,RNCP41055,Manager d'Affaires Internationales et de Projets Innovants ,3
H1206,RNCP39169,"Ingénieur diplômé de l’École nationale supérieure d’arts et métiers, spécialité Génie électrique",14
H1206,RNCP40261,Technicien en conception d'études et développement électronique,14
M1802,RNCP37394,"Ingénieur de l'école nationale supérieure d'ingénieurs du Mans de l'université du Mans, spécialité informatique",13
M1802,RNCP38321,"Ingénieur diplômé de l'Institut Supérieur de l'Electronique et du Numérique, spécialité électronique et informatique industrielle",13
M1802,RNCP42239,"Ingénieur diplômé de Télécom Saint-Etienne de l'Université Jean Monnet, spécialité informatique et électronique",13
M1802,RNCP42707,"Ingénieur diplômé de l'Institut national des sciences appliquées de Toulouse, spécialité informatique et réseaux",13
M1802,RNCP42735,"Ingénieur de l'école nationale supérieure des sciences appliquées et de technologie, spécialité informatique et technologies de l'information",13
M1202,RNCP41331,Expert en audit et contrôle,1
M1801,RNCP42302,Sciences et Ingénierie - Informatique et systèmes numériques,9
M1703,RNCP38583,Manager du développement commercial ,7
D1406,RNCP39612,"Responsable développement commercial mode, luxe, beauté ",5
M1204,RNCP42371,Diplôme d’études supérieures en management international,3
D1106,RNCP39990,CQP Vendeur conseil caviste,1
D1106,RNCP42214,Boucher charcutier traiteur (CTM),1
M1501,RNCP37131,Diplôme en management international,4
M1805,RNCP35908, Management des systèmes d’information (fiche nationale),26
M1805,RNCP40164,Directeur artistique en stratégie et design de marque,26
M1805,RNCP42082,Expert en cybersécurité industrielle,26
H2502,RNCP38708,Sciences et génie des matériaux (fiche nationale),2
H2502,RNCP40023,"Ingénieur diplomé de l'école nationale supérieure d'ingénieurs de Caen, spécialité génie industriel",2
H1206,RNCP36781,Géoénergies (fiche nationale),14
H1206,RNCP39564,Ingénieur diplômé de l'institut supérieur des matériaux du Mans,14
H1206,RNCP40129,"Ingénieur diplômé de Télécom Saint-Étienne de l'Université de Saint-Étienne, spécialité photonique et informatique industrielle",14
H1206,RNCP40614,Ingénieur diplôme de l'ECAM Rennes Louis de Broglie spécialité Systèmes numériques,14
H1206,RNCP42289,"Ingénieur diplômé de l'école nationale supérieure de techniques avancées et de l'institut supérieur de l'aéronautique et de l'espace, spécialité défense et sécurité",14
H1206,RNCP42479,Projeteur en ingénierie d'installation générale industrielle,14
H1206,RNCP42543,"Ingénieur diplômé de l’école nationale supérieure d’ingénieurs de Reims de l’université de Reims, spécialité emballage et conditionnement",14
M1801,RNCP41586,Informatique : Déploiement d'applications communicantes et sécurisées,9
H1402,RNCP38641,"Ingénieur diplômé de l'Université de Strasbourg, spécialité chimie-biotechnologies",1
H1206,RNCP39880,Expert en digitalisation et exploitation des bâtiments,14
H1206,RNCP42712,"Ingénieur diplômé de l'Institut supérieur de l'automobile et des transports de Nevers de l'université Bourgogne Europe, spécialité génie mécanique",14
M1803,RNCP36297,Expert en transformation des systèmes d’information et du numérique,2
H2502,RNCP40814,Ingénieur diplômé de l'Ecole Nationale Supérieure de Chimie de Lille de Centrale Lille Institut,2
M1703,RNCP41564,Gestion des entreprises et des administrations : Gestion entrepreneuriat et management d’activités,7
M1707,RNCP36369,Manager des stratégies digitales (MS),3
M1707,RNCP36677,"Responsable en marketing, commercialisation et gestion",3
M1707,RNCP42675,Programme grande école,3
M1403,RNCP36758,Economie et pilotage des entreprises (fiche nationale),1
M1403,RNCP37482,Ingénieur diplômé de l'ENSIL-ENSCI de l'Université de Limoges spécialité Systèmes d'Information (SI),1
K2402,RNCP38984,Génie mécanique (fiche nationale),3
K1601,RNCP41541,Information-Communication : Métiers du livre et du patrimoine,1
M1204,RNCP38759,"Diplôme d'études supérieures en management, sciences humaines et sciences appliquées",3
M1803,RNCP39115,"Chef de projet systèmes, réseaux et sécurité",2
D1406,RNCP40460,Commercialisation de produits et services (fiche nationale),5
M1703,RNCP41048,Manager International,7
M1704,RNCP40622,Optique professionnelle (fiche nationale),2
M1203,RNCP36889,Responsable comptable,4
M1102,RNCP41105,Manager de la chaîne logistique et achats (MS),3
L1401,RNCP38877,Métiers du football,1
M1707,RNCP36271,Management et gestion des entreprises (Programme Grande Ecole),3
M1707,RNCP37995,Manager marketing et commercial spécialisé en acquisition numérique,3
M1707,RNCP40257,Manager d'affaires,3
M1203,RNCP41093,Métiers de la gestion et de la comptabilité : gestion comptable et financière (fiche nationale),4
M1502,RNCP41770,Responsable en gestion des ressources humaines,3
M1804,RNCP38087,"Ingénieur diplômé de l'université de technologie de Troyes,  spécialité Réseaux et Télécommunications",1
C1202,RNCP42711,Finance,12
M1702,RNCP39592,Manager de la communication et du marketing digital,6
M1702,RNCP41806,Directeur de collection,6
M1204,RNCP38236,Directeur financier,3
D1106,RNCP41938,Technicien conseil vente en alimentation (produits alimentaires et boissons),1
M1702,RNCP41421,Chargé de communication et de relations presse,6
H2502,RNCP40300,Métiers de l'industrie : gestion de la production industrielle (fiche nationale),2
H2502,RNCP42541," Ingénieur diplômé de l’école nationale supérieure d’ingénieurs de Reims de l’université de Reims, spécialité énergétique",2
H1101,RNCP36168,Technicien supérieur en fabrication additive,1
M1201,RNCP38500,Expert en données financières massives,12
H1402,RNCP42743,"Ingénieur diplomé de l'école polytechnique de Nantes Université, spécialité électronique et technologies numériques",1
M1803,RNCP38678,"Ingénieur diplômé de l'école nationale supérieure des mines d'Alès de l'Institut Mines-Télécom, spécialité informatique et réseaux",2
H2502,RNCP40223,"Ingénieur diplômé de l’École nationale supérieure d’ ingénieurs de Caen, spécialité Matériaux-Chimie",2
H2502,RNCP40467,"Ingénieur diplômé de CentraleSupélec, spécialité Génie Electrique",2
H2502,RNCP40750,Ingénieur diplômé de l'EPF,2
M1707,RNCP36551,Programme Grande Ecole,3
M1403,RNCP38071,Programme Grande Ecole,1
M1703,RNCP37789,"Manager des process de création et de développement des produits parfum, cosmétique ou arômes",7
M1803,RNCP41248,Ingénieur diplômé de l’Ecole d’Ingénieurs du Littoral Côte d’Opale de l'Université du Littoral Côte d'Opale spécialité Informatique,2
A1303,RNCP40321,Valorisation des agro-ressouces (fiche nationale),1
M1503,RNCP36686,Programme grande école,1
M1703,RNCP36695,Responsable marketing et commercial de la mode et du luxe,7
M1704,RNCP38808,Responsable d'activité commerciale et marketing ,2
M1203,RNCP41563,"Gestion des entreprises et des administrations : Gestion comptable, fiscale et financière",4
H1210,RNCP40333,"Métiers de l'industrie : mécatronique, robotique (fiche nationale)",1
M1202,RNCP37475,Diplôme d’études supérieures spécialisées en management par l’innovation (DESSMI),1
M1203,RNCP35923,Administration économique et sociale (fiche nationale),4
M1502,RNCP39616,Chargé de ressources humaines,3
M1702,RNCP37252,Diplôme d’études supérieures de management stratégique d’activités internationales,6
M1501,RNCP41366,Assistant ressources humaines,4
M1501,RNCP38442,Responsable ressources humaines ,4
H2502,RNCP38845,"Ingénieur diplômé de l’école polytechnique universitaire de l’institut national polytechnique Clermont Auvergne, spécialité  génie électrique",2
H2502,RNCP39081,"Ingénieur diplômé du Conservatoire national des arts et métiers, spécialité Instrumentation",2
H2502,RNCP40711,"Ingénieur, diplômé de l’Ecole Centrale de Nantes, spécialité Génie Maritime",2
H2502,RNCP40938,"Ingénieur diplômé de l'Ecole Nationale Supérieure d'Electrotechnique, d'Electronique, d'Informatique, d'Hydraulique et des Télécommunications, de l'Institut National Polytechnique de Toulouse- Spécialité Mécanique et Génie Hydraulique",2
H2502,RNCP42487,Expert en numérisation des systèmes et processus de production,2
H1101,RNCP36833,Assistant en management opérationnel,1
H1206,RNCP40785,Ingénieur diplômé de l'Institut Supérieur de l'Automobile et des Transports de Nevers de l'Université Bourgogne Europe - spécialité génie mécanique,14
H1206,RNCP41236,"Ingénieur diplômé de l’École d’ingénieurs SIGMA Clermont de l’Institut National Polytechnique Clermont Auvergne, spécialité chimie",14
H1206,RNCP41595,Mesures physiques : Techniques d'instrumentation,14
H1206,RNCP42033,"ingénieur diplômé de l’Ecole polytechnique universitaire de Savoie de l’université de Chambéry, spécialité écologie industrielle",14
M1802,RNCP38906,Architecte internet des objets,13
M1802,RNCP41030,Diplôme d'ingénieur d'Efrei Paris (Université Paris- Panthéon Assas),13
H2502,RNCP40701,Ingénieur diplômé du CESI,2
M1502,RNCP39606,Consultant en recrutement ,3
M1502,RNCP41565,Gestion des entreprises et des administrations : Gestion et pilotage des ressources humaines,3
M1802,RNCP36855,Expert en gouvernance de la sécurité des réseaux et des systèmes (MS),13
M1810,RNCP42280,Technicien assistance à distance des systèmes d'information et de communication (Technicien Centre national d'appui à distance),10
M1703,RNCP40592,Manager de la stratégie marketing,7
M1703,RNCP40646,Manager de projets en stratégies digitales et data marketing (MS),7
C1401,RNCP38542,"Monnaie, banque, finance, assurance (fiche nationale)",2
K2111,RNCP39870,Coach professionnel,3
M1703,RNCP41233,Diplôme Supérieur en Management du Marketing Digital,7
D1406,RNCP38808,Responsable d'activité commerciale et marketing ,5
M1401,RNCP40442,"Métiers de la santé : nutrition, alimentation (fiche nationale)",1
I1605,RNCP41522,Chef d'équipe d'exploitation et de maintenance de systèmes énergie propulsion,1
M1703,RNCP42353,"Marketing, vente (fiche nationale)",7
M1703,RNCP42642,Manager de business unit,7
M1102,RNCP41708,Manager de la supply chain et des achats,3
D1402,RNCP41485,Attaché commercial,1
M1502,RNCP38160,Droit social (fiche nationale),3
H1210,RNCP41339,Technicien spécialisé des laboratoires parfum cosmétique et arômes,1
M1203,RNCP37721,Diplôme en Comptabilité et gestion financière,4
M1501,RNCP42405,Diplôme d'affaires internationales,4
H1206,RNCP38179,Génie des procédés et des bio-procédés (fiche nationale),14
H1206,RNCP42377,"Ingénieur diplômé de l’école d'ingénieurs ENSIL- ENSCI de l'université de Limoges, spécialité génie de l’eau et environnement",14
H1206,RNCP42458,"Ingénieur diplômé d'ECAM LaSalle, spécialité mécanique et génie électrique",14
H1402,RNCP37960,"Ingénieur de l'Ecole nationale supérieure d'agronomie et des industries alimentaires, spécialité Production agroalimentaire",1
H1402,RNCP39899,Ingénieur diplômé de l'Institut supérieur de l’électronique et du numérique Yncréa Ouest,1
M1703,RNCP39791,"Ingénieur diplômé de l’Ecole Polytechnique Universitaire de l’Université Lyon-I, spécialité Génie Biomédical",7
D1403,RNCP40266,Décorateur en ameublement d'intérieur,2
M1403,RNCP39487,"Ingénieur diplômé de l’École polytechnique universitaire de l’université Lyon-I, spécialité Mathématiques appliquées",1
M1801,RNCP35994,"Ingénieur diplômé de l’Ecole Polytechnique Universitaire de Savoie de l'Université de Chambéry, Spécialité Informatique",9
D1406,RNCP37285,CQP Chef d’agence en négoce des matériaux de construction ,5
I1605,RNCP37698,Maintenance nautique ,1
M1703,RNCP40351,Manager du marketing et du développement de produits de mode,7
M1703,RNCP42298,Programme grande école,7
M1502,RNCP41132,Responsable ressources humaines,3
K1903,RNCP38160,Droit social (fiche nationale),2
I1101,RNCP40685,Chef de projet en rénovation énergétique performante,1
M1202,RNCP40368,Manager financier,1
M1203,RNCP39626,Assistant de gestion des petites entreprises ,4
M1502,RNCP42638,Manager des ressources humaines,3
M1204,RNCP40788,"Contrôle, Audit, Reporting financier",3
M1501,RNCP38045,Assistant en ressources humaines,4
M1501,RNCP39526,Assistant de gestion et d'administration du personnel,4
M1102,RNCP42554,"Ingénieur diplômé de l’Ecole Polytechnique Universitaire de l’Institut polytechnique de Grenoble, spécialité Matériaux",3
H1208,RNCP41172,"Ingénieur diplômé de l’institut des sciences et techniques des Yvelines de l’université de Versailles-Saint Quentin en Yvelines, spécialité mécatronique",3
H1402,RNCP42232,"Ingénieur diplômé de l’École polytechnique universitaire de l'université Lyon-I, spécialité matériaux",1
M1803,RNCP38478,"Coordinateur de projets informatiques (infrastructures cloud, applicatives ou data)",2
K2111,RNCP39026,"Métiers de la formation et du conseil pour les transitions agricoles, environnementales et sociales (fiche nationale)",3
K2111,RNCP42359,Gestion des ressources humaines (fiche nationale),3
M1204,RNCP38071,Programme Grande Ecole,3
M1204,RNCP40999,Diplôme de comptabilité et de gestion (DCG),3
A1303,RNCP41267,"Ingénieur diplômé de l'Ecole d'Ingénieurs du Littoral Côte d'Opale de l'Université du Littoral, spécialité Agroalimentaire",1
E1105,RNCP39503,Métiers du livre et de l'édition (fiche nationale),2
D1402,RNCP37975,Diplôme de gestion et de management des entreprises,1
D1402,RNCP39738,Responsable commercial en agrobusiness,1
M1707,RNCP39368,CQP Animateur du développement commercial de la PME/PMI par l’international,3
M1804,RNCP36854,Expert en infrastructures de réseaux et en services associés (MS),1
M1204,RNCP40108,Métiers de la gestion et de la comptabilité : contrôle de gestion (fiche nationale),3
H1206,RNCP37957,"Ingénieur diplômé de l’Ecole supérieure de chimie, physique, électronique de Lyon (CPE), spécialité Génie des procédés",14
H1206,RNCP38908,Expert en digitalisation et exploitation des bâtiments,14
H1206,RNCP39028,Ingénieur diplômé de l'ESIGELEC,14
H1206,RNCP39305,Ingénieur diplômé de l’École nationale supérieure d'arts et métiers,14
H1206,RNCP41247,Ingénieur diplômé de l’Ecole d’Ingénieurs du Littoral Côte d’Opale de l'Université du Littoral Côte d'Opale spécialité Génie Industriel,14
H1206,RNCP42293,"Ingénieur diplômé de l’école polytechnique universitaire de l’institut national polytechnique Clermont Auvergne, spécialité génie physique",14
H2502,RNCP37902,"Ingénieur diplômé de l'Université de technologie de Troyes, spécialité Génie mécanique",2
H2502,RNCP39972,CQP Responsable d'équipe du secteur alimentaire,2
M1702,RNCP39579,Manager international en marketing du luxe,6
M1605,RNCP42362,Gestion (fiche nationale),1
I1401,RNCP40318,Technicien des médias interactifs et communicants (fiche nationale),1
H1402,RNCP39058,"Ingénieur diplômé du Conservatoire national des arts et métiers, spécialité Matériaux",1
H2502,RNCP39902, Ingénieur diplômé de l’Institut Supérieur d’Études Logistiques de l’Université du Havre spécialité Génie Énergétique et Électrique,2
H2502,RNCP42694,Ingénieur diplômé de l'Ecole nationale supérieure de mécanique et d'aérotechnique,2
I1310,RNCP38367,"Maintenance des véhicules (Option A : Voitures particulières, Option B : Véhicules de transport routier, Option C : Motocycles)",1
I1302,RNCP36333,Réalisation de circuits oléohydrauliques et pneumatiques,1
M1707,RNCP41053,EM Normandie - Programme Grande Ecole,3
M1707,RNCP41966,Manager du développement commercial,3
M1403,RNCP38542,"Monnaie, banque, finance, assurance (fiche nationale)",1
M1204,RNCP41562,Gestion des entreprises et des administrations : Contrôle de gestion et pilotage de la performance,3
M1803,RNCP38690,Génie industriel (fiche nationale),2
D1406,RNCP39189,Diplôme d’études supérieures en management international,5
M1503,RNCP42391,Programme grande école ,1
M1704,RNCP42672,Diplôme Programme grande école,2
K1903,RNCP38200,Droit pénal et sciences criminelles (fiche nationale),2
H1210,RNCP41277,Sciences pour la santé (fiche nationale),1
D1406,RNCP41688,Manager en ingénierie d'affaires et performance commerciale,5
M1202,RNCP41790,Conseiller d'entreprise agricole,1
H1208,RNCP40930,"Ingénieur diplômé de l’Institut Polytechnique UniLaSalle, spécialité Systèmes numériques et Energétique",3
M1101,RNCP35921,"Gestion de production, logistique, achats (fiche nationale)",1
H2502,RNCP40963,"Ingénieur diplômé de l’École nationale supérieure des Mines de Nancy de l'université de Lorraine, spécialité génie industriel et matériaux",2
H1101,RNCP41007,Electrotechnique,1
H2502,RNCP40277,Gestionnaire de la fonction linge,2
H2502,RNCP41596,"Ingénieur diplômé de l'école polytechnique universitaire de l'université d'Orléans, spécialité Génie industriel",2
H2502,RNCP41918,"Ingénieur diplômé de l'École polytechnique universitaire de Montpellier, spécialité Matériaux",2
M1707,RNCP38003,Directeur de Business Unit,3
M1704,RNCP38598,Manager du marketing de l'expérience client,2
D1506,RNCP38362,Management commercial opérationnel,1
M1203,RNCP35924,Gestion (fiche nationale),4
M1203,RNCP36628,Gestionnaire paie et administration sociale ,4
M1807,RNCP40745,Sciences et ingénierie - Cybersécurité et réseaux,3
M1203,RNCP39361,Collaborateur comptable,4
M1707,RNCP42265,Diplôme d'études supérieures en management,3
D1406,RNCP41184,Gestion Stratégique des Affaires Internationales,5
I1307,RNCP40332,"Métiers de l'électronique : communication, systèmes embarqués (fiche nationale)",1
M1501,RNCP38363,Gestion de la PME,4
H2502,RNCP37543,Ingénieur de l'Ecole Nationale Supérieure en Génie des Systèmes et de l'Innovation de l'Université de Lorraine,2
H2502,RNCP40169,CQP Responsable de conseillers techniques en élevage,2
H2502,RNCP38677,Ingénieur diplômé de l'école nationale supérieure des mines d'Alès de l'Institut Mines-Télécom,2
H2502,RNCP40976,"ingénieur diplômé de l'Institut national des sciences appliquées de Lyon, spécialité biotechnologies et bioinformatique",2
H2502,RNCP42455,"Ingénieur diplômé de l'Ecole internationale du papier, de la communication imprimée et des biomatériaux de l’Institut polytechnique de Grenoble",2
M1503,RNCP41655,Gestionnaire de paie,1
D1506,RNCP42478,Designer en aménagement intérieur et scénographie,1
M1203,RNCP38717,Gestion,4
M1502,RNCP41181,RH et transformation digitale,3
K1903,RNCP36761,Droit de l’environnement (fiche nationale),2
M1605,RNCP42435,Communication multimédia et outils numériques ,1
H1402,RNCP39848,Chargé de projet en ingénierie numérique dans l'industrie,1
D1403,RNCP40712,Diplôme de Gestion et Management des entreprises,2
M1403,RNCP41404,Expert RSE et développement durable,1
M1403,RNCP42204,Responsable green IT,1
K2402,RNCP41264,Ingénieur diplômé de l'Ecole polytechnique,3
D1402,RNCP41191,"Diplôme Supérieur en Marketing, Commerce et Gestion",1
M1804,RNCP41611,Réseaux & télécommunications : Cybersécurité,1
M1501,RNCP38899,Chargé de gestion des ressources humaines,4
M1501,RNCP42257,Diplôme en management international,4
H2502,RNCP41514,Alimentation et agroalimentaire durables,2
H2502,RNCP42685,Sciences et ingénierie - Systèmes numériques,2
K2108,RNCP38174,Politiques comparées (fiche nationale),1
M1605,RNCP37561,Assistance technique d'ingénieur,1
M1605,RNCP42613,Instructeur des autorisations du droit des sols,1
L1505,RNCP41335,Réalisateur de projets audiovisuels,3
H2502,RNCP42692,"Ingénieur diplômé de l'Ecole nationale supérieure des ingénieurs en arts chimiques et technologiques, spécialité matériaux",2
I1306,RNCP36436,Monteur dépanneur frigoriste,1
H2906,RNCP41288,CQP Opérateur en fabrication additive : poudre métallique ou polymères ou sables,1
H1208,RNCP42224,"Ingénieur diplômé de l’école polytechnique universitaire de l'université d'Angers, spécialité automatique et informatique",3
M1204,RNCP39973,Gestionnaire comptable et financier,3
H1402,RNCP42487,Expert en numérisation des systèmes et processus de production,1
M1803,RNCP41148,Ingénieur diplômé de l'école nationale supérieure Mines-Telecom Lille Douai de l'Institut Mines Telecom,2
M1803,RNCP41889,Expert en stratégie et solutions no code/low code,2
M1707,RNCP36815,Programme Grande École,3
M1707,RNCP40172,Chargé de développement commercial,3
M1707,RNCP40240,Manager du développement commercial,3
M1707,RNCP41888,Manager dans le secteur hôtelier international,3
H2903,RNCP36539,Régleur décolleteur,1
K2402,RNCP38672,Sciences du vivant (fiche nationale),3
K2402,RNCP36843,Sciences de l’univers et technologies spatiales (fiche nationale),3
M1502,RNCP41797,Chargé des ressources humaines,3
M1804,RNCP37101,Opérateur en détection de réseaux,1
M1101,RNCP36898,Manager de la stratégie et de la performance achats (MS),1
H1402,RNCP39299,Ingénieur diplômé de l'Institut Catholique d'Arts et Métiers,1
H1402,RNCP39668,"Ingénieur Diplômé de l'Ecole Nationale de Mécanique et d'Aérotechnique, spécialité Génie industriel pour l'Aéronautique et l'Espace",1
H1402,RNCP42694,Ingénieur diplômé de l'Ecole nationale supérieure de mécanique et d'aérotechnique,1
I1302,RNCP41577,Génie électrique et informatique industrielle : Automatisme et informatique industrielle,1
K1304,RNCP38390,Services aux personnes et vente en espace rural,4
M1403,RNCP41224,Diplôme en économie et finance,1
K2402,RNCP42223,"Ingénieur diplômé de l'Institut national des sciences appliquées de Lyon, spécialité biotechnologies et bioinformatique",3
E1306,RNCP37946,"Arts graphiques, options Signalétique et Décor peint",1
M1803,RNCP38140,Architecte réseaux et cybersécurité (MS),2
M1803,RNCP42439,"Ingénieur diplômé du Conservatoire national des arts et métiers, spécialité Informatique et systèmes d’information ",2
H1210,RNCP38734," Sciences et ingénierie, spécialité chimie et génie industriel",1
M1202,RNCP39483,"Diplôme d'études supérieures spécialisées en audit, finance et contrôle de gestion",1
M1804,RNCP38997,Réseaux et télécommunication (fiche nationale),1
M1804,RNCP40165,Expert en architectures sécurisées des systèmes d'information,1
M1501,RNCP40110,Métiers de la GRH : assistant (fiche nationale),4
M1605,RNCP38289,Adjoint de dirigeant d'entreprise artisanale,1
H1402,RNCP38464,Manager en génie industriel (MS),1
H1402,RNCP41151,"Ingénieur diplômé de l’école nationale supérieure Mines-Télécom Lille Douai de l'Instutit Mines-Télécom, spécialité plasturgie et matériaux composites",1
H1402,RNCP42599,Génie de l'environnement et science de la donnée,1
M1502,RNCP39049,Conseiller en recrutement,3
F1101,RNCP42294,"Ingénieur diplômé de l’école polytechnique universitaire de l’institut national polytechnique Clermont Auvergne, spécialité génie civil",1
I1306,RNCP42744,Responsable technique en machines thermiques,1
I1310,RNCP41902,Technicien en maintenance des systèmes mécatroniques (fiche nationale),1
M1403,RNCP36057,Science de la durabilité (fiche nationale),1
A1303,RNCP38299,"Economie de l’environnement, de l’énergie et des transports (fiche nationale)",1
A1303,RNCP40979,Géographie et aménagement (fiche nationale),1
F1104,RNCP35487,Métiers de la Transition et de l'Efficacité Energétiques : Réalisation des installations énergétiques pour le bâtiment et l’industrie,1
M1202,RNCP40517,Métiers de la gestion et de la comptabilité : fiscalité (fiche nationale),1
M1804,RNCP41823,Ingénieur diplômé de l’ESIEE IT - CCI Paris Ile-de-France Éducation,1
D1106,RNCP40994,Equipier polyvalent du commerce,1
D1106,RNCP42644,Sommelier conseil caviste,1
H2502,RNCP38219,Ingénieur diplômé de Télécom Physique Strasbourg de l'Université de Strasbourg,2
H1101,RNCP42378,"Ingénieur diplômé de l’école d'ingénieurs ENSIL- ENSCI de l'université de Limoges, spécialité électronique et télécommunications",1
H1402,RNCP35404,Science et génie des matériaux : Métiers de l’ingénierie des matériaux et des  produits,1
H2502,RNCP37976,"Ingénieur diplômé de l’Ecole Nationale Supérieure d’Ingénieurs Sud-Alsace de l'Université de Mulhouse, spécialité Génie Industriel",2
H2502,RNCP42457,"Ingénieur diplômé d'ECAM LaSalle, spécialité génie industriel et mécanique",2
M1707,RNCP42298,Programme grande école,3
H2903,RNCP38313,Technicien modeleur ,1
M1403,RNCP42234,"Ingénieur diplômé de l’Ecole Polytechnique Universitaire de l’Université Lyon-I, spécialité mathématiques appliquées ",1
K1601,RNCP39432,Etudes asiatiques (fiche nationale),1
A1303,RNCP41253,Ingénieur diplômé de  l’institut national des sciences et industries  du vivant et de l’environnement  (AgroParisTech),1
F1104,RNCP39033,Technicien d'études du bâtiment ,1
M1503,RNCP40802,Management des ressources humaines,1
D1402,RNCP35800,Commerce international ,1
H1210,RNCP41178,"Ingénieur diplômé de l'Ecole supérieure de chimie physique électronique de Lyon (CPE), spécialité électronique et informatique",1
M1101,RNCP40894,Manager achats et supply-chain (MS),1
H2502,RNCP40761,"Ingénieur diplômé de l’École nationale supérieure des mines de Nancy de l'université de Lorraine, spécialité génie mécanique",2
H1402,RNCP41316,Expert en management de projets de numérisation des systèmes et processus industriels,1
H1402,RNCP41921,"Ingénieur diplômé de l'Ecole polytechnique universitaire de Montpellier, spécialité Génie biologique et agroalimentaire",1
C1102,RNCP38164,Droit des assurances (fiche nationale),1
M1803,RNCP39487,"Ingénieur diplômé de l’École polytechnique universitaire de l’université Lyon-I, spécialité Mathématiques appliquées",2
H2502,RNCP40334,Métiers de l'industrie : conception et processus de mise en forme des matériaux (fiche nationale),2
H2502,RNCP40456,"Ingénieur diplômé de l'ECAM Rennes - Louis de Broglie, spécialité Génie Industriel",2
H2502,RNCP40494,Ingénieur diplômé de l’Ecole nationale d’ingénieurs de Brest,2
H2502,RNCP42751,Ingénieur diplômé de l'Ecole d'ingénieurs de Purpan,2
I1306,RNCP42407,Gestion et maintenance des installations énergétiques (fiche nationale),1
M1704,RNCP37988,"Diplôme supérieur en marketing, vente et gestion",2
M1202,RNCP40305,Métiers de la gestion et de la comptabilité : révision comptable,1
C1401,RNCP41550,Carrières juridiques : Patrimoine et finance,2
M1804,RNCP37102,Technicien en détection et géoréférencement de réseaux,1
M1204,RNCP42510,Responsable en gestion d'activité ,3
M1605,RNCP41655,Gestionnaire de paie,1
M1803,RNCP39435,Diplôme de Direction des activités et des projets dans un contexte international,2
I1302,RNCP40384,CQP Technicien de maintenance en hydraulique,1
M1204,RNCP41192,"Diplôme Supérieur en Marketing, Commerce et Gestion",3
M1803,RNCP40363,Expert en études et développement du système d'information,2
M1401,RNCP41616,Science des données : Exploration et modélisation statistique,1
K1903,RNCP41460,Délégué à la protection des données (DPO),2
M1809,RNCP39509,"Sciences de l'océan, de l'atmosphère et du climat (fiche nationale)",1
H1402,RNCP38082,"Ingénieur diplômé de l'Ecole Nationale Supérieure des Industries Chimiques de l'Université de Lorraine, spécialité Génie Chimique",1
H1402,RNCP39472,"Ingénieur diplômé de l’école d’ingénieurs de l’université de Caen, spécialité génie industriel",1
H1402,RNCP40963,"Ingénieur diplômé de l’École nationale supérieure des Mines de Nancy de l'université de Lorraine, spécialité génie industriel et matériaux",1
H1402,RNCP42722,"Ingénieur diplômé de l’École d’ingénieurs SIGMA Clermont de l’Institut National Polytechnique Clermont Auvergne, spécialité mécanique",1
A1303,RNCP39811,Toxicologie et éco-toxicologie (fiche nationale),1
H1210,RNCP39469,Cadre technique production et valorisation des ressources marines,1
H1402,RNCP40693,Ingénieur diplômé de l'Ecole d'ingénieurs en génie des systèmes industriels (EIGSI),1
M1403,RNCP39333,"Ingénieur diplômé de l’École Polytechnique Universitaire de Sorbonne Université, spécialité Mathématiques Appliquées et Informatique",1
E1306,RNCP39605,Concepteur en communication graphique et numérique,1
M1503,RNCP41684,Chargé des ressources humaines,1
D1402,RNCP35357,Techniques de Commercialisation : Business développement et management de la relation client,1
D1402,RNCP37974,Développeur commercial et marketing,1
I1101,RNCP41574,Génie civil - Construction durable : Travaux bâtiment,1
M1202,RNCP39973,Gestionnaire comptable et financier,1
M1804,RNCP35783,"Ingénieur de l'école nationale supérieure des sciences appliquées et de technologie, spécialité Systèmes Numériques",1
M1204,RNCP42665,"Diplôme d'études supérieures spécialisées en audit, finance et contrôle de gestion",3
D1106,RNCP37604,Primeur,1
H1402,RNCP38412,Ingénieur diplômé de l'Institut supérieur de l'électronique et du numérique Yncréa Méditerranée,1
M1803,RNCP38779,Manager en infrastructures et cybersécurité des systèmes d’information,2
M1803,RNCP37485,"Ingénieur diplômé de l'Université de technologie de Troyes, spécialité Informatique et Systèmes d'Information",2
M1803,RNCP41164,"Ingénieur diplômé de CentraleSupélec, spécialité Systèmes numériques",2
M1704,RNCP38067,"Diplôme supérieur en marketing, commerce et gestion",2
D1402,RNCP41235,"Diplôme Supérieur en marketing, commerce et gestion",1
M1804,RNCP37600,"Ingénieur diplômé de l’école polytechnique universitaire de l'université de Nantes, spécialité électronique et technologies numériques",1
H2502,RNCP38269,Responsable de production et de projets industriels,2
H2502,RNCP41247,Ingénieur diplômé de l’Ecole d’Ingénieurs du Littoral Côte d’Opale de l'Université du Littoral Côte d'Opale spécialité Génie Industriel,2
H2502,RNCP42293,"Ingénieur diplômé de l’école polytechnique universitaire de l’institut national polytechnique Clermont Auvergne, spécialité génie physique",2
M1605,RNCP40811,Diplôme d'études supérieures en management international des entreprises (DESMIE),1
H1402,RNCP42249,"Ingénieur diplômé de l’école polytechnique universitaire de l’institut national polytechnique Clermont Auvergne, spécialité génie biologique ",1
H2502,RNCP36179,"Ingénieur de l'École nationale supérieure de chimie, de biologie et de physique, de l'Institut polytechnique de Bordeaux (ENSCBP - Bordeaux INP) spécialité Agroalimentaire et génie biologique",2
M1403,RNCP42376,"Ingénieur diplômé de l’école polytechnique universitaire de l’institut national polytechnique Clermont Auvergne, spécialité mathématiques appliquées et intelligence artificielle",1
E1306,RNCP40154,Graphiste concepteur,1
F1104,RNCP37293,Dessinateur projeteur d'ouvrages de métallerie,1
H1210,RNCP41328,"Préparateur en parfum, cosmétique et arômes",1
M1704,RNCP40240,Manager du développement commercial,2
M1204,RNCP35378,Gestion des entreprises et des administrations : contrôle de gestion et pilotage de la performance,3
H2502,RNCP39472,"Ingénieur diplômé de l’école d’ingénieurs de l’université de Caen, spécialité génie industriel",2
H1402,RNCP38378,"Ingénieur diplômé de l'Ecole nationale supérieure des ingénieurs en arts chimiques et technologiques de l'Institut national polytechnique de Toulouse, spécialité génie chimique",1
H1402,RNCP41439,Responsable amélioration continue en industrie,1
H1402,RNCP42733,"Ingénieur de l'école nationale supérieure des sciences appliquées et de technologie, spécialité Systèmes numériques",1
C1102,RNCP40255,Conseiller bancassurance du secteur agricole,1
M1803,RNCP35970,Chef de projet informatique,2
H2502,RNCP37954,Ingénieur spécialisé diplômé de l'Ecole supérieure du soudage et de ses applications,2
I1302,RNCP38543,Photonique : Technologies et Sciences de la Lumière,1
K1601,RNCP40616,Philosophie (fiche nationale),1
K1601,RNCP41627,Photographie,1
M1204,RNCP37830,Expert financier et administratif,3
A1303,RNCP40986,Métiers de l'aménagement du territoire et de l'urbanisme (fiche nationale),1
M1401,RNCP39694,Sociologie (fiche nationale),1
H1210,RNCP40322,Agronomie (fiche nationale),1
M1804,RNCP41164,"Ingénieur diplômé de CentraleSupélec, spécialité Systèmes numériques",1
M1101,RNCP41105,Manager de la chaîne logistique et achats (MS),1
H1101,RNCP37926,"Ingénieur diplômé de l'Ecole polytechnique universitaire de l'Université d'Aix-Marseille, spécialité Génie biomédical",1
I1401,RNCP39620,Technicien d’infrastructure informatique et sécurité,1
H1402,RNCP38270,Manager de la maintenance (MS),1
J1411,RNCP38812,Orthopédiste orthésiste,1
F1101,RNCP39535,"Ingénieur diplômé de l’Ecole des Ingénieurs de la Ville de Paris (EIVP), spécialité Génie Urbain",1
F1101,RNCP40545,Sciences et ingénierie - Bâtiment et génie de l'aménagement,1
H3302,RNCP41783,"CQP Opérateur spécialisé en assemblage, parachèvement et finitions",2
M1403,RNCP39019,Économie de la santé (fiche nationale) ,1
I1605,RNCP38894,Responsable exploitation et maintenance sur navire de 3.000 kW,1
H1210,RNCP40615,Acoustique et vibrations (fiche nationale),1
M1202,RNCP37548,Diplome d’études avancées en management durable,1
M1804,RNCP40521,"Ingénieur diplômé de l'école Polytechnique universitaire de l'Université de Lille, spécialité Systèmes embarqués et génie électrique",1
H1402,RNCP39670,"Titre Ingénieur de l’Institut Polytechnique de Grenoble, spécialité génie énergétique et industriel",1
H1402,RNCP40950,"Ingénieur diplômé de l'école polytechnique universitaire de Nantes Université, spécialité Génie des Procédés",1
K1601,RNCP35362,Information-Communication : Information numérique dans les organisations,1
A1303,RNCP40735,"Ingénieur diplômé de l'Institut supérieur d'agriculture - JUNIA, spécialité Paysage",1
A1303,RNCP41356,Responsable d'entreprise de culture végétale,1
D1506,RNCP39359,Etalagiste décorateur marchandiseur,1
D1402,RNCP38135,Manager commercial clients grands comptes,1
D1402,RNCP39354,Manager du développement d'entreprise et commercial,1
H1402,RNCP40302,Métiers de l'industrie : conception de produits industriels (fiche nationale),1
M1403,RNCP39691,Sociologie (fiche nationale),1
M1503,RNCP41132,Responsable ressources humaines,1
I1101,RNCP41204,"Ingénieur diplômé de l’institut supérieur aquitain du bâtiment et des travaux publics de l'université de Pau, spécialité bâtiment et travaux publics",1
M1202,RNCP41190,Diplôme d’Etudes Avancées en Commerce International - DEACI,1
C1206,RNCP38042,Conseiller financier de clientèle professionnelle,1
I1401,RNCP40799,Technicien informatique de proximité,1
A1303,RNCP39836,"ACS'AGRI : Analyse, Conduite et Stratégie de l'entreprise Agricole",1
I1605,RNCP40191,Brevet de second polyvalent ,1
D1505,RNCP40141,Employé commercial ,1
D1402,RNCP37988,"Diplôme supérieur en marketing, vente et gestion",1
H1210,RNCP41557,Chimie : Chimie industrielle,1
I1401,RNCP37682,Technicien supérieur systèmes et réseaux,1
H1402,RNCP38957,"Ingénieur diplômé de l'Institut supérieur de l'aéronautique et de l'espace, spécialité génie industriel",1
H1402,RNCP39276,"Titre ingénieur - Titre ingénieur diplômé de l’école polytechnique universitaire de Sorbonne Université, spécialité Génie Mécanique",1
H1402,RNCP39580,Architecte des systèmes d'information dans les processus industriels (MS),1
H1402,RNCP39746,Manager en ingénierie numérique de produits et de bâtiments (MS),1
H1402,RNCP40777,Ingénieur diplômé de l'École nationale d'ingénieurs de Metz de l’université de Lorraine,1
K1601,RNCP39480,Sciences et Humanités (fiche nationale),1
K1601,RNCP40574,Chef de projet en management de l'information stratégique,1
A1303,RNCP42660,Manager de la transition énergétique (MS),1
H1210,RNCP40411,Bio-industries et biotechnologies (fiche nationale),1
M1202,RNCP42710,Diplôme en comptabilité et gestion financière,1
M1605,RNCP42144,Instructeur du droit des sols,1
H1402,RNCP38215,"Ingénieur diplômé de l'école d'ingénieurs en sciences industrielles et numérique de l'université de Reims, spécialité automatique et génie électrique",1
H1402,RNCP41207,"Ingénieur diplômé de l'École supérieure de Chimie, Physique, Electronique de Lyon, spécialité Biotechnologies et génie des procédés biologiques",1
H1402,RNCP42561,"Ingénieur spécialisé pour l'industrie des polymères et composites – Eco-responsabilité, efficience et digitalisation",1
C1102,RNCP36591,Chargé de clientèle particuliers et professionnels en banque et assurance,1
C1102,RNCP39109,Conseiller clientèle en banque et assurance,1
I1306,RNCP42427, Sciences et ingénierie – Génie énergétique et environnement,1
M1403,RNCP39073,Mode et matière ,1
D1505,RNCP41353,Employé polyvalent du commerce et de la distribution,1
M1804,RNCP42758,Ingénieur diplômé de CY Tech de CY Cergy Paris Université Spécialité Informatique,1
M1806,RNCP35390,Management de la logistique et des transports : Mobilité et supply chain connectées,251
K2402,RNCP37585,Diplômes d’études spécialisées vétérinaires spécialité Elevage et pathologie des équidés : option biomécanique et pathologie locomotrice,3
K2402,RNCP38540,Ingénieur diplômé de l’École et observatoire des sciences de la terre de l'Université de Strasbourg,3
M1101,RNCP39399,Acheteur,1
M1806,RNCP38004,Expert en ingénierie informatique,251
M1806,RNCP41378,Ingénieur diplômé de l'Université Paris XIII spécialité Informatique,251
M1806,RNCP35970,Chef de projet informatique,251
M1806,RNCP41879,Consultant en assistance à maîtrise d'ouvrage informatique,251
M1806,RNCP38293,Architecte digital d'entreprise (MS),251
M1806,RNCP40859,Expert en architecture green IT et solutions applicatives écoresponsables,251
M1805,RNCP39548,Sciences et Ingénierie - Multimédia et technologie de l’information,26
M1805,RNCP42652,Data analyst,26
H1206,RNCP38427,"Ingénieur diplômé de l’Ecole Nationale Supérieure d’Ingénieurs Sud-Alsace de l’Université de Mulhouse, spécialité Textile et Fibres",14
H1206,RNCP38647,Ingénieur diplômé de l’École nationale supérieure des sciences agronomiques de Bordeaux Aquitaine (Bordeaux Sciences Agro),14
H1206,RNCP38702,"Chimie des arômes, parfums, cosmétiques (fiche nationale)",14
M1805,RNCP41673,Manager expert de solutions responsables en science des données (MS),26
M1806,RNCP40554,Architecte Internet des objets (IoT),251
M1806,RNCP40745,Sciences et ingénierie - Cybersécurité et réseaux,251
M1806,RNCP41847,"Responsable d’ingénierie des systèmes numériques, option « analyste et développement », option « systèmes et réseaux », option « télécommunications »",251
H2502,RNCP41915,"Ingénieur diplômé de l’École polytechnique universitaire de Montpellier, spécialité Électronique et informatique industrielle",2
M1805,RNCP41612,Réseaux & télécommunications : Développement système et Cloud,26
M1805,RNCP42460,"Ingénieur diplômé de l'institut national des sciences appliquées de Rouen, spécialité informatique industrielle",26
M1806,RNCP40219," Ingénieur diplômé de l’École nationale supérieure d’ ingénieurs de Caen, spécialité Informatique",251
H1206,RNCP40179,Ingénieur diplômé de l’Institut supérieur d’agriculture Rhône-Alpes,14
H1206,RNCP40949,"Ingénieur spécialisé en Energie et motorisation, diplômé de l'Ecole nationale supérieure du pétrole et des moteurs",14
M1806,RNCP38958,"Ingénieur diplômé de l'Université de Technologie de Belfort - Montbéliard, spécialité Informatique",251
M1801,RNCP38656,Ingénieur diplômé d'EURECOM,9
K2108,RNCP39022,"Psychologie clinique, psychopathologie et psychologie de la santé (fiche nationale)",1
M1806,RNCP39774,Expert en architecture informatique,251
M1806,RNCP40170,Manager en stratégie et développement de projet digital,251
M1806,RNCP42345,Expert cybersécurité,251
M1806,RNCP42398,"Ingénieur diplômé de l’École nationale supérieure d’ingénieurs de Bretagne Sud de l’université de Bretagne-Sud, spécialité Informatique et cybersécurité",251
H1206,RNCP40200,"Ingénieur diplômé de l’École Centrale de Nantes, spécialité Mécanique",14
H1206,RNCP40958,"Ingénieur spécialisé en Transition écologique et climatique des territoires et des organisations, diplômé de l'Ecole nationale supérieure des mines de Saint-Etienne, de l'Institut Mines-Télécom",14
H1206,RNCP41213,Ingénieur diplômé de CY Tech de CY Cergy Paris Université Spécialité mathématiques appliquées,14
H1206,RNCP41594,Mesures physiques : Mesures et analyses environnementales,14
H1101,RNCP37572,Sciences et Ingénierie - Transformation Numérique des Entreprises ,1
H1101,RNCP42302,Sciences et Ingénierie - Informatique et systèmes numériques,1
H1206,RNCP41267,"Ingénieur diplômé de l'Ecole d'Ingénieurs du Littoral Côte d'Opale de l'Université du Littoral, spécialité Agroalimentaire",14
H1206,RNCP42450," Ingénieur diplômé de l’école polytechnique universitaire de l'université d'Angers, spécialité génie industriel",14
M1201,RNCP37710,Diplôme du Programme Grande Ecole,12
M1201,RNCP41492,Responsable en comptabilité et contrôle de gestion,12
H1206,RNCP37925,"Ingénieur diplômé de l’école polytechnique de l'université de Lorraine, spécialité systèmes et technologies de l’information",14
H1206,RNCP38538,"Ingénieur diplômé de l'École européenne de chimie, polymères et matériaux de Strasbourg de l'Université de Strasbourg, spécialité écologie industrielle des matériaux polymères",14
H1206,RNCP40537,"Ingénieur diplômé d’ECAM LaSalle, spécialité énergétique",14
H1206,RNCP42591,"Ingénieur diplômé de l’université de Toulouse, spécialité Robotique",14
H1206,RNCP42690,"Ingénieur diplômé de l'Institut national des sciences appliquées de Toulouse, spécialité automatique et électronique",14
M1201,RNCP36589,Expert en ingénierie patrimoniale internationale (MS),12
M1806,RNCP36552,Diplôme d’études supérieures en Tech et Management (TEMA),251
M1806,RNCP41450,Expert en développement numérique responsable,251
M1810,RNCP36163,Administrateur réseau NetOps,10
M1806,RNCP38434,Spécialiste en cybersécurité (MS),251
M1806,RNCP39127,"Ingénieur diplômé du Conservatoire national des arts et métiers, spécialité Informatique et systèmes d'information",251
M1806,RNCP40347,Architecte cybersécurité et internet des objets (MS),251
M1806,RNCP41878,Responsable green IT,251
M1801,RNCP41378,Ingénieur diplômé de l'Université Paris XIII spécialité Informatique,9
M1810,RNCP37473,Sciences et Ingénierie - Cybersécurité,10
M1805,RNCP35477,"Informatique : Administration, gestion et exploitation des données",26
M1805,RNCP40081,Ingénieur diplômé de l'école d'ingénieurs de l'université de Toulon,26
M1805,RNCP40247,Product builder no-code,26
M1805,RNCP41198,Ingénieur diplômé de l'Ecole Nationale Supérieure de l'Electronique et de ses applications,26
M1806,RNCP35864,Manager/Designer de produits et services numériques,251
M1806,RNCP41205,Ingénieur diplômé de CY Tech de CY Cergy Paris Université Spécialité Informatique,251
M1806,RNCP39586,Ingénieur en science des données spécialisé en infrastructure data ou en apprentissage automatique,251
M1806,RNCP40791,"Systèmes d’information, Réseaux et Numérique",251
M1806,RNCP41615,Réseaux & télécommunications : Réseaux opérateurs et multimédia,251
M1801,RNCP37485,"Ingénieur diplômé de l'Université de technologie de Troyes, spécialité Informatique et Systèmes d'Information",9
M1801,RNCP38087,"Ingénieur diplômé de l'université de technologie de Troyes,  spécialité Réseaux et Télécommunications",9
M1801,RNCP40741,Sciences et Ingénierie - Informatique et Cybersécurité,9
M1801,RNCP42335,"Expert de la sécurité des données, des réseaux et des systèmes",9
M1806,RNCP38920,Expert des systèmes connectés (IoT),251
M1806,RNCP40514,Sciences et ingénierie - Informatique et Systèmes Numériques,251
M1806,RNCP42149,Data engineer,251
M1802,RNCP39998,Spécialiste en maîtrise d’ouvrage des SI,13
M1802,RNCP40943,"Ingénieur diplômé de l'Université de Technologie de Compiègne, spécialité Informatique",13
H1402,RNCP38535,"Ingénieur diplômé de l'Institut national des sciences appliquées de Strasbourg, spécialité génie électrique",1
M1806,RNCP40239,Directeur de projets informatiques,251
M1806,RNCP39978,Architecte des systèmes d’information dans les processus industriels,251
M1806,RNCP41440,Responsable green IT,251
M1806,RNCP35458,Réseaux & Télécommunications : Pilotage de projets de réseaux,251
M1806,RNCP42098,"Ingénieur diplômé de l’Ecole nationale supérieure Mines-Télécom Atlantique Bretagne Pays de la Loire de l’Institut Mines-Télécom, spécialité Informatique",251
M1806,RNCP42239,"Ingénieur diplômé de Télécom Saint-Etienne de l'Université Jean Monnet, spécialité informatique et électronique",251
C1202,RNCP36845,Diplôme d’études supérieures d’analyste financier,12
H1206,RNCP38672,Sciences du vivant (fiche nationale),14
H1206,RNCP40962,"Ingénieur diplômé de l’Ecole Polytechnique Universitaire de l’Institut polytechnique de Grenoble, Spécialité Informatique et Electronique",14
H1206,RNCP41098,Expert en éco-innovation et nouvelles technologies de l'énergie (MS),14
M1810,RNCP38108,Administrateur de systèmes et réseaux sécurisés,10
M1810,RNCP41278,Sciences et ingénierie - Cybersécurité des systèmes numériques,10
M1805,RNCP41123,Expert en transformation digitale et technologique no code,26
H2502,RNCP39802,"Ingénieur diplômé du Conservatoire national des arts et métiers, spécialité Chimie",2
M1805,RNCP41546,Métiers du multimédia et de l’Internet : Développement web et dispositifs interactifs,26
M1806,RNCP35476,Informatique : Déploiement d'applications communicantes et sécurisées,251
M1806,RNCP38585,Délégué à la protection des données (MS),251
M1806,RNCP40561,Expert green IT,251
M1806,RNCP38426,"Ingénieur diplômé de l’Ecole Nationale Supérieure d’Ingénieurs Sud-Alsace de l’Université de Mulhouse, spécialité Informatique et Réseaux",251
M1805,RNCP35702,"Ingénieur diplômé de l’école polytechnique universitaire de l'université d'Angers, spécialité automatique et informatique ",26
M1805,RNCP38656,Ingénieur diplômé d'EURECOM,26
M1805,RNCP39893,"Ingénieur diplômé de l'Ecole Supérieure d'Informatique, Electronique, Automatique",26
M1802,RNCP40971,"ingénieur diplômé de l'Institut national des sciences appliquées de Lyon, spécialité informatique",13
M1810,RNCP40658,Architecte des systèmes d'information dans les processus industriels,10
M1805,RNCP39976,Testeur logiciel,26
M1802,RNCP40875,Expert en ingénierie de données,13
M1802,RNCP42538,"Ingénieur diplômé de l’Ecole Polytechnique Universitaire de l’Institut polytechnique de Grenoble, spécialité Technologies de l’information pour la santé",13
M1707,RNCP42681,Diplôme d’études supérieures spécialisées en développement des entreprises et transformation digitale,3
D1403,RNCP41717,Chargé de clientèle et fidélisation,2
M1802,RNCP41312,Concepteur développeur de solutions blockchain ,13
M1810,RNCP38434,Spécialiste en cybersécurité (MS),10
M1810,RNCP41312,Concepteur développeur de solutions blockchain ,10
M1802,RNCP40957,"Ingénieur diplômé de Télécom Saint-Etienne de l'Université de Saint-Etienne, spécialité informatique et électronique",13
M1802,RNCP41886,Manager de la transformation numérique responsable,13
M1805,RNCP38961,Technologies de l’information (fiche nationale),26
M1805,RNCP39376,Manager de projet intelligence artificielle,26
M1805,RNCP42595,"Ingénieur de l’Institut Polytechnique de Grenoble, spécialité génie énergétique et industriel",26
M1403,RNCP42365,Management de l'innovation (fiche nationale),1
H1206,RNCP41375,"Ingénieur diplômé de l'école polytechnique universitaire de l'université d'Orléans, spécialité Génie civil et environnement",14
H1206,RNCP42685,Sciences et ingénierie - Systèmes numériques,14
M1802,RNCP37929,"Ingénieur diplômé de l'école polytechnique universitaire d'Université Côte d’Azur, spécialité Mathématiques Appliquées  ",13
M1802,RNCP39495,Cybersécurité (fiche nationale),13
K2402,RNCP38954,Ingénieur diplômé de l'École Nationale Supérieure d'Électricité et de Mécanique de Nancy de l'Université de Lorraine,3
M1802,RNCP38114,Architecte de Systèmes d'Information,13
K1601,RNCP38963,Bio-géosciences (fiche nationale),1
M1805,RNCP38325,"Ingénieur diplômé de l'école polytechnique universitaire de l'Université Côte d’Azur, spécialité Informatique",26
M1805,RNCP38603,Développeur intelligence artificielle,26
M1805,RNCP39278,Informatique (fiche nationale),26
M1805,RNCP40129,"Ingénieur diplômé de Télécom Saint-Étienne de l'Université de Saint-Étienne, spécialité photonique et informatique industrielle",26
M1805,RNCP41654,Expert consultant blockchain,26
M1805,RNCP35475,"Informatique : Réalisation d'applications : conception, développement, validation",26
M1805,RNCP36075,Administrateur systèmes et réseaux,26
M1805,RNCP39234,Manager entrepreneurial de projet numérique et stratégie digitale,26
M1805,RNCP39277,"Titre ingénieur - Titre ingénieur – ingénieur diplômé de l’École Polytechnique Universitaire de Sorbonne Université, spécialité Électronique-Informatique",26
M1805,RNCP40776,"Ingénieur diplômé de l'école polytechnique universitaire de Nantes Université, spécialité Informatique",26
M1805,RNCP42008,"Ingénieur diplômé de l’École polytechnique universitaire de Montpellier, spécialité Informatique ",26
M1801,RNCP39451,"Ingénieur diplômé de l'Ecole d'ingénieurs Denis-Diderot de l'Université Paris Cité, spécialité Bioinformatique",9
M1801,RNCP41615,Réseaux & télécommunications : Réseaux opérateurs et multimédia,9
M1805,RNCP42707,"Ingénieur diplômé de l'Institut national des sciences appliquées de Toulouse, spécialité informatique et réseaux",26
M1805,RNCP38105,"Ingénieur systèmes, réseaux et cybersécurité",26
M1805,RNCP40859,Expert en architecture green IT et solutions applicatives écoresponsables,26
M1805,RNCP40882,Directeur artistique multimédia ,26
M1805,RNCP40943,"Ingénieur diplômé de l'Université de Technologie de Compiègne, spécialité Informatique",26
M1805,RNCP42572,Webmaster et métiers de l'internet,26
K2402,RNCP39496,"Agrosciences, environnement, territoires, paysage, forêt (fiche nationale)",3
K2402,RNCP40459,Ingénieur diplômé de l’École nationale de la météorologie,3
H3302,RNCP37941,Emballeur professionnel,2
H3302,RNCP40171,Opérateur de production,2
M1802,RNCP41922,"Ingénieur diplômé de l'école supérieure d'ingénieurs Réunion océan Indien de l'université de La Réunion, spécialité informatique",13
M1802,RNCP42222,"Diplômé de l'Ecole supérieure d'Ingénieurs de Rennes de l'Université de Rennes, Spécialité Informatique",13
A1303,RNCP42759,Sciences et ingénierie - Agronomie et agroalimentaire,1
D1406,RNCP42391,Programme grande école ,5
M1207,RNCP39229,Expert en gestion patrimoniale et financière (MS),3
M1401,RNCP39810,"Economie, Science Politique (fiche nationale)",1
M1503,RNCP39616,Chargé de ressources humaines,1
E1105,RNCP40281,Journaliste,2
M1704,RNCP36105,Master intégré franco-allemand en management (fiche nationale),2
M1704,RNCP38146,Responsable commercial,2
H1206,RNCP40940,"Ingénieur diplômé de l'Ecole Nationale Supérieure d'Electrotechnique, d'Electronique, d(Informatique, d'Hydraulique et des Télécommunications, de l'Institut National Polytechnique de Toulouse- Spécialité Electronique et Génie électrique",14
H1206,RNCP42725,"Ingénieur diplômé de l'Ecole nationale supérieure d'électrotechnique, d'électronique, d'informatique, d'hydraulique et des télécommunications, de l'Institut national polytechnique de Toulouse - Spécialité mécanique et génie hydraulique",14
H1206,RNCP42733,"Ingénieur de l'école nationale supérieure des sciences appliquées et de technologie, spécialité Systèmes numériques",14
M1805,RNCP35409,Génie Électrique et Informatique Industrielle : Électronique et Systèmes Embarqués,26
M1805,RNCP36052,Webmaster et métiers de l'internet (fiche nationale),26
M1805,RNCP40102,Métiers de l'informatique : administration et sécurité des systèmes et des réseaux (fiche nationale),26
M1805,RNCP41887,Testeur logiciels,26
M1801,RNCP38338,Administrateur réseaux et télécommunications,9
M1805,RNCP38434,Spécialiste en cybersécurité (MS),26
M1805,RNCP38739,Science des données (fiche nationale),26
M1207,RNCP41882,Expert en finance d'entreprise,3
M1802,RNCP40167,Expert en ingénierie de données massives et intelligence artificielle,13
M1802,RNCP41585,"Informatique : Administration, gestion et exploitation des données",13
K1903,RNCP39587,Juriste d'affaires,2
H1206,RNCP37249,Conduire les Transitions ,14
H1206,RNCP37901,"Ingénieur diplômé de l’école d’ingénieurs de l’université de Toulon, spécialité systèmes numériques",14
H1206,RNCP38544,Ergonomie (fiche nationale),14
H1206,RNCP39508,Immunologie (fiche nationale),14
H1206,RNCP42413,Sciences du bois (fiche nationale),14
H1206,RNCP42696,"Ingénieur diplômé de l'Institut supérieur d'aéronautique et de l'espace, spécialité Génie industriel pour l'aéronautique et l'espace",14
M1802,RNCP40640,Expert en cybersécurité (MS),13
H1210,RNCP41018,"Ingénieur spécialisé en Modélisation Complexe des infrastructures de la construction, diplômé de l'Institut Supérieur du Bâtiment et des Travaux Publics",1
H1206,RNCP36730,Technicien supérieur en pharmacie et cosmétique industrielles,14
H1206,RNCP40950,"Ingénieur diplômé de l'école polytechnique universitaire de Nantes Université, spécialité Génie des Procédés",14
H1206,RNCP42365,Management de l'innovation (fiche nationale),14
M1802,RNCP40234,Expert big data engineer (MS),13
M1805,RNCP39127,"Ingénieur diplômé du Conservatoire national des arts et métiers, spécialité Informatique et systèmes d'information",26
M1805,RNCP39609,Concepteur développeur web full-stack,26
M1805,RNCP40227,Informatique des organisations ,26
M1805,RNCP42239,"Ingénieur diplômé de Télécom Saint-Etienne de l'Université Jean Monnet, spécialité informatique et électronique",26
M1805,RNCP40857,Chef de projet web ou digital,26
M1805,RNCP42443,"Ingénieur diplômé du Conservatoire national des arts et métiers, spécialité Science de la donnée et intelligence artificielle",26
M1805,RNCP42690,"Ingénieur diplômé de l'Institut national des sciences appliquées de Toulouse, spécialité automatique et électronique",26
M1801,RNCP39490,Méthodes informatiques appliquées à la gestion des entreprises - MIAGE (fiche nationale),9
M1804,RNCP40930,"Ingénieur diplômé de l’Institut Polytechnique UniLaSalle, spécialité Systèmes numériques et Energétique",1
M1804,RNCP41154,Ingénieur diplômé de Télécom SudParis de l'Institut Mines-Télécom (Institut Polytechnique de Paris),1
M1703,RNCP42671,Diplôme d’études supérieures de management stratégique d’activités internationales ,7
D1406,RNCP36567,Diplôme Programme Grande Ecole,5
C1202,RNCP40662,Expert en stratégies financières et investissements responsables (MS),12
D1406,RNCP40600,Chef de projets marketing et commerce des vins et spiritueux,5
M1101,RNCP37788,"Ingénieur diplômé de l'université de technologie de Troyes, spécialité Matériaux",1
D1106,RNCP42129,Boucher,1
H2502,RNCP42235,"Ingénieur diplômé de l’Ecole Polytechnique Universitaire de l’Université Lyon-I, spécialité mécanique",2
H1206,RNCP38691,Nanosciences et nanotechnologies (fiche nationale),14
H1206,RNCP42273,Ingénieur diplômé de l'école centrale de Lyon,14
H1206,RNCP42713,"Titre ingénieur - Ingénieur diplômé de l'Institut supérieur de l'automobile et des transports de Nevers de l'université Bourgogne Europe, spécialité Génie industriel",14
H1206,RNCP37952,"Ingénieur diplômé de l'Ecole supérieure de chimie, physique, électronique de Lyon (CPE), spécialité génie physique et microélectronique",14
H1206,RNCP38639,"Ingénieur spécialisé de l’École nationale supérieure des technologies et industries du bois de l’université de Lorraine, spécialité conception et hautes études des structures bois",14
H1206,RNCP38858," Ingénieur diplômé de l’école polytechnique universitaire de Savoie de l'université de Chambéry, spécialité mécanique",14
H1206,RNCP39329,"Ingénieur diplômé de l'Université de Technologie de Belfort - Montbéliard, spécialité : Énergie et Génie Électrique",14
H1206,RNCP42034,"ingénieur diplômé de l’Ecole polytechnique universitaire de Savoie de l’université de Chambéry, spécialité  systèmes embarqués - automatique",14
H1206,RNCP42249,"Ingénieur diplômé de l’école polytechnique universitaire de l’institut national polytechnique Clermont Auvergne, spécialité génie biologique ",14
H1206,RNCP38124,Manager de projets techniques caoutchouc,14
H1206,RNCP40885,Chargé de process numériques  en production plasturgie,14
H1206,RNCP41071,Physique appliquée et capteurs industriels,14
H1206,RNCP42275," Ingénieur diplômé de l’école polytechnique universitaire de l'université d'Angers, spécialité génie biologique et santé",14
H1206,RNCP42456,"Ingénieur diplômé d'ECAM LaSalle, spécialité énergétique",14
H1206,RNCP42460,"Ingénieur diplômé de l'institut national des sciences appliquées de Rouen, spécialité informatique industrielle",14
H1206,RNCP36184,Analyste en acoustique et vibration,14
H1206,RNCP39244,Manager de l'innovation et du développement d'activité (MS),14
H1206,RNCP40536,"Ingénieur diplômé d’ECAM LaSalle, spécialité génie industriel et mécanique",14
H1206,RNCP41274,Ingénieur diplômé de Télécom Paris de l'Institut Mines-Télécom,14
H1206,RNCP42274,"Ingénieur diplômé de l’école nationale d'ingénieurs de Saint-Étienne de l’école centrale de Lyon, spécialité génie physique",14
M1810,RNCP38004,Expert en ingénierie informatique,10
M1801,RNCP41612,Réseaux & télécommunications : Développement système et Cloud,9
M1805,RNCP38590,Manager de l'ingénierie numérique,26
M1805,RNCP41143,Concepteur de solutions no code,26
M1805,RNCP42520,Expert DevOps,26
H1402,RNCP40774,"Ingénieur diplômé de l’école polytechnique de Nantes Université, spécialité Matériaux",1
M1810,RNCP36075,Administrateur systèmes et réseaux,10
M1805,RNCP35511,Réseaux & Télécommunications : Développement système et Cloud ,26
M1805,RNCP40952,"Ingénieur diplômé de l'Ecole Polytechnique universitaire de l'Université Paris-Saclay, spécialité Informatique",26
M1805,RNCP42627,Chef de projet digital,26
M1803,RNCP40205,"Ingénieur diplômé de l'École nationale supérieure des mines de Saint-Étienne de l'institut Mines-Télécom, spécialité microélectronique et informatique",2
M1802,RNCP38412,Ingénieur diplômé de l'Institut supérieur de l'électronique et du numérique Yncréa Méditerranée,13
M1802,RNCP40354,Architecte des objets connectés (IOT),13
M1703,RNCP41031,"Ingénieur diplômé de l'Ecole publique d'ingénieurs de la santé et du numérique de l'Université Paris Est Créteil Val-de-Marne, spécialité Génie Biomédical et Santé",7
I1310,RNCP41601,"Génie industriel et maintenance : Management, méthodes et maintenance innovante",1
I1302,RNCP40501,Maintenance et technologie : contrôle industriel (fiche nationale),1
M1707,RNCP37714,Programme Grande Ecole,3
M1707,RNCP39362,Manager en stratégie de développement des affaires,3
H2903,RNCP39640,Opérateur régleur sur machine-outil à commande numérique par enlèvement de matière,1
M1802,RNCP40363,Expert en études et développement du système d'information,13
M1802,RNCP41612,Réseaux & télécommunications : Développement système et Cloud,13
M1802,RNCP42634,Architecte des systèmes d'information,13
M1802,RNCP42651,Manager de projets de transformation numérique,13
K2111,RNCP38681,Formateur aux métiers de la sécurité,3
M1802,RNCP38319,"Ingénieur diplômé de Télécom Physique Strasbourg de l'université de Strasbourg, spécialité informatique et réseaux",13
M1802,RNCP38823,"Expert en architectures systèmes, réseaux et sécurité informatique",13
M1802,RNCP40897,Expert en cybersécurité,13
M1801,RNCP35457,Réseaux & Télécommunications : Internet des objets et mobilité,9
H1206,RNCP40226,Mathématiques appliquées,14
H1206,RNCP40771,"Ingénieur diplômé de l'École nationale supérieure de physique, électronique et matériaux de l’Institut polytechnique de Grenoble, spécialité Microélectronique et Télécommunications",14
M1802,RNCP36854,Expert en infrastructures de réseaux et en services associés (MS),13
M1802,RNCP38997,Réseaux et télécommunication (fiche nationale),13
M1102,RNCP42361,"Gestion de production, logistique, achats (fiche nationale)",3
M1801,RNCP39301,"Ingénieur de l'Ecole nationale supérieure des sciences applicatives et du risque (ENSAR) , spécialité Gestion des Risques",9
K2402,RNCP36050,Sciences et numérique pour la santé (fiche nationale),3
K2402,RNCP40276,Attaché de recherche clinique,3
M1204,RNCP38067,"Diplôme supérieur en marketing, commerce et gestion",3
M1802,RNCP39549,Sciences et Ingénierie - Informatique,13
D1406,RNCP36352,Diplôme - Programme Grande Ecole (ESSCA),5
E1105,RNCP35364,Information-Communication : Métiers du livre et du patrimoine,2
M1703,RNCP41215,"Ingénieur diplômé de l’Institut Supérieur d’Ingénieurs de Franche-Comté (ISIFC), Spécialité Génie Biomédical",7
M1703,RNCP41300,Créateur de produits technologiques et durables (MS),7
M1201,RNCP41056,Diplôme d'Etudes Spécialisées en Management International (DESMI),12
M1704,RNCP36758,Economie et pilotage des entreprises (fiche nationale),2
C1202,RNCP38594,Responsable d'unité bancaire,12
H1206,RNCP38265,Manager du changement et de l'innovation durable (MS),14
H1206,RNCP41220,"Ingénieur diplômé de l'institut national des sciences appliquées de Toulouse, spécialité informatique et réseaux",14
H1206,RNCP42007,"Ingénieur diplômé de CentraleSupélec, spécialité Electronique",14
H1206,RNCP42554,"Ingénieur diplômé de l’Ecole Polytechnique Universitaire de l’Institut polytechnique de Grenoble, spécialité Matériaux",14
M1805,RNCP38038,Développeur concepteur logiciel,26
M1805,RNCP38637,"Ingénieur diplômé de l'Ecole nationale supérieure Mines-Télécom Atlantique Bretagne-Pays de la Loire de l'Institut Mines-Télécom, spécialité réseaux et télécommunications",26
M1805,RNCP39061,"Ingénieur diplômé de l'École Nationale Supérieure d'Électricité et de Mécanique de Nancy de l'Université de Lorraine, spécialité Systèmes Numériques",26
M1805,RNCP42149,Data engineer,26
D1406,RNCP38753,Diplôme d’études supérieures en commerce et management opérationnel,5
D1406,RNCP42252,IA & Management,5
M1810,RNCP41612,Réseaux & télécommunications : Développement système et Cloud,10
M1707,RNCP36368,Manager du développement d’affaires à l’international,3
M1805,RNCP38998,"Optique, image, vision, multimédia (fiche nationale)",26
M1805,RNCP41643,Expert en transformation digitale et technologique no code,26
M1805,RNCP36949,Numérique,26
M1805,RNCP40146,Chef de projets en solutions blockchain,26
M1805,RNCP41165,"Ingénieur diplômé de CentraleSupélec, spécialité Cybersécurité",26
M1805,RNCP41694,Expert en design d’expérience utilisateur,26
M1703,RNCP41107,Responsable marketing et communication,7
H2502,RNCP39790,"Ingénieur diplômé de l’École polytechnique universitaire de l'université Lyon-I, spécialité Génie Industriel",2
H2502,RNCP40321,Valorisation des agro-ressouces (fiche nationale),2
H1206,RNCP37583,Diplômes d’études spécialisées vétérinaires spécialité ophtalmologie,14
H1206,RNCP41159,Ingénieur diplômé de l’école d’ingénieurs Jules Verne de l'université d'Amiens spécialité génie énergétique et environnement,14
H1206,RNCP38407,"Ingénieur diplômé de l'Institut Agro Dijon de l'Institut national d'enseignement supérieur pour l'agriculture, l'alimentation et l'environnement spécialité agroalimentaire",14
H1206,RNCP38687," Electronique, énergie électrique, automatique (fiche nationale)",14
H1206,RNCP38965,Biologie intégrative et physiologie (fiche nationale),14
H1206,RNCP39306,"Ingénieur diplômé de l'école nationale supérieure d'arts et métiers, spécialité génie mécanique",14
H1206,RNCP42553,"Ingénieur diplômé de l'Ecole européenne de chimie, polymères et matériaux de Strasbourg de l'Université de Strasbourg, spécialité écologie industrielle des matériaux polymères",14
H1206,RNCP42603,"Ingénieur diplômé de l'Ecole nationale supérieure des ingénieurs en arts chimiques et technologiques, spécialité génie des procédés",14
M1810,RNCP40744,Sciences et ingénierie - Cybersécurité ,10
M1801,RNCP41616,Science des données : Exploration et modélisation statistique,9
M1810,RNCP35456,Réseaux & Télécommunications : Réseaux Opérateurs et Multimédia ,10
M1801,RNCP42382,"Ingénieur diplômé de l'école nationale supérieure d’électronique, informatique, télécommunications, mathématique et mécanique de Bordeaux de l’institut polytechnique de Bordeaux, spécialité réseaux et informatique",9
M1805,RNCP38211,"Ingénieur diplômé de l'école polytechnique universitaire d'Université Côte d’Azur, spécialité Electronique et systèmes embarqués",26
M1805,RNCP39490,Méthodes informatiques appliquées à la gestion des entreprises - MIAGE (fiche nationale),26
H1206,RNCP37788,"Ingénieur diplômé de l'université de technologie de Troyes, spécialité Matériaux",14
H1206,RNCP42096,"Ingénieur diplômé de l'Ecole nationale supérieure Mines-Télécom Atlantique Bretagne Pays de la Loire de l'Institut Mines-Télécom, spécialité Génie industriel",14
M1810,RNCP38739,Science des données (fiche nationale),10
M1810,RNCP40122,"Ingénieur diplômé de l’école polytechnique universitaire de l’université de Tours, spécialité informatique ",10
M1810,RNCP40319,"Métiers de l'informatique : conception, développement et tests de logiciels (fiche nationale)",10
M1803,RNCP39394,Expert en systèmes d’information et sécurité,2
M1803,RNCP41614,Réseaux & télécommunications : Pilotage de projets de réseaux,2
H2502,RNCP39028,Ingénieur diplômé de l'ESIGELEC,2
M1802,RNCP40873,Expert en solution connectée (IoT),13
I1310,RNCP36966,Motorisations toutes énergies ,1
I1310,RNCP36968,"Maintenance des systèmes (option A : systèmes de production, option B : systèmes énergétiques et fluidiques, option C : systèmes éoliens, option D : systèmes ascenseurs et élévateurs)",1
K2202,RNCP41326,CQP Laveur de vitres,1
M1707,RNCP41822,"Diplôme de responsable en marketing, commercialisation et gestion",3
K2111,RNCP39022,"Psychologie clinique, psychopathologie et psychologie de la santé (fiche nationale)",3
M1703,RNCP36015,Manager en marketing du luxe,7
M1703,RNCP39209,Responsable du développement de produits dans le secteur de la mode,7
M1802,RNCP40813,Ingénieur diplômé de l'IG2I de Centrale Lille Institut,13
M1403,RNCP40551,Chef de projets en intelligence artificielle et sciences des données (MS),1
H1206,RNCP40016, Ingénieur diplômé de l’Ecole nationale supérieure de génie industriel de l’Institut polytechnique de Grenoble (Université Grenoble Alpes),14
H1206,RNCP40941,"Ingénieur diplômé de l'Université de Technologie de Compiègne, spécialité Génie Biologique",14
H1206,RNCP41926,"Ingénieur diplômé de l'école supérieure d'ingénieurs Réunion océan Indien de l'Université de La Réunion, spécialité bâtiment et énergie",14
M1703,RNCP41333,Manager de l'innovation technologique (MS),7
M1803,RNCP38114,Architecte de Systèmes d'Information,2
M1803,RNCP41378,Ingénieur diplômé de l'Université Paris XIII spécialité Informatique,2
M1503,RNCP38519,Responsable paie et audit social ,1
M1703,RNCP40724,Diplôme d’enseignement supérieure en management des affaires internationales,7
M1703,RNCP42395,Diplôme d’études supérieures en management international,7
M1201,RNCP39416,Mathématiques et applications (fiche nationale),12
M1704,RNCP41981,Chef de projets marketing digital,2
M1201,RNCP36021,Expert en ingénierie financière et fiscale (MS),12
I1101,RNCP42516,Chef de projet en rénovation énergétique,1
H1206,RNCP40113,Mathématiques (fiche nationale),14
H1206,RNCP40641,Manager de l'innovation (MS),14
H1206,RNCP42693,"Ingénieur diplômé de l'Ecole nationale supérieure de mécanique et d'aérotechnique, spécialité Génie industriel pour l'aéronautique et l'espace",14
M1802,RNCP35782,"Ingénieur de l'école nationale supérieure des sciences appliquées et de technologie, spécialité informatique",13
M1802,RNCP37579,"Ingénieur diplômé de l'Ecole polytechnique universitaire d'Aix-Marseille Université, spécialité ""Informatique""",13
M1802,RNCP41825,"Ingénieur diplômé de l'Université de technologie de Troyes, spécialité Systèmes Numériques",13
M1707,RNCP35920,Management des PME-PMI (fiche nationale),3
M1707,RNCP37695,Manager international mode et luxe,3
M1707,RNCP42683,Manager international mode et luxe,3
M1802,RNCP36118,"Ingénieur diplômé ECAM LaSalle, spécialité Systèmes Numériques et Génie Industriel",13
M1802,RNCP38474,Architecte internet des objets,13
M1802,RNCP38958,"Ingénieur diplômé de l'Université de Technologie de Belfort - Montbéliard, spécialité Informatique",13
M1802,RNCP40826,"Ingénieur diplômé d'ECAM LaSalle, spécialité mécanique et génie électrique",13
M1202,RNCP36596,Expert financier,1
M1805,RNCP42425,Sciences et ingénierie - Informatique et intelligence artificielle,26
M1810,RNCP41611,Réseaux & télécommunications : Cybersécurité,10
M1703,RNCP39354,Manager du développement d'entreprise et commercial,7
M1703,RNCP42751,Ingénieur diplômé de l'Ecole d'ingénieurs de Purpan,7
D1406,RNCP41493,Responsable retail dans le luxe,5
M1204,RNCP41822,"Diplôme de responsable en marketing, commercialisation et gestion",3
H1206,RNCP36344,Ingénieur diplômé de l’Institut Supérieur d’Etudes Logistiques de l’Université du Havre  Spécialité Mécanique et Production,14
H1206,RNCP38220,Ingénieur diplômé de l'école d'ingénieurs en sciences industrielles et numérique de l'université de Reims spécialité mécanique et génie industriel,14
H1206,RNCP42469,Expert en design des matériaux et des structures (MS),14
H2502,RNCP37957,"Ingénieur diplômé de l’Ecole supérieure de chimie, physique, électronique de Lyon (CPE), spécialité Génie des procédés",2
H2502,RNCP38582,Expert en ingénierie et gestion du gaz (MS),2
H2502,RNCP40511,Ingénieur diplômé de l’Ecole de Biologie Industrielle (EBI),2
M1201,RNCP41147,"Ingénieur diplômé de l’institut national des sciences appliquées de Rouen, spécialité Mathématiques appliquées",12
H1206,RNCP36843,Sciences de l’univers et technologies spatiales (fiche nationale),14
H1206,RNCP38412,Ingénieur diplômé de l'Institut supérieur de l'électronique et du numérique Yncréa Méditerranée,14
H1206,RNCP39168,"Ingénieur diplômé de l’École nationale supérieure d'arts et métiers, spécialité génie industriel et production",14
H1206,RNCP40231,Métiers de l'industrie : industrie aéronautique (fiche nationale),14
M1810,RNCP37454,Technicien supérieur systèmes et réseaux ,10
M1801,RNCP39586,Ingénieur en science des données spécialisé en infrastructure data ou en apprentissage automatique,9
M1801,RNCP35702,"Ingénieur diplômé de l’école polytechnique universitaire de l'université d'Angers, spécialité automatique et informatique ",9
H1402,RNCP36032,"Ingénieur diplômé de l'École nationale vétérinaire, agroalimentaire et de l'alimentation de Nantes-Atlantique (ONIRIS)",1
H1402,RNCP37743,"Ingénieur diplômé de l'Université de technologie de Troyes, spécialité Génie industriel",1
H1206,RNCP39143,Titre ingénieur - Diplôme d’ingénieur de l’École nationale supérieure des mines d'Albi-Carmaux de l'Institut Mines-Télécom,14
H1206,RNCP41019,"Ingénieur diplômé de l’Institut supérieur de mécanique de Paris, spécialité Génie industriel",14
H1206,RNCP41918,"Ingénieur diplômé de l'École polytechnique universitaire de Montpellier, spécialité Matériaux",14
H2502,RNCP42453,"Ingénieur diplômé de l’École nationale supérieure d’arts et métiers, spécialité Génie électrique",2
J1411,RNCP37486,Opérateur en appareillage orthopédique - Spécialité orthoprothèse,1
M1802,RNCP39611,"Administrateur systèmes, réseaux et cybersécurité",13
M1802,RNCP40751,Ingénieur diplômé de l'EPF spécialité systèmes d'information,13
M1802,RNCP42147,Expert en ingénierie de l'intelligence artificielle et des applications,13
M1810,RNCP40864,Gestionnaire en maintenance et support informatique ,10
M1802,RNCP37551,Criminologie (fiche nationale),13
M1802,RNCP39333,"Ingénieur diplômé de l’École Polytechnique Universitaire de Sorbonne Université, spécialité Mathématiques Appliquées et Informatique",13
M1802,RNCP40836,Expert green IT,13
M1802,RNCP41608,"Qualité, logistique industrielle et organisation : Management de la transformation digitale",13
M1801,RNCP41979,Technicien informatique systèmes et réseaux,9
M1803,RNCP40041,"Ingénieur diplômé d’Aflokkat, spécialité robotique et informatique",2
M1803,RNCP40219," Ingénieur diplômé de l’École nationale supérieure d’ ingénieurs de Caen, spécialité Informatique",2
M1803,RNCP41283,Ingénieur diplômé de l’École Nationale Supérieure d’Informatique pour l’Industrie et l’Entreprise ,2
H1206,RNCP42227,"Ingénieur spécialisé en génie atomique, diplômé de l'Institut national des sciences et techniques nucléaires",14
H1206,RNCP42472,Manager marketing et commercial dans les industries de santé (MS),14
H1206,RNCP36098,"Ingénieur diplômé de l’école nationale supérieure en génie des technologies industrielles de l’université de pau et des pays de l'adour, spécialité génie des procédés",14
H1206,RNCP38995,Aéronautique et espace (fiche nationale),14
H1206,RNCP41377,Ingénieur diplômé de l'école spéciale de mécanique et d’électricité,14
H1206,RNCP42754,"Ingénieur diplômé de l’Institut Agro Rennes-Angers de l’Institut national d’enseignement supérieur pour l’agriculture, l’alimentation et l’environnement, spécialité agronomie",14
M1802,RNCP35994,"Ingénieur diplômé de l’Ecole Polytechnique Universitaire de Savoie de l'Université de Chambéry, Spécialité Informatique",13
M1502,RNCP40863,Responsable de gestion des ressources humaines,3
M1502,RNCP41366,Assistant ressources humaines,3
M1703,RNCP39293,"Ingénieur diplômé de l'Ecole Supérieure d'Ingénieurs de Rennes de l'Université de Rennes, spécialité Technologies de l'Information pour la Santé",7
M1703,RNCP39434,Diplôme d'études supérieures spécialisées en management global (DESSMG),7
M1703,RNCP42732,"Ingénieur diplômé de l’école polytechnique universitaire de l'université d'Orléans, spécialité Systèmes d'information pour le bâtiment",7
I1307,RNCP40121,Domotique (fiche nationale),1
M1702,RNCP40046,Intelligence Artificielle appliquée aux enjeux sociétaux,6
M1805,RNCP36297,Expert en transformation des systèmes d’information et du numérique,26
M1805,RNCP40573,Expert en informatique et systèmes d’information,26
M1805,RNCP41002,Sciences et ingénierie -  Systèmes numériques pour le multimédia,26
M1805,RNCP42591,"Ingénieur diplômé de l’université de Toulouse, spécialité Robotique",26
M1805,RNCP42758,Ingénieur diplômé de CY Tech de CY Cergy Paris Université Spécialité Informatique,26
M1501,RNCP38147,Gestionnaire de paie,4
H1206,RNCP38932,Responsable de la numérisation des systèmes et processus de production,14
H1206,RNCP40955,"Ingénieur diplômé de l’Ecole polytechnique universitaire de l'université de Lille, spécialité Génie électrique et mécatronique",14
H1206,RNCP40782,Ingénieur diplômé de l’institut d’optique théorique et appliquée,14
M1801,RNCP38579,Administrateur de systèmes d'information sécurisés,9
M1801,RNCP41220,"Ingénieur diplômé de l'institut national des sciences appliquées de Toulouse, spécialité informatique et réseaux",9
J1102,RNCP39500,Docteur en médecine ,1
H1402,RNCP40494,Ingénieur diplômé de l’Ecole nationale d’ingénieurs de Brest,1
H1402,RNCP40954,"Ingénieur diplômé de l'Ecole polytechnique universitaire de l'Université Paris-Saclay, spécialité Matériaux",1
H1206,RNCP39451,"Ingénieur diplômé de l'Ecole d'ingénieurs Denis-Diderot de l'Université Paris Cité, spécialité Bioinformatique",14
H1206,RNCP39567,"Ingénieur diplômé de l’Ecole Polytechnique Universitaire de l’Université Lyon 1, spécialité Mécanique",14
H1206,RNCP40752,"Ingénieur diplômé de l'institut national des sciences appliquées Centre Val de Loire, spécialité génie industriel",14
H2502,RNCP38083,Ingénieur diplômé de l'Ecole Nationale Supérieure des Industries Chimiques de l'Université de Lorraine,2
M1707,RNCP41008,Sciences du management – Diplôme d’études supérieures en management,3
K2111,RNCP38156,Sciences de l’éducation et de la formation (fiche nationale),3
M1703,RNCP40320,Métiers de la communication : chef de projet communication (fiche nationale),7
K1601,RNCP35364,Information-Communication : Métiers du livre et du patrimoine,1
M1703,RNCP38763,Diplôme de Management International,7
M1102,RNCP39209,Responsable du développement de produits dans le secteur de la mode,3
M1204,RNCP41469,Expert du contrôle financier,3
M1803,RNCP40570,Expert en infrastructure de réseaux de télécommunication maritimes (MS),2
A1303,RNCP40756,"Ingénieur diplômé de l'Ecole Polytechnique Universitaire de l'Université de Montpellier, spécialité Génie de l'eau",1
M1703,RNCP39914,"Ingénieur diplômé de l’Institut Agro Rennes-Angers de l’Institut national d’enseignement supérieur pour l’agriculture, l’alimentation et l’environnement (Institut Agro), spécialité agroalimentaire",7
M1102,RNCP41711,Manager expert du développement et de la production de produits de mode ,3
D1402,RNCP41193,Diplôme Supérieur en Marketing Commerce et Gestion,1
M1707,RNCP36392,Responsable export des vins et spiritueux ,3
M1707,RNCP38874,Diplôme d'études spécialisées en management et gestion de projet (DESMAP),3
M1202,RNCP40998,Diplôme supérieur de comptabilité et de gestion (DSCG),1
M1502,RNCP39604,Chargé des ressources humaines,3
M1502,RNCP42617,Chargé des ressources humaines ,3
L1505,RNCP41628,Cinéma,3
D1406,RNCP36555,Diplôme d'études supérieures en management,5
D1406,RNCP38092,Programme Grande Ecole,5
K1903,RNCP38205,Droit des libertés (fiche nationale),2
K1903,RNCP38585,Délégué à la protection des données (MS),2
M1101,RNCP42628,"Chef de produits mode, luxe et textile",1
M1501,RNCP40107,Métiers de la gestion et de la comptabilité : comptabilité et paie (fiche nationale),4
H2502,RNCP39574,Ingénieur navigabilité et certification aéronautiques (MS),2
M1201,RNCP40842,Expert en contrôle de gestion et pilotage de la performance (MS),12
M1201,RNCP39229,Expert en gestion patrimoniale et financière (MS),12
H1402,RNCP37543,Ingénieur de l'Ecole Nationale Supérieure en Génie des Systèmes et de l'Innovation de l'Université de Lorraine,1
H1402,RNCP41020,"Ingénieur diplômé de l’Institut supérieur de mécanique de Paris, spécialité Génie Industriel pour l’Aéronautique et l’Espace",1
I1302,RNCP41893,Chef d’équipe d’exploitation et de maintenance des systèmes d’armes et installations automatisées,1
M1801,RNCP41613,Réseaux & télécommunications : Internet des objets et mobilité,9
M1403,RNCP36378,Responsable de la stratégie marketing et commerciale de mode,1
M1403,RNCP40964,"Ingénieur diplômé de l’Institut national universitaire Jean-François-Champollion, spécialité informatique pour la santé",1
M1703,RNCP36384,Manager en stratégie et développement international,7
M1204,RNCP36889,Responsable comptable,3
M1204,RNCP37988,"Diplôme supérieur en marketing, vente et gestion",3
M1803,RNCP38656,Ingénieur diplômé d'EURECOM,2
H3302,RNCP37219,Monteur-Installateur d’œuvres d’art ,2
A1303,RNCP40779,"Ingénieur diplômé de l’Institut Agro Montpellier de l’institut national d’enseignement supérieur pour l’agriculture, l’alimentation et l’environnement (Institut Agro), spécialité agronomie et agroalimentaire",1
D1406,RNCP41060,Responsable du marketing et du développement commercial,5
D1406,RNCP41070,Métiers de la promotion des produits de santé (fiche nationale),5
K1903,RNCP38163,Droit des collectivités territoriales (fiche nationale),2
K1903,RNCP38176,Administration publique (fiche nationale),2
H1210,RNCP35479,Mesures Physiques : Techniques d'instrumentation,1
C1101,RNCP39010,Actuariat (fiche nationale),3
M1502,RNCP41713,Coach professionnel,3
I1307,RNCP39635,Technicien intégrateur des infrastructures et équipements connectés ,1
H2502,RNCP38221,"Ingénieur diplômé de l'école d'ingénieurs en sciences industrielles et numérique de l'université de Reims, spécialité matériaux et mécanique",2
M1102,RNCP39650,Ingénieur d'affaires industrielles,3
H1206,RNCP38539,"Ingénieur diplômé de l'École européenne de chimie, polymères et matériaux de Strasbourg de l’Université de Strasbourg",14
H1206,RNCP38705,Chimie et sciences du vivant (fiche nationale),14
M1802,RNCP35511,Réseaux & Télécommunications : Développement système et Cloud ,13
M1802,RNCP36416,"Ingénieur diplômé de l'Ecole supérieure d'Ingénieurs de Rennes, Spécialité Informatique",13
M1802,RNCP40165,Expert en architectures sécurisées des systèmes d'information,13
M1802,RNCP41588,"Informatique : Réalisation d'applications : conception, développement, validation",13
M1802,RNCP42099,"Ingénieur diplômé de l'Institut national des sciences appliquées de Lyon, spécialité Télécommunications",13
H2502,RNCP39276,"Titre ingénieur - Titre ingénieur diplômé de l’école polytechnique universitaire de Sorbonne Université, spécialité Génie Mécanique",2
H2502,RNCP40967," Ingénieur diplômé de l’école polytechnique universitaire de l’institut national polytechnique Clermont Auvergne, spécialité génie industriel",2
M1802,RNCP41724,Architecte blockchain,13
M1802,RNCP42714," Ingénieur diplômé de l'École nationale supérieure des mines de Saint-Étienne de l'institut Mines-Télécom, spécialité microélectronique et informatique",13
I1302,RNCP41640,Expert en systèmes et ouvrages hydrauliques (MS) ,1
K2111,RNCP37466,Pédagogie en sciences de la santé (fiche nationale),3
K2111,RNCP38118,Conseiller en formation (DU),3
K1601,RNCP37843,Directeur de la donnée (chief data officer),1
K1601,RNCP40861,Documentaliste multimédia ,1
M1503,RNCP37270,Manager de programmes internationaux - humanitaire et développement,1
M1703,RNCP40442,"Métiers de la santé : nutrition, alimentation (fiche nationale)",7
M1502,RNCP38185,Sciences de l'éducation et de la formation (fiche nationale),3
K1903,RNCP38193,Droit de la propriété intellectuelle (fiche nationale) ,2
M1202,RNCP40289,Métiers de la gestion et de la comptabilité : responsable de portefeuille clients en cabinet d'expertise (fiche nationale),1
M1203,RNCP36422,Diplôme Affaires internationales,4
M1502,RNCP40853,Chargé de missions en ressources humaines ,3
M1804,RNCP40421,"Ingénieur diplômé de Télécom Nancy de l'université de Lorraine, spécialité cybersécurité",1
C1206,RNCP41564,Gestion des entreprises et des administrations : Gestion entrepreneuriat et management d’activités,1
M1101,RNCP37131,Diplôme en management international,1
H1402,RNCP40885,Chargé de process numériques  en production plasturgie,1
M1703,RNCP35910,Management de l’innovation (fiche nationale),7
K2111,RNCP41510,Sciences et techniques de l'agronomie pour la formation,3
M1703,RNCP42385,Diplôme en management international des affaires,7
M1801,RNCP38413,Architecte des systèmes d'information dans les processus industriels,9
A1303,RNCP39184,Gestion de l'environnement (fiche nationale),1
M1503,RNCP42047,Manager des ressources humaines (MS),1
M1703,RNCP40710,Marketing et Stratégie,7
M1704,RNCP38737,Sciences et ingénierie - Agro-industries,2
M1502,RNCP35878,Chargé des ressources humaines,3
M1502,RNCP38045,Assistant en ressources humaines,3
H1210,RNCP40725,Chimie de synthèse (fiche nationale),1
M1702,RNCP39092,Expert en création digitale,6
H2502,RNCP38932,Responsable de la numérisation des systèmes et processus de production,2
H1101,RNCP39050,"Titre ingénieur – Ingénieur diplômé de l'Université de Technologie de Belfort Montbéliard, spécialité Mécanique et transports",1
I1401,RNCP36440,Technicien d'assistance en informatique,1
H1402,RNCP39060,Automatique et systèmes électriques (fiche nationale),1
H2502,RNCP42446,"Ingénieur diplômé du Conservatoire national des arts et métiers, spécialité Systèmes électroniques",2
F1101,RNCP40942,"Ingénieur diplômé de l'Université de Technologie de Compiègne, spécialité Génie Urbain",1
I1306,RNCP35488,Métiers de la Transition et de l'Efficacité Energétiques : Management de l’énergie pour le bâtiment et l’industrie,1
D1403,RNCP40582,Chargé de clientèle,2
M1403,RNCP39010,Actuariat (fiche nationale),1
M1403,RNCP42502,Manager en ingénierie des politiques publiques,1
M1204,RNCP41059,Diplôme d'études supérieures spécialisées en Finance,3
M1803,RNCP38087,"Ingénieur diplômé de l'université de technologie de Troyes,  spécialité Réseaux et Télécommunications",2
M1502,RNCP38137,Directeur des ressources humaines,3
M1707,RNCP36378,Responsable de la stratégie marketing et commerciale de mode,3
D1102,RNCP38762,Techniques du tour en boulangerie et en pâtisserie,1
C1206,RNCP38440,Conseiller de clientèle de particuliers banque et assurance,1
D1403,RNCP39859,Photographe entrepreneur,2
K2402,RNCP42414,Ethologie (fiche nationale),3
H1206,RNCP35909,Management stratégique (fiche nationale),14
H1206,RNCP40533,"Ingénieur spécialisé en économie régénérative, diplômé de l’École nationale supérieure d'informatique et de mathématiques appliquées de l’Institut polytechnique de Grenoble",14
H1206,RNCP42286,Ingénieur diplômé de l'école nationale supérieure de technologie des biomolécules de Bordeaux de l’institut polytechnique de Bordeaux,14
H2502,RNCP40961,"Ingénieur diplômé de l’Ecole Polytechnique Universitaire de l’Institut polytechnique de Grenoble, spécialité Matériaux",2
H2502,RNCP42242,"Ingénieur diplômé de l'Institut national des sciences appliquées de Lyon, spécialité matériaux",2
H1402,RNCP35783,"Ingénieur de l'école nationale supérieure des sciences appliquées et de technologie, spécialité Systèmes Numériques",1
H1402,RNCP38706,Chimie moléculaire (fiche nationale),1
H1402,RNCP41920,"Ingénieur diplômé de l'Ecole Polytechnique Universitaire de l'université de Montpellier, spécialité Mécanique",1
H2502,RNCP35797,"Ingénieur diplômé de l’école nationale supérieure de Bretagne sud (ENSIBS), spécialité génie industriel",2
H2502,RNCP42380,"Ingénieur diplômé de l’école polytechnique universitaire de l’institut national polytechnique Clermont Auvergne, spécialité génie industriel",2
L1505,RNCP41811,Superviseur de production virtuelle,3
I1310,RNCP35499,"Génie Industriel et Maintenance : Management, Méthodes et Maintenance Innovante",1
K1601,RNCP36153,Gestionnaire de l'information numérique,1
D1406,RNCP38583,Manager du développement commercial ,5
D1406,RNCP38830,Chargé d'affaires commerciales,5
E1105,RNCP39789,"Arts, lettres et civilisations (fiche nationale)",2
F1104,RNCP40858,Dessinateur BIM en bâtiment et architecture,1
H2502,RNCP42229,"Ingénieur diplômé de l'Ecole nationale supérieure Mines-Télécom Atlantique Bretagne Pays de la Loire de l'Institut Mines-Télécom, spécialité écologie industrielle",2
H1402,RNCP41250,"Ingénieur diplômé de l'institut national des sciences appliquées de toulouse, spécialité automatique et électronique",1
M1803,RNCP41546,Métiers du multimédia et de l’Internet : Développement web et dispositifs interactifs,2
M1803,RNCP42324,Expert en solutions et transformation no code/low code,2
L1505,RNCP39749,Adjoint à la réalisation d'oeuvres cinématographiques ou audiovisuelles,3
M1707,RNCP40377,Chargé de marketing digital et e-commerce,3
M1707,RNCP39884,Manager du Développement Commercial,3
K2111,RNCP42559,Métiers du conseil et de la formation des adultes (fiche nationale) ,3
K1601,RNCP39478,Droit canonique (fiche nationale),1
M1503,RNCP39051,"Responsable en management des organisations : option ""Diriger une entité opérationnelle"" - option ""Coordonner des activités de management stratégique""",1
M1503,RNCP41406,Responsable d'administration communale (DU),1
M1704,RNCP42676,Programme grande école ,2
M1707,RNCP35907,"Marketing, vente (fiche nationale)",3
M1203,RNCP39601,Chargé de développement social et paie,4
M1703,RNCP40248,Responsable de la performance commerciale et du marketing digital,7
C1206,RNCP36285,Conseiller patrimonial agence,1
M1501,RNCP39529,Gestionnaire des ressources humaines,4
H2502,RNCP37934,Ingénieur diplômé de l’Ecole supérieure de biologie-biochimie-biotechnologie spécialité Biotechnologie,2
H2502,RNCP40884,Expert en numérisation des systèmes et processus de production,2
H2502,RNCP42743,"Ingénieur diplomé de l'école polytechnique de Nantes Université, spécialité électronique et technologies numériques",2
H1402,RNCP37613,Manager de l'amélioration continue (MS),1
H1402,RNCP37934,Ingénieur diplômé de l’Ecole supérieure de biologie-biochimie-biotechnologie spécialité Biotechnologie,1
H1402,RNCP40133,"Ingénieur diplômé de l’École nationale supérieure d’ingénieurs de Bretagne Sud de l’université de Bretagne-Sud, spécialité mécatronique",1
H1402,RNCP42469,Expert en design des matériaux et des structures (MS),1
H1402,RNCP42738, ingénieur diplômé de l’Ecole nationale supérieure de mécanique et des microtechniques,1
H2502,RNCP35351,"Qualité, Logistique Industrielle et Organisation : Organisation et supply chain",2
M1703,RNCP37543,Ingénieur de l'Ecole Nationale Supérieure en Génie des Systèmes et de l'Innovation de l'Université de Lorraine,7
K2111,RNCP41115,Responsable d’ingénierie pédagogique multimodale,3
M1403,RNCP42363,Management sectoriel (fiche nationale),1
H3302,RNCP39954,CQP Opérateur de production en milieu pyrotechnique,2
M1102,RNCP39844,Manager de la performance achat,3
D1402,RNCP35356,Techniques de Commercialisation : marketing et management du point de vente,1
H1210,RNCP40476,"Analyse, qualité et contrôle des matériaux produits (fiche nationale)",1
M1202,RNCP39481,Programme grande école,1
M1203,RNCP41843,Diplôme de comptabilité et de gestion (DCG),4
M1207,RNCP35920,Management des PME-PMI (fiche nationale),3
K2402,RNCP39692,Biologie végétale (fiche nationale),3
M1101,RNCP36695,Responsable marketing et commercial de la mode et du luxe,1
I1401,RNCP40864,Gestionnaire en maintenance et support informatique ,1
H1402,RNCP39567,"Ingénieur diplômé de l’Ecole Polytechnique Universitaire de l’Université Lyon 1, spécialité Mécanique",1
M1403,RNCP36934,Energie solaire (fiche nationale),1
K1601,RNCP39038,Anthropologie (fiche nationale),1
K2402,RNCP40192,Technologie marine (fiche nationale),3
M1503,RNCP39601,Chargé de développement social et paie,1
M1804,RNCP41178,"Ingénieur diplômé de l'Ecole supérieure de chimie physique électronique de Lyon (CPE), spécialité électronique et informatique",1
M1804,RNCP42687,"Ingénieur diplômé du Conservatoire national des arts et métiers, spécialité Télécommunications et réseaux ",1
H2502,RNCP40975,"ingénieur diplômé de l'Institut national des sciences appliquées de Lyon, spécialité génie mécanique",2
M1102,RNCP40961,"Ingénieur diplômé de l’Ecole Polytechnique Universitaire de l’Institut polytechnique de Grenoble, spécialité Matériaux",3
H1402,RNCP39903,"Ingénieur diplômé de l'Ecole d'ingénieur Denis-Diderot de l'Université Paris Cité, spécialité Systèmes Informatiques Embarqués",1
M1403,RNCP42253,Humanités médicales (fiche nationale),1
M1102,RNCP40372,Manager des achats et de la logistique,3
M1102,RNCP42496,Manager achats et approvisionnement,3
K1903,RNCP38158,Droit (fiche nationale) ,2
M1804,RNCP37572,Sciences et Ingénierie - Transformation Numérique des Entreprises ,1
M1804,RNCP40972,"Ingénieur diplômé de l'Institut national des sciences appliquées de Lyon, spécialité Télécommunications",1
H1101,RNCP39003,Traitement du signal et des images (fiche nationale),1
H1208,RNCP36536,"Ingénieur diplômé de l’ENSIL-ENSCI de l'Université de Limoges, Spécialité Mécatronique",3
H1402,RNCP37812,"Ingénieur diplômé de l’école polytechnique de l'université de Lorraine, spécialité génie industriel et gestion des risques",1
M1803,RNCP42345,Expert cybersécurité,2
M1502,RNCP38899,Chargé de gestion des ressources humaines,3
M1502,RNCP42639,Manager des ressources humaines,3
I1306,RNCP38748,Technicien de maintenance CVC,1
M1707,RNCP39016,Economie internationale (fiche nationale),3
M1707,RNCP39160,Programme Grande Ecole,3
M1707,RNCP39268,Diplôme d’Etudes Spécialisées en Management International,3
H2903,RNCP41015,"Technicien en réalisation de produits mécaniques, option réalisation et suivi de productions, option réalisation et maintenance des outillages",1
K2111,RNCP38694,Didactique des langues (fiche nationale),3
M1403,RNCP39059,Sciences sociales (fiche nationale),1
M1403,RNCP42011,Diplôme d'études supérieures en intelligence artificielle et sciences des données,1
M1803,RNCP37985,Expert en ingénierie logicielle,2
M1803,RNCP39261,Concepteur développeur d'applications web,2
A1303,RNCP42740,Ingénieur diplômé de l’École nationale supérieure agronomique de Toulouse de l'Institut national polytechnique de Toulouse,1
A1303,RNCP42756,"Ingénieur diplômé de l’Institut Agro Rennes-Angers de l’Institut national d’enseignement supérieur pour l’agriculture, l’alimentation et l’environnement, spécialité horticulture",1
E1105,RNCP38199,Sciences de l’information et des bibliothèques (fiche nationale),2
H1210,RNCP39848,Chargé de projet en ingénierie numérique dans l'industrie,1
M1203,RNCP41653,Assistant comptable,4
M1502,RNCP38112,Manager des ressources humaines,3
M1804,RNCP38999,Systèmes de calculs embarqués (fiche nationale),1
C1206,RNCP40253,Chargé de clientèles en assurance et banque,1
M1501,RNCP39049,Conseiller en recrutement,4
I1310,RNCP35465,Génie Mécanique et Productique : Management de process industriel,1
M1403,RNCP42472,Manager marketing et commercial dans les industries de santé (MS),1
K2402,RNCP41031,"Ingénieur diplômé de l'Ecole publique d'ingénieurs de la santé et du numérique de l'Université Paris Est Créteil Val-de-Marne, spécialité Génie Biomédical et Santé",3
K1601,RNCP39697,Humanités (fiche nationale),1
K1601,RNCP40232,Analyste criminel opérationnel (fiche nationale),1
K2402,RNCP36544,DESV - Diplômes d’études spécialisées vétérinaires spécialité sciences et médecine des animaux de laboratoire,3
E1105,RNCP38180,"Information, documentation (fiche nationale)",2
I1101,RNCP41575,Génie civil - Construction durable : Travaux publics,1
M1807,RNCP41508,Responsable navigation et gestion des systèmes embarqués,3
M1605,RNCP38886,Diplôme en management,1
M1605,RNCP41599,Gestion administrative et commerciale des organisations : Management responsable de projet et entrepreneuriat,1
M1502,RNCP38442,Responsable ressources humaines ,3
K2402,RNCP37934,Ingénieur diplômé de l’Ecole supérieure de biologie-biochimie-biotechnologie spécialité Biotechnologie,3
K2402,RNCP39452,"Ingénieur diplômé de l'Ecole d'ingénieurs Denis-Diderot de l'Université Paris Cité, spécialité Génie Biomédical",3
M1102,RNCP36107,Métiers du bois (fiche nationale),3
M1204,RNCP35989,Contrôleur de gestion,3
M1803,RNCP36469,Expert en ingénierie du développement et en architecture logicielle,2
M1803,RNCP38961,Technologies de l’information (fiche nationale),2
M1803,RNCP42147,Expert en ingénierie de l'intelligence artificielle et des applications,2
A1303,RNCP38563,Sciences de la mer (fiche nationale),1
M1704,RNCP38368,Négociation et digitalisation de la relation client,2
M1704,RNCP40504,Management des activités commerciales (fiche nationale),2
M1202,RNCP35913, Finance (fiche nationale),1
M1707,RNCP39556,Responsable du développement commercial et marketing ,3
K1601,RNCP39236,Assistant archiviste,1
K1601,RNCP39280,Traduction et interprétation (fiche nationale),1
K1601,RNCP40143,Auxiliaire de bibliothèque,1
K1601,RNCP40295,"Métiers de l'information : archives, médiation et patrimoine (fiche nationale)",1
I1605,RNCP39316,Technicien de maintenance de véhicules automobiles et industriels,1
I1605,RNCP39840,CQP Mécanicien en réparation navale,1
M1707,RNCP38648,Diplôme d’études en stratégie et management des projets de transformation,3
M1707,RNCP39738,Responsable commercial en agrobusiness,3
M1707,RNCP41046,Programme Grande Ecole,3
M1707,RNCP42472,Manager marketing et commercial dans les industries de santé (MS),3
D1102,RNCP40920,Boulanger (BM),1
M1204,RNCP42387,Diplôme d’études supérieures de management international,3
H2502,RNCP38682,Mécanique (fiche nationale),2
M1803,RNCP42098,"Ingénieur diplômé de l’Ecole nationale supérieure Mines-Télécom Atlantique Bretagne Pays de la Loire de l’Institut Mines-Télécom, spécialité Informatique",2
F1101,RNCP38343,DEEA - Diplôme d'études en architecture ,1
I1310,RNCP41584,Génie mécanique et productique : Simulation numérique et réalité virtuelle,1
I1302,RNCP42746,"Maintenance des systèmes » (option A : systèmes de production, option B : systèmes énergétiques et fluidiques, option C : systèmes éoliens, option D : systèmes ascenseurs et élévateurs)",1
M1403,RNCP37164,Manager Marketing,1
M1403,RNCP40855,Expert en science des données pour la connaissance client (MS),1
A1303,RNCP41263,Géographie (fiche nationale),1
M1503,RNCP35878,Chargé des ressources humaines,1
I1605,RNCP39817,Brevet de second mécanicien 8 000 kW,1
M1202,RNCP38201,Administration et liquidation d'entreprises en difficulté (fiche nationale),1
M1202,RNCP41563,"Gestion des entreprises et des administrations : Gestion comptable, fiscale et financière",1
H1208,RNCP37955,"Ingénieur diplômé de l'Université de technologie de Troyes, spécialité Automatique et informatique industrielle",3
D1403,RNCP39373,Vendeur conseiller commercial en équipements techniques,2
H1402,RNCP39298,"Ingénieur diplômé de l'Institut Catholique d'Arts et Métiers, spécialité Systèmes numériques et Génie Industriel",1
M1403,RNCP40762,"Ingénieur spécialisé en économie et management du pétrole, du gaz et de l’énergie, diplômé de l'Ecole nationale supérieure du pétrole et des moteurs",1
M1204,RNCP41054,SKEMA Programme Grande Ecole,3
A1303,RNCP42754,"Ingénieur diplômé de l’Institut Agro Rennes-Angers de l’Institut national d’enseignement supérieur pour l’agriculture, l’alimentation et l’environnement, spécialité agronomie",1
K1903,RNCP42557,Juriste européen (fiche nationale),2
H1210,RNCP39458,"Titre ingénieur – Ingénieur diplômé de l'Université de Technologie de Belfort Montbéliard, spécialité Mécanique et Ergonomie",1
M1202,RNCP36845,Diplôme d’études supérieures d’analyste financier,1
I1307,RNCP37294,Technicien de maintenance et de travaux en systèmes de sécurité incendie,1
H1402,RNCP42437,"Ingénieur diplômé de l'école nationale supérieure d'arts et métiers, spécialité mécanique et production",1
M1707,RNCP41997,Manager de projets événementiels et touristiques,3
C1206,RNCP39101,Conseiller en gestion de patrimoine,1
H1402,RNCP37870,"Ingénieur diplômé de l’Ecole Supérieure d’Ingénieurs de Recherche en Matériaux de l’Université Bourgogne Europe (ESIREM), spécialité Electronique et Systèmes numériques",1
H1402,RNCP40436,Sciences et ingénierie - Ingénierie responsable et transformations digitales,1
H1402,RNCP41161,"Ingénieur diplômé de l'école nationale supérieure de techniques avancées (Institut polytechnique de Paris), spécialité mécanique",1
C1102,RNCP38771,CQP Conseiller mutualiste individuel,1
I1310,RNCP35466,Génie Mécanique et productique : Simulation numérique et réalité virtuelle,1
M1403,RNCP39039,Démographie (fiche nationale),1
F1104,RNCP40559,Dessinateur métreur en bâtiment,1
H1210,RNCP40728,Chimie industrielle (fiche nationale),1
C1206,RNCP41650,Conseiller gestionnaire banque assurance,1
H1101,RNCP42455,"Ingénieur diplômé de l'Ecole internationale du papier, de la communication imprimée et des biomatériaux de l’Institut polytechnique de Grenoble",1
H1402,RNCP38674,"Ingénieur diplômé de l'école polytechnique universitaire de l'Université de Nantes, spécialité Génie Electrique",1
K2111,RNCP38049,Consultant formateur,3
C1105,RNCP41824,"Ingénieur diplômé de l'institut national des sciences appliquées de Rennes, spécialité mathématiques appliquées",1
H1210,RNCP40543,Chimie : formulation (fiche nationale) ,1
D1102,RNCP42115,Boulanger,1
H1208,RNCP38733,Sciences et Ingénierie - Systèmes Embarqués pour l’Agronomie ,3
H2502,RNCP37657,Manager de proximité,2
H2502,RNCP40763,"Ingénieur spécialisé en Procédés et polymères, diplômé de l'Ecole nationale supérieure du pétrole et des moteurs",2
I1401,RNCP37215,Développement et exploitation de parcs informatiques,1
H1402,RNCP40751,Ingénieur diplômé de l'EPF spécialité systèmes d'information,1
H1402,RNCP42223,"Ingénieur diplômé de l'Institut national des sciences appliquées de Lyon, spécialité biotechnologies et bioinformatique",1
H2502,RNCP38691,Nanosciences et nanotechnologies (fiche nationale),2
H2502,RNCP40524,"Ingénieur diplômé de l'institut national des sciences appliquées de Rennes, spécialité génie mécanique et automatique",2
H2906,RNCP37398,Conducteur d'installation et de machines automatisées,1
A1303,RNCP37565,Sciences pour l'environnement (fiche nationale),1
A1303,RNCP42476,Expert-conseil en stratégie des filières agricoles et agroalimentaires,1
M1503,RNCP36549,Diplome en management et gestion opérationnelle d'entreprise,1
D1402,RNCP35358,Techniques de commercialisation : Stratégie de marque et événementiel,1
I1101,RNCP37495,Enveloppe des bâtiments : conception et réalisation,1
H1101,RNCP36181,"Ingénieur diplômé de l’école nationale supérieure en génie des technologies industrielles de l’université de pau, spécialité énergétique",1
H1402,RNCP40223,"Ingénieur diplômé de l’École nationale supérieure d’ ingénieurs de Caen, spécialité Matériaux-Chimie",1
H1402,RNCP40976,"ingénieur diplômé de l'Institut national des sciences appliquées de Lyon, spécialité biotechnologies et bioinformatique",1
I1306,RNCP36242,Technicien froid embarqué routier,1
I1310,RNCP42744,Responsable technique en machines thermiques,1
K2111,RNCP40303,"Métiers de la GRH : formation, compétences et emploi (fiche nationale)",3
M1403,RNCP39457,Approches Interdisciplinaires de la Recherche et de l'Enseignement (AIRE) (fiche nationale),1
A1303,RNCP39593,"Chef de projet dans le domaine de l'eau, des services et politiques publiques associés (MS)",1
A1303,RNCP40412,Diplôme d'Etat de paysagiste,1
D1402,RNCP42386,"Diplôme supérieur en marketing, commerce et gestion",1
M1804,RNCP39308,"Ingénieur diplômé du Conservatoire national des arts et métiers, spécialité Informatique et cybersécurité",1
H1208,RNCP42560,"Maîtrise de l'énergie, électricité, développement durable (fiche nationale)",3
I1307,RNCP37489,"Cybersécurité, Informatique et réseaux, Electronique",1
H2502,RNCP38774,Expert en optimisation des systèmes énergétiques (MS),2
H2502,RNCP39306,"Ingénieur diplômé de l'école nationale supérieure d'arts et métiers, spécialité génie mécanique",2
M1605,RNCP38267,Assistant ingénieur biologie - Biochimie - Biotechnologies,1
H1402,RNCP41160,Ingénieur diplômé de l'école nationale supérieure de techniques avancées (Institut polytechnique de Paris),1
H1402,RNCP41619,Science et génie des matériaux : Métiers de l’ingénierie des matériaux et des produits,1
M1803,RNCP41823,Ingénieur diplômé de l’ESIEE IT - CCI Paris Ile-de-France Éducation,2
H2502,RNCP39845,Expert en management de projets industriels et en excellence opérationnelle,2
H2502,RNCP42375,"Ingénieur diplômé de l'école polytechnique universitaire de l'Université d'Orléans, spécialité Génie mécanique et production",2
H2502,RNCP42575,"Ingénieur diplômé du Conservatoire national des arts et métiers, spécialité Matériaux ",2
M1403,RNCP35402,"Science des données : visualisation, conception d'outils décisionnels",1
M1204,RNCP41301,Contrôleur de gestion expert,3
M1803,RNCP39585,Chef de projet système d'information,2
H1210,RNCP41568,Génie biologique : Sciences de l'environnement et écotechnologies,1
H1210,RNCP42469,Expert en design des matériaux et des structures (MS),1
M1605,RNCP38371,Economie appliquée,1
H1402,RNCP41150,"Ingénieur diplômé de l’école nationale supérieure Mines-Télécom Lille Douai de l'Institut Mines-Télécom, spécialité Systèmes ferroviaires",1
I1302,RNCP40564,Technicien spécialisé en systèmes IT/OT sécurisés pour l'industrie ou les infrastructures urbaines,1
A1303,RNCP40155,Manager en ingénierie et droit de l'environnement,1
H1210,RNCP40113,Mathématiques (fiche nationale),1
M1202,RNCP37683,Programme grande école,1
M1804,RNCP41274,Ingénieur diplômé de Télécom Paris de l'Institut Mines-Télécom,1
M1605,RNCP41686,Office manager,1
F1101,RNCP40053,Métiers du BTP : performance énergétique et environnementale des bâtiments (fiche nationale),1
M1403,RNCP39263,Langues étrangères appliquées (fiche nationale),1
M1403,RNCP40984,Administration et échanges internationaux (fiche nationale),1
H1402,RNCP38687," Electronique, énergie électrique, automatique (fiche nationale)",1
H1402,RNCP39143,Titre ingénieur - Diplôme d’ingénieur de l’École nationale supérieure des mines d'Albi-Carmaux de l'Institut Mines-Télécom,1
F1101,RNCP39849,Concepteur créateur de jardin dans le paysage,1
M1403,RNCP39009,Économie appliquée (fiche nationale),1
H1210,RNCP41578,Génie électrique et informatique industrielle : Électricité et maîtrise de l'énergie,1
M1101,RNCP37169,Responsable opérationnel achats approvisionnements,1
H1402,RNCP42688,Ingénieur diplômé de l'École nationale d'ingénieurs de Tarbes de l'Université de technologie de Tarbes,1
H1402,RNCP42713,"Titre ingénieur - Ingénieur diplômé de l'Institut supérieur de l'automobile et des transports de Nevers de l'université Bourgogne Europe, spécialité Génie industriel",1
K2111,RNCP38152,"Métiers de l'enseignement, de l'éducation et de la formation (MEEF), pratiques et ingénierie de la formation (fiche nationale)",3
M1403,RNCP40968,"Ingénieur diplômé de l’école polytechnique universitaire de l’institut national polytechnique Clermont Auvergne, spécialité mathématiques appliquées (Université Clermont Auvergne)",1
D1402,RNCP39650,Ingénieur d'affaires industrielles,1
M1202,RNCP41054,SKEMA Programme Grande Ecole,1
K1703,RNCP38178,Relations internationales (fiche nationale),1
K2108,RNCP38171,Histoire du droit et des institutions (fiche nationale),1
H1402,RNCP41172,"Ingénieur diplômé de l’institut des sciences et techniques des Yvelines de l’université de Versailles-Saint Quentin en Yvelines, spécialité mécatronique",1
H1402,RNCP42445,"Ingénieur diplômé du Conservatoire national des art et métiers, spécialité Aéronautique et espace",1
M1403,RNCP39016,Economie internationale (fiche nationale),1
K1601,RNCP39477,Théologie (fiche nationale),1
M1202,RNCP36419,Programme Grande Ecole,1
M1403,RNCP40806,Mathématiques et informatique appliquées aux sciences humaines et sociales (fiche nationale) ,1
A1303,RNCP42705,"Ingénieur diplômé de l'Institut national des sciences appliquées de Toulouse, spécialité génie des procédés et environnement",1
M1503,RNCP41398,Manager des ressources humaines,1
D1402,RNCP39063,Négociateur technico-commercial ,1
M1804,RNCP40531,Ingénieur Diplômé de l'Ecole Pour l'Informatique et les Techniques Avancées,1
I1307,RNCP40123,Métiers des réseaux informatiques et télécommunications (fiche nationale),1
M1806,RNCP40873,Expert en solution connectée (IoT),251
M1806,RNCP41494,Manager transports et logistique,251
M1806,RNCP41562,Gestion des entreprises et des administrations : Contrôle de gestion et pilotage de la performance,251
M1806,RNCP42194,Expert en digitalisation et exploitation des bâtiments,251
M1805,RNCP42198,Responsable green IT,26
H1206,RNCP37600,"Ingénieur diplômé de l’école polytechnique universitaire de l'université de Nantes, spécialité électronique et technologies numériques",14
H1206,RNCP40519,"Ingénieur diplômé de l'Ecole polytechnique universitaire de Lille de l'Université de Lille, spécialité Géomatique et Génie Urbain",14
H1206,RNCP40532,Ingénieur diplômé de l’Ecole supérieure des Techniques Aéronautiques et de Construction Automobile spécialité Génie Industriel pour l’aéronautique et l’espace,14
H1206,RNCP41150,"Ingénieur diplômé de l’école nationale supérieure Mines-Télécom Lille Douai de l'Institut Mines-Télécom, spécialité Systèmes ferroviaires",14
M1805,RNCP40421,"Ingénieur diplômé de Télécom Nancy de l'université de Lorraine, spécialité cybersécurité",26
M1805,RNCP41279,Sciences et ingénierie - Génie énergétique pour l'environnement,26
M1806,RNCP40147,Expert en systèmes d'information,251
M1805,RNCP40513,Sciences et Ingénierie - Informatique pour la Santé,26
M1805,RNCP40824,"ingénieur diplômé de CentraleSupélec, spécialité Informatique",26
M1806,RNCP41611,Réseaux & télécommunications : Cybersécurité,251
H1206,RNCP39165,"Titre ingénieur - Ingénieur diplômé de l’Ecole Nationale Supérieure des Mines de Paris, spécialité énergétique",14
H1206,RNCP39565,Ingénieur diplômé de l'Ecole Nationale Supérieure de Chimie de Rennes,14
M1801,RNCP35456,Réseaux & Télécommunications : Réseaux Opérateurs et Multimédia ,9
M1801,RNCP40329,Métiers de l'informatique : conduite de projets  (fiche nationale),9
M1806,RNCP41004,"Sciences et ingénierie, Sciences du management - Technologie et Management",251
M1806,RNCP40513,Sciences et Ingénierie - Informatique pour la Santé,251
H1206,RNCP36051,Maintenance aéronautique (fiche nationale),14
H1206,RNCP39332,"Ingénieur diplômé de l’École Polytechnique Universitaire de Sorbonne Université, spécialité Agroalimentaire",14
H1206,RNCP40704,"Ingénieur diplômé de l’école supérieure des techniques aéronautiques et de construction automobile, spécialité systèmes embarqués et numériques",14
H1206,RNCP41711,Manager expert du développement et de la production de produits de mode ,14
H1206,RNCP39517,Sciences de la vie (fiche nationale),14
H1206,RNCP39909,Ingénieur diplômé de l’Ecole supérieure de physique et de chimie industrielles de la ville de Paris,14
H1206,RNCP40973,"ingénieur diplômé de l'Institut national des sciences appliquées de Lyon, spécialité génie énergétique et génie de l'environnement",14
H1206,RNCP41283,Ingénieur diplômé de l’École Nationale Supérieure d’Informatique pour l’Industrie et l’Entreprise ,14
H1206,RNCP42072,Expert en digitalisation et exploitation des bâtiments,14
I1401,RNCP40357,"Technicien informatique en installation, maintenance et support",1
M1810,RNCP35477,"Informatique : Administration, gestion et exploitation des données",10
M1201,RNCP39493,"Mathématiques appliquées, statistique (fiche nationale)",12
M1806,RNCP40637,"Ingénieur spécialisé en Management électricité et numérique, diplômé de l'Ecole nationale supérieure du pétrole et des moteurs",251
M1805,RNCP36166,Analyste développeur d'applications informatiques,26
M1805,RNCP40561,Expert green IT,26
M1805,RNCP41171,"Ingénieur diplômé de l’institut des sciences et techniques des Yvelines de l’université de Versailles-Saint-Quentin-en-Yvelines, spécialité informatique",26
M1805,RNCP42147,Expert en ingénierie de l'intelligence artificielle et des applications,26
M1805,RNCP35994,"Ingénieur diplômé de l’Ecole Polytechnique Universitaire de Savoie de l'Université de Chambéry, Spécialité Informatique",26
M1805,RNCP41579,Génie électrique et informatique industrielle : Électronique et systèmes embarqués,26
M1806,RNCP41526,"Ingénieur diplômé de l’institut supérieur aquitain du bâtiment et des travaux publics de l'université de Pau, spécialité informatique",251
M1806,RNCP40741,Sciences et Ingénierie - Informatique et Cybersécurité,251
M1806,RNCP42432,"Ingénieur diplômé du Conservatoire national des arts et métiers, spécialité Informatique et cybersécurité",251
M1806,RNCP38140,Architecte réseaux et cybersécurité (MS),251
M1806,RNCP41478,Consultant en business analyse,251
M1806,RNCP42370,Management des systèmes d’information (fiche nationale),251
M1801,RNCP40792,"Services informatiques aux organisations, Option A : « Solutions d’infrastructure, systèmes et réseaux » ; Option B : « Solutions logicielles et applications métiers »",9
M1806,RNCP42022,"ingénieur diplômé de l’Ecole polytechnique universitaire de Savoie de l’université de Chambéry, spécialité  informatique",251
M1806,RNCP38474,Architecte internet des objets,251
M1802,RNCP40166,Expert en développement et déploiement de solutions numériques sécurisées,13
M1802,RNCP40350,Expert en ingénierie et développement de logiciels pour l'industrie,13
M1802,RNCP42198,Responsable green IT,13
M1805,RNCP36757,Informatique d’organisation et systèmes d’information (fiche nationale),26
M1805,RNCP37744,Expert en ingénierie informatique,26
M1805,RNCP42658,Expert en ingénierie informatique,26
M1806,RNCP41155,"Ingénieur diplômé de Télécom SudParis de l'Institut Mines-Télécom, spécialité informatique et réseaux (Institut Polytechnique de Paris)",251
M1806,RNCP36075,Administrateur systèmes et réseaux,251
M1806,RNCP42317,Expert en informatique et système d'information ,251
M1806,RNCP39999,Expert en cybersécurité,251
M1806,RNCP41705,Product builder no-code,251
M1806,RNCP41886,Manager de la transformation numérique responsable,251
M1806,RNCP41976,Expert en cybersécurité et sécurité informatique,251
M1806,RNCP42322,Expert en infrastructures et traitement de données massives,251
C1102,RNCP38737,Sciences et ingénierie - Agro-industries,1
H1206,RNCP37603,"Ingénieur diplômé de l’école nationale supérieure d'électronique, informatique, télécommunications, mathématique et mécanique de Bordeaux de l’institut polytechnique de Bordeaux, spécialité télécommunications",14
H1206,RNCP38537,"Ingénieur diplômé de l’Institut National des Sciences Appliquées de Strasbourg, spécialité Mécatronique",14
H1206,RNCP39895,"Ingénieur diplômé de l'institut national des sciences appliquées de Rouen, spécialité Génie Energétique",14
H1206,RNCP40224,"Ingénieur diplômé de l’École nationale supérieure d’ingénieurs de Caen, spécialité Génie physique et systèmes embarqués",14
H1206,RNCP42694,Ingénieur diplômé de l'Ecole nationale supérieure de mécanique et d'aérotechnique,14
M1810,RNCP39097,Architecte des systèmes d'information (type PLM) dans les processus industriels,10
M1805,RNCP39495,Cybersécurité (fiche nationale),26
M1805,RNCP40531,Ingénieur Diplômé de l'Ecole Pour l'Informatique et les Techniques Avancées,26
M1805,RNCP41237,Ingénieur diplômé de l'Ecole d'ingénieurs Jules Verne de l'université d'Amiens spécialité technologie de l'information pour la santé,26
M1805,RNCP42157,Expert en ingénierie des données,26
M1803,RNCP40319,"Métiers de l'informatique : conception, développement et tests de logiciels (fiche nationale)",2
H2502,RNCP35836,"Ingénieur de l'école nationale supérieure des sciences appliquées et de technologie, spécialité photonique",2
H2502,RNCP37882,"Ingénieur diplômé de l’Ecole Supérieure d’Ingénieurs de Recherche en Matériaux de l’Université Bourgogne Europe (ESIREM), spécialité Matériaux",2
M1806,RNCP40166,Expert en développement et déploiement de solutions numériques sécurisées,251
M1806,RNCP39775,Expert en ingénierie et science des données,251
M1805,RNCP39088,Testeur logiciels,26
M1805,RNCP41705,Product builder no-code,26
I1306,RNCP41067,"Ingénieur diplômé de l'ECAM-EPMI, spécialité génie énergétique",1
M1810,RNCP42057,Product builder no code/low code,10
M1201,RNCP40788,"Contrôle, Audit, Reporting financier",12
M1805,RNCP40739,Sciences et ingénierie – Ingénierie du numérique,26
I1302,RNCP42448,"Ingénieur diplômé du Conservatoire national des arts et métiers, spécialité Génie électrique",1
M1707,RNCP39122,Responsable technico-commercial,3
M1707,RNCP39965,Manager développement et performance commerciale,3
M1707,RNCP40710,Marketing et Stratégie,3
M1707,RNCP38505,Responsable du développement commercial ,3
M1702,RNCP42485,Manager de la communication de marque,6
M1703,RNCP42233,"Ingénieur diplômé de l’École polytechnique universitaire de l'université Lyon-I, spécialité génie biomédical",7
M1802,RNCP39837,Expert en cybersécurité (MS),13
M1802,RNCP40877,Responsable green IT,13
M1805,RNCP38958,"Ingénieur diplômé de l'Université de Technologie de Belfort - Montbéliard, spécialité Informatique",26
M1805,RNCP41450,Expert en développement numérique responsable,26
M1201,RNCP41266,Ingénieur diplômé de l'École Nationale de la Statistique et de l'Administration Économique ,12
M1403,RNCP41210,"Ingénieur diplômé de l'institut national des sciences appliquées de Toulouse, spécialité mathématiques appliquées",1
H1206,RNCP42287,Ingénieur diplômé de Télécom Saint-Étienne de l'Université Jean Monnet,14
M1802,RNCP42335,"Expert de la sécurité des données, des réseaux et des systèmes",13
M1802,RNCP37726,"Ingénieur de l'Ecole Nationale Supérieure de Bretagne Sud (ENSIBS), spécialité Informatique et Cybersécurité",13
M1802,RNCP41878,Responsable green IT,13
K1601,RNCP39476,Théologie protestante (fiche nationale),1
M1805,RNCP40448,Sciences et Ingénierie - Systèmes Numériques pour la Santé,26
M1805,RNCP42285,"Ingénieur de l'école nationale supérieure des sciences appliquées et de technologie, spécialité informatique",26
M1805,RNCP42382,"Ingénieur diplômé de l'école nationale supérieure d’électronique, informatique, télécommunications, mathématique et mécanique de Bordeaux de l’institut polytechnique de Bordeaux, spécialité réseaux et informatique",26
M1805,RNCP41976,Expert en cybersécurité et sécurité informatique,26
M1805,RNCP42222,"Diplômé de l'Ecole supérieure d'Ingénieurs de Rennes de l'Université de Rennes, Spécialité Informatique",26
M1805,RNCP42590,"Ingénieur diplômé de l'université de Toulouse, spécialité Télécommunications et réseaux",26
M1801,RNCP42231,"Ingénieur diplômé de l’École polytechnique universitaire de l'université Lyon-I, spécialité informatique",9
M1805,RNCP38436,Développeur web,26
M1805,RNCP41459,Product builder no-code,26
M1805,RNCP42057,Product builder no code/low code,26
M1805,RNCP41285,Sciences et Ingénierie - Sécurité des Systèmes Numériques,26
M1805,RNCP41248,Ingénieur diplômé de l’Ecole d’Ingénieurs du Littoral Côte d’Opale de l'Université du Littoral Côte d'Opale spécialité Informatique,26
M1802,RNCP35475,"Informatique : Réalisation d'applications : conception, développement, validation",13
M1802,RNCP42515,Expert en renseignement et investigation sur les cybermenaces,13
F1104,RNCP40819,"Ingénieur diplômé de l’Institut national des sciences appliquées Hauts-de-France, spécialité Génie Civil et Bâtiment ",1
M1201,RNCP41224,Diplôme en économie et finance,12
H1206,RNCP41151,"Ingénieur diplômé de l’école nationale supérieure Mines-Télécom Lille Douai de l'Instutit Mines-Télécom, spécialité plasturgie et matériaux composites",14
H1206,RNCP41372,"Ingénieur diplômé de l'institut national des sciences appliquées de Rennes, spécialité génie physique et matériaux",14
H1206,RNCP42331,Expert en systèmes énergétiques innovants (MS) ,14
M1805,RNCP38999,Systèmes de calculs embarqués (fiche nationale),26
M1805,RNCP39585,Chef de projet système d'information,26
M1805,RNCP42578,Intelligence artificielle et société,26
M1805,RNCP40771,"Ingénieur diplômé de l'École nationale supérieure de physique, électronique et matériaux de l’Institut polytechnique de Grenoble, spécialité Microélectronique et Télécommunications",26
M1502,RNCP36189,Chargé d'évaluation en recrutement,3
M1802,RNCP38108,Administrateur de systèmes et réseaux sécurisés,13
M1802,RNCP39308,"Ingénieur diplômé du Conservatoire national des arts et métiers, spécialité Informatique et cybersécurité",13
I1101,RNCP39621,Chef de projet en rénovation énergétique,1
I1101,RNCP42588,"Ingénieur diplômé de l’université de Toulouse, spécialité Génie civil et géosciences",1
H1206,RNCP38674,"Ingénieur diplômé de l'école polytechnique universitaire de l'Université de Nantes, spécialité Génie Electrique",14
H1206,RNCP39665,"Ingénieur diplômé du Conservatoire national des art et métiers, spécialité Agroalimentaire",14
H1206,RNCP40966,"Ingénieur diplômé de l’école polytechnique universitaire de l’institut national polytechnique Clermont Auvergne, spécialité génie biologique (université clermont auvergne)",14
M1802,RNCP37880,"Ingénieur diplômé de l’Ecole Polytechnique Universitaire de l’Institut polytechnique de Grenoble (UGA), spécialité Technologies de l’information pour la santé",13
M1802,RNCP41220,"Ingénieur diplômé de l'institut national des sciences appliquées de Toulouse, spécialité informatique et réseaux",13
H1210,RNCP35370,Génie Biologique : Sciences de l'environnement et écotechnologies,1
H1210,RNCP40442,"Métiers de la santé : nutrition, alimentation (fiche nationale)",1
H1210,RNCP41618,Science et génie des matériaux : Métiers de la caractérisation et de l’expertise des matériaux et des produits,1
H1210,RNCP41634,Génie biologique : Biologie médicale et biotechnologie,1
D1406,RNCP42672,Diplôme Programme grande école,5
M1707,RNCP39953,Manager marketing digital (MS),3
H1206,RNCP41168,"Ingénieur diplômé de l'Ecole polytechnique universitaire de l'Université Paris-Saclay, spécialité Electronique ",14
H1206,RNCP41209,Ingénieur diplômé de l’École d’ingénieurs des sciences aérospatiales,14
M1802,RNCP37572,Sciences et Ingénierie - Transformation Numérique des Entreprises ,13
M1802,RNCP40293,Métiers de l'informatique : systèmes d'information et gestion de données (fiche nationale),13
M1802,RNCP42381,Ingénieur diplômé de l'Ecole centrale d'électronique,13
M1203,RNCP36522,Comptable,4
M1203,RNCP38363,Gestion de la PME,4
M1805,RNCP37950,"Ingénieur diplômé de Télécom Physique Strasbourg de l'Université de Strasbourg, spécialité électronique et systèmes numériques",26
M1805,RNCP40165,Expert en architectures sécurisées des systèmes d'information,26
M1805,RNCP40170,Manager en stratégie et développement de projet digital,26
M1805,RNCP38503,Directeur de projet en conception et développement de solutions informatiques,26
M1805,RNCP41005,Sciences et Ingénierie - Systèmes d’Information,26
M1502,RNCP42047,Manager des ressources humaines (MS),3
M1801,RNCP39996,Administrateur systèmes et réseaux,9
C1206,RNCP36589,Expert en ingénierie patrimoniale internationale (MS),1
K2402,RNCP41214, Ingénieur diplômé de CY Tech de CY Cergy Paris Université Spécialité Génie Civil,3
M1204,RNCP42364,Management (fiche nationale),3
H2502,RNCP41919,"Ingénieur diplômé de l’École Polytechnique Universitaire de Montpellier, Spécialité Génie industriel ",2
H2502,RNCP42286,Ingénieur diplômé de l'école nationale supérieure de technologie des biomolécules de Bordeaux de l’institut polytechnique de Bordeaux,2
H1206,RNCP38061,"Ingénieur diplômé de l'institut national des sciences appliquées de Strasbourg, spécialité génie énergétique",14
H1206,RNCP40521,"Ingénieur diplômé de l'école Polytechnique universitaire de l'Université de Lille, spécialité Systèmes embarqués et génie électrique",14
H1206,RNCP41499,"Ingénieur diplômé de l'institut national des sciences appliquées de Rennes, spécialité électronique et informatique industrielle",14
H1206,RNCP42433, Ingénieur diplômé du Conservatoire national des arts et métiers spécialité Génie biologique,14
H1206,RNCP37870,"Ingénieur diplômé de l’Ecole Supérieure d’Ingénieurs de Recherche en Matériaux de l’Université Bourgogne Europe (ESIREM), spécialité Electronique et Systèmes numériques",14
H1206,RNCP38673,Ingénieur diplômé de l'Ecole Nationale Supérieure pour la Performance Industrielle et la Maintenance Aéronautique de l'Institut polytechnique de Bordeaux,14
H1206,RNCP41268,"Ingénieur diplômé de l’ENSIL-ENSCI de l'Université de Limoges, Spécialité Céramique Industrielle",14
H1206,RNCP40118,Ingénieur diplômé de l'ESIEE Paris,14
H1206,RNCP41248,Ingénieur diplômé de l’Ecole d’Ingénieurs du Littoral Côte d’Opale de l'Université du Littoral Côte d'Opale spécialité Informatique,14
H1206,RNCP42233,"Ingénieur diplômé de l’École polytechnique universitaire de l'université Lyon-I, spécialité génie biomédical",14
H1206,RNCP42562,"Ingénieur diplômé de l’Université de Perpignan, spécialité énergétique",14
H1206,RNCP42760,Ingénieur diplômé de CY Tech de CY Cergy Paris Université Spécialité Mathématiques appliquées,14
M1201,RNCP41034,Diplôme d’études spécialisées en management international (DESMI),12
M1801,RNCP35799,"Ingénieur diplôme de l’école nationale supérieure de Bretagne sud (ENSIBS), spécialité : Sécurité des systèmes d'information ",9
M1801,RNCP40972,"Ingénieur diplômé de l'Institut national des sciences appliquées de Lyon, spécialité Télécommunications",9
M1801,RNCP42057,Product builder no code/low code,9
M1805,RNCP38145,Développeur informatique,26
H1402,RNCP40737,Ingénieur diplômé des hautes études d’ingénieur – JUNIA,1
M1805,RNCP39103,Chargé de développement de solutions applicatives ou logicielles,26
H2502,RNCP37961,"Ingénieur diplômé de l’école polytechnique de l'université de Lorraine, spécialité Energétique et mécanique",2
H2502,RNCP40130,"Ingénieur diplômé de l’école nationale supérieure d’ingénieurs de Reims de l’université de Reims, spécialité emballage et conditionnement",2
H2502,RNCP40768,"Ingénieur spécialisé en Ingénierie des projets éoliens offshore, diplômé de l'Ecole nationale supérieure du pétrole et des moteurs ",2
M1502,RNCP41398,Manager des ressources humaines,3
M1802,RNCP40421,"Ingénieur diplômé de Télécom Nancy de l'université de Lorraine, spécialité cybersécurité",13
M1802,RNCP36287,Expert en stratégie digitale ,13
M1802,RNCP38068,"Diplôme d’études supérieures en IA, Data et Management",13
M1802,RNCP38478,"Coordinateur de projets informatiques (infrastructures cloud, applicatives ou data)",13
M1201,RNCP39273,"Diplôme Supérieur en Analyse, Intelligence et Sécurité des Données",12
M1802,RNCP40455,Ingénieur diplômé de l'ECAM Rennes - Louis de Broglie,13
M1802,RNCP41077,"Innovation, entreprise et société (fiche nationale)",13
M1802,RNCP42532,Administrateur système DevOps,13
K2111,RNCP39684,Développement et animation de projets territoriaux,3
K2111,RNCP40620,Gestion et accompagnement de projets pédagogiques (fiche nationale),3
M1802,RNCP40964,"Ingénieur diplômé de l’Institut national universitaire Jean-François-Champollion, spécialité informatique pour la santé",13
M1403,RNCP39541,"Ingénieur diplômé du Conservatoire national des arts et métiers, spécialité Science de la donnée et intelligence artificielle",1
H1206,RNCP35910,Management de l’innovation (fiche nationale),14
H1206,RNCP36179,"Ingénieur de l'École nationale supérieure de chimie, de biologie et de physique, de l'Institut polytechnique de Bordeaux (ENSCBP - Bordeaux INP) spécialité Agroalimentaire et génie biologique",14
H1206,RNCP40422,Ingénieur diplômé de l’École nationale supérieure agronomique de Toulouse de l'Institut national polytechnique de Toulouse,14
M1801,RNCP36163,Administrateur réseau NetOps,9
M1204,RNCP35991,Comptabilité - contrôle - audit (fiche nationale),3
M1803,RNCP35458,Réseaux & Télécommunications : Pilotage de projets de réseaux,2
M1802,RNCP42382,"Ingénieur diplômé de l'école nationale supérieure d’électronique, informatique, télécommunications, mathématique et mécanique de Bordeaux de l’institut polytechnique de Bordeaux, spécialité réseaux et informatique",13
C1202,RNCP36647,Manager en gestion globale des risques,12
M1703,RNCP35377,Gestion des entreprises et des administrations : gestion entrepreneuriat et management d’activités,7
M1203,RNCP37948,Gestionnaire de paie,4
M1203,RNCP40099,Métiers de la gestion et de la comptabilité : comptabilité et gestion des entités agricoles (fiche nationale),4
H1206,RNCP40535,Ingénieur diplômé d’ECAM LaSalle,14
M1805,RNCP36465,Expert en création numérique interactive,26
M1805,RNCP41724,Architecte blockchain,26
M1802,RNCP37989,Expert en cybersécurité des systèmes d'information (BADGE CGE),13
H1210,RNCP42013,Management et innovation dans les métiers de bouche (fiche nationale),1
M1810,RNCP40227,Informatique des organisations ,10
M1805,RNCP40205,"Ingénieur diplômé de l'École nationale supérieure des mines de Saint-Étienne de l'institut Mines-Télécom, spécialité microélectronique et informatique",26
M1805,RNCP40653,Développeur blockchain,26
M1805,RNCP42418,"Ingénieur de l'école nationale supérieure d'ingénieurs du Mans de l'université du Mans, spécialité informatique",26
M1810,RNCP39489,Sciences du numérique et sport (fiche nationale),10
M1804,RNCP38958,"Ingénieur diplômé de l'Université de Technologie de Belfort - Montbéliard, spécialité Informatique",1
M1804,RNCP42707,"Ingénieur diplômé de l'Institut national des sciences appliquées de Toulouse, spécialité informatique et réseaux",1
M1703,RNCP39189,Diplôme d’études supérieures en management international,7
D1406,RNCP38123,Responsable du développement commercial,5
K2402,RNCP38408,Ingénieur diplômé de l'Institut Supérieur des Biotechnologies de Paris,3
M1204,RNCP36543,Programme Grande Ecole,3
H2502,RNCP39911,"Ingénieur diplômé de l’École nationale supérieure d'ingénieurs de Bretagne Sud de l'université de Bretagne-Sud, spécialité génie civil",2
H1206,RNCP38684,"Instrumentation, mesure, métrologie (fiche nationale)",14
H1206,RNCP38968,Biotechnologies (fiche nationale),14
H1206,RNCP40749,"Ingénieur diplômé de l’Ecole polytechnique universitaire de l'université de Lille, spécialité instrumentation",14
H1206,RNCP41251,"Ingénieur diplômé de l'institut national des sciences appliquées de toulouse, spécialité génie physique",14
H1206,RNCP42688,Ingénieur diplômé de l'École nationale d'ingénieurs de Tarbes de l'Université de technologie de Tarbes,14
H1206,RNCP39130,"Ingénieur diplômé du Conservatoire national des arts et métiers, spécialité Génie industriel",14
H1101,RNCP41509,Systèmes robotiques et numériques pour l'agriculture,1
L1505,RNCP37021,Métiers de l’audiovisuel option métiers de l’image,3
M1801,RNCP41238,Sciences et Ingénierie - informatique et Cybersécurité,9
M1801,RNCP41889,Expert en stratégie et solutions no code/low code,9
M1801,RNCP42724,"Ingénieur diplômé de l'Ecole nationale supérieure d'électrotechnique, d'électronique, d'informatique, d'hydraulique et des télécommunications, de l'Institut national polytechnique de Toulouse - Spécialité informatique et télécommunications",9
M1810,RNCP37103,Technicien en géomatique,10
M1801,RNCP40227,Informatique des organisations ,9
M1805,RNCP38004,Expert en ingénierie informatique,26
M1805,RNCP42300,Science des données pour une entreprise responsable,26
M1805,RNCP42735,"Ingénieur de l'école nationale supérieure des sciences appliquées et de technologie, spécialité informatique et technologies de l'information",26
M1805,RNCP42743,"Ingénieur diplomé de l'école polytechnique de Nantes Université, spécialité électronique et technologies numériques",26
H1206,RNCP36934,Energie solaire (fiche nationale),14
H1206,RNCP38222,"Ingénieur diplômé de l'institut national des sciences appliquées de Strasbourg, spécialité topographie",14
H1206,RNCP40042,Ingénieur diplômé de l'Ecole polytechnique universitaire de l'Université d'Aix-Marseille spécialité Génie  civil,14
H1206,RNCP40455,Ingénieur diplômé de l'ECAM Rennes - Louis de Broglie,14
H1206,RNCP42540,"Ingénieur diplômé du Conservatoire national des arts et métiers, spécialité Automatique et robotique",14
M1803,RNCP39376,Manager de projet intelligence artificielle,2
H2502,RNCP42299,Sciences et ingénierie – Plasturgie et écologie industrielle,2
H2502,RNCP42703,"Ingénieur diplômé de l'Institut national des sciences appliquées de Toulouse, spécialité génie mécanique",2
M1802,RNCP38920,Expert des systèmes connectés (IoT),13
M1802,RNCP37488,Cybersécurité,13
M1201,RNCP39289,Diplôme d'études supérieures en Management Stratégique International,12
M1201,RNCP40117,Ingénieur diplômé de l’École nationale supérieure d'informatique et de mathématiques appliquées de l'Institut polytechnique de Grenoble,12
M1703,RNCP38929,Expert en entrepreneuriat deeptech et innovation (MS),7
M1707,RNCP42386,"Diplôme supérieur en marketing, commerce et gestion",3
C1105,RNCP41266,Ingénieur diplômé de l'École Nationale de la Statistique et de l'Administration Économique ,1
K2111,RNCP35912,Gestion des ressources humaines (fiche nationale),3
M1802,RNCP40745,Sciences et ingénierie - Cybersécurité et réseaux,13
M1802,RNCP40939,"Ingénieur diplômé de l'Ecole Nationale Supérieure d'Electrotechnique, d'Electronique, d'Informatique, d'Hydraulique et des Télécommunications, de l'Institut National Polytechnique de Toulouse- Spécialité Informatique et Télécommunications",13
M1802,RNCP42471,Développeur Blockchain,13
M1805,RNCP37827,Développeur en intelligence artificielle,26
M1805,RNCP39765,Expert en Architecture et Développement Logiciel,26
H1206,RNCP38322,Ingénieur diplômé de l'école nationale supérieur Mines-Télécom Atlantique Bretagne Pays de la Loire de l'Institut Mines-Télécom,14
H1206,RNCP40198,Ingénieur diplômé de l'Ecole Centrale de Nantes,14
H1206,RNCP40826,"Ingénieur diplômé d'ECAM LaSalle, spécialité mécanique et génie électrique",14
E1306,RNCP37232,Artisanat et métiers d’art option communication visuelle pluri-média,1
M1703,RNCP42070,Designer de mode et développement de marque,7
M1102,RNCP36380,Manager du développement international mode et luxe,3
M1805,RNCP39111,Développeur d'applications web ou web mobile,26
M1805,RNCP41238,Sciences et Ingénierie - informatique et Cybersécurité,26
M1805,RNCP41616,Science des données : Exploration et modélisation statistique,26
M1805,RNCP42200,Product builder no code,26
M1503,RNCP37998,Responsable en rémunération globale et avantages sociaux,1
M1704,RNCP38665,Manager d'équipe relation client à distance,2
M1201,RNCP42668,Diplôme d'études supérieures spécialisées en management international,12
K1903,RNCP39600,Collaborateur juriste notarial,2
H1206,RNCP40192,Technologie marine (fiche nationale),14
H1206,RNCP42288,"Ingénieur diplômé de l’École polytechnique universitaire de l'université Lyon-I, spécialité génie industriel ",14
M1802,RNCP40822,"Ingénieur diplômé de l’Institut national des sciences appliquées Hauts-de-France, spécialité Informatique  Industrielle et Automatique ",13
H1210,RNCP38962,"Biochimie, biologie moléculaire (fiche nationale)",1
H1210,RNCP41620,Science et génie des matériaux : Métiers du recyclage et de la valorisation des matériaux et des produits,1
D1406,RNCP42265,Diplôme d'études supérieures en management,5
M1810,RNCP40448,Sciences et Ingénierie - Systèmes Numériques pour la Santé,10
M1810,RNCP36164,Technicien veilleur de cybersécurité,10
M1707,RNCP39545,"Diplôme supérieur en marketing, commerce et gestion",3
M1203,RNCP42710,Diplôme en comptabilité et gestion financière,4
M1805,RNCP36115,"Ingénieur diplômé de l’Ecole nationale supérieure Mines-Télécom Atlantique Bretagne Pays de la Loire de l’Institut Mines-Télécom, spécialité Informatique",26
M1805,RNCP41090,Développeur multimédia,26
M1805,RNCP41370,Développeur intégrateur en informatique industrielle,26
M1805,RNCP42098,"Ingénieur diplômé de l’Ecole nationale supérieure Mines-Télécom Atlantique Bretagne Pays de la Loire de l’Institut Mines-Télécom, spécialité Informatique",26
D1406,RNCP37970,Programme grande école,5
D1406,RNCP38763,Diplôme de Management International,5
M1807,RNCP40630,Chef d'équipe d'exploitation et de maintenance des systèmes d'opérations navales,3
K1903,RNCP42006,Droit du marché et du patrimoine artistiques (fiche nationale),2
K2402,RNCP38970,Biologie-Santé  (fiche nationale),3
K2402,RNCP41371,"Ingénieur diplômé de CentraleSupélec, spécialité Génie Physique",3
M1501,RNCP41655,Gestionnaire de paie,4
K1703,RNCP41388,Responsable d’unité opérationnelle de sécurité,1
H1206,RNCP42452,"Ingénieur diplômé de l’École nationale supérieure d'arts et métiers, spécialité mécanique et mécatronique",14
M1501,RNCP38519,Responsable paie et audit social ,4
G1302,RNCP41315,"Manager des entreprises de l'hôtellerie, tourisme et de la restauration",12
M1201,RNCP40368,Manager financier,12
H1206,RNCP36416,"Ingénieur diplômé de l'Ecole supérieure d'Ingénieurs de Rennes, Spécialité Informatique",14
H1206,RNCP39562,Ingénieur diplômé de l'École nationale supérieure des mines de Saint Étienne de l'institut Mines-Télécom ,14
H1206,RNCP39858,Chef de projet en automatisation,14
M1801,RNCP38319,"Ingénieur diplômé de Télécom Physique Strasbourg de l'université de Strasbourg, spécialité informatique et réseaux",9
M1801,RNCP39998,Spécialiste en maîtrise d’ouvrage des SI,9
M1801,RNCP42237,"Ingénieur diplômé de l'École supérieure angevine d'informatique et de productique, spécialité informatique et réseaux",9
M1810,RNCP39485,Intelligence artificielle (fiche nationale),10
M1801,RNCP39308,"Ingénieur diplômé du Conservatoire national des arts et métiers, spécialité Informatique et cybersécurité",9
M1801,RNCP38999,Systèmes de calculs embarqués (fiche nationale),9
M1801,RNCP39298,"Ingénieur diplômé de l'Institut Catholique d'Arts et Métiers, spécialité Systèmes numériques et Génie Industriel",9
C1102,RNCP40253,Chargé de clientèles en assurance et banque,1
H1206,RNCP38059,Ingénieur diplômé de l'École supérieure de biotechnologie de Strasbourg de l'Université de Strasbourg,14
H1206,RNCP38215,"Ingénieur diplômé de l'école d'ingénieurs en sciences industrielles et numérique de l'université de Reims, spécialité automatique et génie électrique",14
H1206,RNCP39485,Intelligence artificielle (fiche nationale),14
H1206,RNCP41073,"Ingénieur diplômé de l’université de Toulouse, spécialité Robotique",14
H1206,RNCP41253,Ingénieur diplômé de  l’institut national des sciences et industries  du vivant et de l’environnement  (AgroParisTech),14
H1206,RNCP41448,Chef de projet en matériaux composites,14
H1206,RNCP42461, Ingénieur diplômé de l'institut textile et chimique de Lyon,14
M1803,RNCP41813,Chef de projet data et intelligence artificielle,2
M1803,RNCP42655,Data engineer,2
M1810,RNCP40757,"Ingénieur diplômé de l'Ecole Polytechnique Universitaire de l'Université de Montpellier, spécialité Informatique",10
M1201,RNCP38774,Expert en optimisation des systèmes énergétiques (MS),12
M1201,RNCP39482,Diplôme d'études supérieures spécialisées en management international,12
M1802,RNCP38434,Spécialiste en cybersécurité (MS),13
M1802,RNCP41274,Ingénieur diplômé de Télécom Paris de l'Institut Mines-Télécom,13
M1707,RNCP38604,Responsable d'activités commerciales,3
M1707,RNCP42090,Diplôme en gestion et développement des entreprises,3
M1802,RNCP42317,Expert en informatique et système d'information ,13
K2111,RNCP40120,"Langues, littératures et civilisations étrangères et régionales (fiche nationale)",3
M1802,RNCP41527,Ingénieur diplômé de l'Ecole publique d'Ingénieurs de la santé et du numérique (EPISEN) de l'université Paris Est Créteil Val-de-Marne Spécialité Informatique et santé ,13
M1802,RNCP42432,"Ingénieur diplômé du Conservatoire national des arts et métiers, spécialité Informatique et cybersécurité",13
M1802,RNCP42732,"Ingénieur diplômé de l’école polytechnique universitaire de l'université d'Orléans, spécialité Systèmes d'information pour le bâtiment",13
M1801,RNCP41678,Opérateur en cybersécurité,9
M1803,RNCP39278,Informatique (fiche nationale),2
K1304,RNCP37715,Assistant de vie aux familles,4
D1406,RNCP39856,Manager marketing et commercial en produits et services de luxe,5
H1206,RNCP38967,Sciences cognitives (fiche nationale),14
H1206,RNCP38975,"Electronique, énergie électrique, automatique (fiche nationale)",14
M1707,RNCP41048,Manager International,3
H1206,RNCP35496,Chimie : Matériaux et produits formulés,14
H1206,RNCP38962,"Biochimie, biologie moléculaire (fiche nationale)",14
H1206,RNCP40456,"Ingénieur diplômé de l'ECAM Rennes - Louis de Broglie, spécialité Génie Industriel",14
H1206,RNCP40974,"ingénieur diplômé de l'Institut national des sciences appliquées de Lyon, spécialité matériaux",14
M1802,RNCP37903,"Ingénieur diplômé de l’école supérieure de Chimie Physique Electronique de Lyon (CPE Lyon), spécialité informatique et cybersécurité",13
M1802,RNCP40750,Ingénieur diplômé de l'EPF,13
M1802,RNCP42191,Product builder no code,13
M1202,RNCP36889,Responsable comptable,1
M1202,RNCP38236,Directeur financier,1
M1202,RNCP41562,Gestion des entreprises et des administrations : Contrôle de gestion et pilotage de la performance,1
M1202,RNCP42670,Diplôme d’études supérieures d’analyste financier,1
M1804,RNCP41381,Ingénieur diplômé de l'Université Paris XIII spécialité Télécommunications et réseaux,1
C1206,RNCP39875,Responsable en Gestion Financière,1
M1204,RNCP36596,Expert financier,3
M1702,RNCP42500,Manager international en marketing du luxe,6
H2502,RNCP40966,"Ingénieur diplômé de l’école polytechnique universitaire de l’institut national polytechnique Clermont Auvergne, spécialité génie biologique (université clermont auvergne)",2
H1206,RNCP35466,Génie Mécanique et productique : Simulation numérique et réalité virtuelle,14
H1206,RNCP38083,Ingénieur diplômé de l'Ecole Nationale Supérieure des Industries Chimiques de l'Université de Lorraine,14
H1206,RNCP39056,"Ingénieur diplômé du Conservatoire national des arts et métiers, spécialité Mécanique",14
H1206,RNCP39061,"Ingénieur diplômé de l'École Nationale Supérieure d'Électricité et de Mécanique de Nancy de l'Université de Lorraine, spécialité Systèmes Numériques",14
H1206,RNCP40816,"Ingénieur diplômé de l'Institut national des sciences appliquées Hauts-de-France, spécialité Génie Electrique et Informatique Industrielle ",14
H1206,RNCP37882,"Ingénieur diplômé de l’Ecole Supérieure d’Ingénieurs de Recherche en Matériaux de l’Université Bourgogne Europe (ESIREM), spécialité Matériaux",14
H1206,RNCP39692,Biologie végétale (fiche nationale),14
H1206,RNCP40759,"Ingénieur diplômé de l'Ecole Polytechnique Universitaire de l'Université de Montpellier, Spécialité Génie Biologique et Agroalimentaire",14
H1206,RNCP42373,"Ingénieur diplômé de l'école nationale supérieure d’électronique, informatique, télécommunications, mathématique et mécanique de Bordeaux de l’institut polytechnique de Bordeaux, spécialité mathématiques appliquées et mécanique",14
M1801,RNCP42504,Expert en sécurité des systèmes d'information,9
H1402,RNCP42602,Ingénieur diplômé de l’Ecole nationale supérieure de génie industriel de l’Institut polytechnique de Grenoble,1
H1206,RNCP39277,"Titre ingénieur - Titre ingénieur – ingénieur diplômé de l’École Polytechnique Universitaire de Sorbonne Université, spécialité Électronique-Informatique",14
H1206,RNCP39448,"Ingénieur diplômé de l'École Centrale de Lyon, spécialité énergétique",14
H1206,RNCP40823,"Ingénieur diplômé de l’Institut national des sciences appliquées Hauts-de-France, spécialité Systèmes Embarqués et Télécommunications",14
H1206,RNCP42337,Expert en management et stratégie de l’innovation technologique responsable (MS),14
M1803,RNCP42022,"ingénieur diplômé de l’Ecole polytechnique universitaire de Savoie de l’université de Chambéry, spécialité  informatique",2
M1803,RNCP42285,"Ingénieur de l'école nationale supérieure des sciences appliquées et de technologie, spécialité informatique",2
H2502,RNCP38674,"Ingénieur diplômé de l'école polytechnique universitaire de l'Université de Nantes, spécialité Génie Electrique",2
H2502,RNCP42442,"Ingénieur diplômé du Conservatoire national des arts et métiers, spécialité Matériaux, emballage et conditionnement",2
M1703,RNCP42484,Manager international en industries du luxe et de la mode,7
M1707,RNCP40591,Manager de la stratégie commerciale,3
M1403,RNCP39020,Economie du droit (fiche nationale),1
M1403,RNCP41993,Architecte en intelligence artificielle,1
K2402,RNCP38962,"Biochimie, biologie moléculaire (fiche nationale)",3
K2402,RNCP41206, Ingénieur diplômé de CY Tech de CY Cergy Paris Université Spécialité Biotechnologies et Chimie,3
K1601,RNCP40546,Histoire de l’art et archéologie (fiche nationale),1
K1601,RNCP42197,Manager international des industries et services en santé,1
M1703,RNCP39441,Diplôme d'études spécialisé en management des industries créatives,7
M1801,RNCP41285,Sciences et Ingénierie - Sécurité des Systèmes Numériques,9
M1503,RNCP38489,Manager des ressources humaines,1
I1605,RNCP39932,Brevet de second mécanicien,1
M1203,RNCP35375,"Gestion des entreprises et des administrations : gestion comptable, fiscale et financière",4
D1402,RNCP42284,Diplôme supérieur en commerce et marketing opérationnel,1
M1707,RNCP41010,Management global et coopérations interculturelles,3
M1707,RNCP41191,"Diplôme Supérieur en Marketing, Commerce et Gestion",3
M1707,RNCP42674,Diplôme d’études supérieures en management global,3
M1502,RNCP40569,Coach professionnel,3
M1703,RNCP42221,Chef de projet mode et industries créatives,7
H1208,RNCP39055,"Ingénieur diplômé du Conservatoire national des arts et métiers, spécialité Mécatronique",3
K1903,RNCP38195,Droit de l'immobilier (fiche nationale),2
K1703,RNCP37406,Directeur ingénierie sécuritaire,1
K1703,RNCP41498,Ingénieur diplômé de l'Ecole de l'air et de l'espace,1
M1501,RNCP37177,Chargé des Ressources Humaines,4
M1501,RNCP38768,Chargé de gestion et de développement des ressources humaines,4
H2502,RNCP41913,Ingénieur diplômé de l'Ecole Nationale Supérieure des Mines de Nancy de l'Université de Lorraine,2
H2502,RNCP42726,"Ingénieur diplômé de l'Ecole nationale supérieure des ingénieurs en arts chimiques et technologiques,  spécialité chimie",2
L1505,RNCP41116,Superviseur en animation et effets spéciaux,3
H1402,RNCP40023,"Ingénieur diplomé de l'école nationale supérieure d'ingénieurs de Caen, spécialité génie industriel",1
H1402,RNCP40701,Ingénieur diplômé du CESI,1
H1402,RNCP42752,"Ingénieur diplômé de l’Ecole supérieure d’ingénieurs en agroalimentaire de Bretagne Atlantique de Bretagne INP, spécialité agroalimentaire",1
M1810,RNCP37300,Responsable en cybersécurité,10
M1810,RNCP40564,Technicien spécialisé en systèmes IT/OT sécurisés pour l'industrie ou les infrastructures urbaines,10
M1803,RNCP42758,Ingénieur diplômé de CY Tech de CY Cergy Paris Université Spécialité Informatique,2
H2502,RNCP40774,"Ingénieur diplômé de l’école polytechnique de Nantes Université, spécialité Matériaux",2
M1707,RNCP37631,Manager commercial de la distribution automobile,3
D1403,RNCP38525,Employé de vente polyvalent en magasin,2
M1703,RNCP40893,Chef de projets marketing et communication,7
M1204,RNCP38353,Diplôme supérieur en marketing commerce et gestion,3
M1803,RNCP40656,Expert en transformation digitale et technologique par les outils no code / low code,2
M1102,RNCP41201, Diplôme en Gestion et stratégies globales des entreprise,3
D1402,RNCP41302,Manager du développement commercial,1
M1502,RNCP38438,Chargé de développement des ressources humaines,3
M1502,RNCP39242,Manager des ressources humaines internationales,3
M1804,RNCP42594,"Ingénieur diplômé du Conservatoire national des arts et métiers, spécialité Informatique ",1
M1207,RNCP39258,Responsable rémunération globale et avantages sociaux ,3
M1501,RNCP37643,Gestionnaire de paie,4
H2502,RNCP40820,"Ingénieur diplômé de l'Institut national des sciences appliquées Hauts-de- France, spécialité Mécanique et Energétique ",2
H1206,RNCP37881,"Ingénieur diplômé de l’Ecole Supérieure d’Ingénieurs de Recherche en Matériaux de l’Université Bourgogne Europe (ESIREM), spécialité Informatique et Réseaux ",14
H1206,RNCP40961,"Ingénieur diplômé de l’Ecole Polytechnique Universitaire de l’Institut polytechnique de Grenoble, spécialité Matériaux",14
H1206,RNCP41920,"Ingénieur diplômé de l'Ecole Polytechnique Universitaire de l'université de Montpellier, spécialité Mécanique",14
H1402,RNCP42394,Ingénieur diplômé d'ECAM LaSalle,1
M1802,RNCP39978,Architecte des systèmes d’information dans les processus industriels,13
G1302,RNCP40373,Directeur de produits touristiques,12
M1802,RNCP37673,"Ingénieur diplômé de l'Université de technologie de Troyes, spécialité Systèmes Numériques",13
M1802,RNCP38964,Bio-informatique (fiche nationale),13
M1802,RNCP41673,Manager expert de solutions responsables en science des données (MS),13
I1306,RNCP41303,Monteur en ventilation,1
M1707,RNCP41058,Diplôme d'études supérieures spécialisées en stratégie marketing et commerciale,3
M1707,RNCP41101,Responsable de business unit,3
M1401,RNCP35402,"Science des données : visualisation, conception d'outils décisionnels",1
D1402,RNCP39743,Attaché commercial,1
M1502,RNCP37998,Responsable en rémunération globale et avantages sociaux,3
M1502,RNCP41731,Assistant chef de projet événementiel,3
C1206,RNCP42405,Diplôme d'affaires internationales,1
M1501,RNCP41805,Chargé des ressources humaines,4
H1206,RNCP38319,"Ingénieur diplômé de Télécom Physique Strasbourg de l'université de Strasbourg, spécialité informatique et réseaux",14
H1206,RNCP41557,Chimie : Chimie industrielle,14
H1206,RNCP41924,"Sciences et ingénierie – Spécialité : Génie Mécanique, des matériaux et aérospatial",14
H1206,RNCP42752,"Ingénieur diplômé de l’Ecole supérieure d’ingénieurs en agroalimentaire de Bretagne Atlantique de Bretagne INP, spécialité agroalimentaire",14
H1402,RNCP42278,"Ingénieur diplômé de Télécom Saint-Etienne de l'Université Jean Monnet, spécialité génie industriel et systèmes numériques",1
M1703,RNCP36032,"Ingénieur diplômé de l'École nationale vétérinaire, agroalimentaire et de l'alimentation de Nantes-Atlantique (ONIRIS)",7
I1302,RNCP41509,Systèmes robotiques et numériques pour l'agriculture,1
M1707,RNCP39982,Manager en services et industries de santé (MS),3
M1707,RNCP40898,Expert en intelligence économique,3
M1707,RNCP41672,Chargé de développement commercial,3
K2111,RNCP40066,Intervention sociale : insertion et réinsertion sociale et professionnelle (fiche nationale),3
M1403,RNCP39024,Economie et management publics (fiche nationale),1
M1703,RNCP38452,Ingénieur d'affaires industrielles pour l'international (MS),7
M1801,RNCP40228,Ingénieur diplômé de l'Institut d'ingénierie informatique de Limoges,9
A1303,RNCP39906,"Ingénieur diplômé de l’école d’ingénieur Paoli Tech de l’Université de Corse, spécialité Agronomie ",1
M1503,RNCP36888,Responsable d’établissements médicaux et médico-sociaux,1
M1203,RNCP39159,Comptabilité et Gestion,4
M1502,RNCP38489,Manager des ressources humaines,3
M1502,RNCP42477,Coach professionnel,3
M1203,RNCP35492,Carrières Juridiques : Patrimoine et Finance,4
M1804,RNCP41075,"Ingénieur diplômé de l'université de Toulouse, spécialité Télécommunications et réseaux informatiques",1
H2502,RNCP38464,Manager en génie industriel (MS),2
H2502,RNCP40766,"Ingénieur spécialisé en Energie et procédés, diplômé de l'Ecole nationale supérieure du pétrole et des moteurs",2
H2502,RNCP41019,"Ingénieur diplômé de l’Institut supérieur de mécanique de Paris, spécialité Génie industriel",2
H1101,RNCP38709,Chimie physique et analytique (fiche nationale),1
H1208,RNCP40017,"Maîtrise de l'énergie, électricité, développement durable ",3
M1803,RNCP40736,Ingénieur diplômé de l’Institut supérieur de l’électronique et du numérique - JUNIA,2
H2502,RNCP38097,"ingénieur diplômé de l'école polytechnique universitaire de Marseille de l'université d'Aix-Marseille, spécialité ""Génie industriel et informatique""",2
H2502,RNCP38539,"Ingénieur diplômé de l'École européenne de chimie, polymères et matériaux de Strasbourg de l’Université de Strasbourg",2
H2502,RNCP40765,"Ingénieur spécialisé en Energie et marchés, diplômé de l'Ecole nationale supérieure du pétrole et des moteurs",2
K2111,RNCP40057,"Métiers de la relation à l'animal-compagnon : médiation, éducation, comportement (fiche nationale)",3
M1803,RNCP36793,"Ingénieur diplômé de l’école nationale supérieure d'électronique, informatique, télécommunications, mathématique et mécanique de Bordeaux de l’institut polytechnique de Bordeaux, spécialité réseaux et informatique",2
E1105,RNCP40301,Métiers du livre : édition et commerce du livre (fiche nationale),2
K2112,RNCP39735,Formateur accompagnateur en insertion professionnelle,1
M1502,RNCP36500,Chargé de recrutement et conseils en ressources humaines,3
M1502,RNCP40802,Management des ressources humaines,3
H1206,RNCP38378,"Ingénieur diplômé de l'Ecole nationale supérieure des ingénieurs en arts chimiques et technologiques de l'Institut national polytechnique de Toulouse, spécialité génie chimique",14
H1206,RNCP39057,"Ingénieur diplômé du Conservatoire national des arts et métiers, spécialité Matériaux, emballage et conditionnement",14
H1206,RNCP39493,"Mathématiques appliquées, statistique (fiche nationale)",14
H2502,RNCP38266,Manager de la performance industrielle (MS),2
H2502,RNCP40962,"Ingénieur diplômé de l’Ecole Polytechnique Universitaire de l’Institut polytechnique de Grenoble, Spécialité Informatique et Electronique",2
H2502,RNCP42416,"Ingénieur diplômé du Conservatoire national des arts et métiers, spécialité énergétique",2
I1401,RNCP40116,Informatique (fiche nationale),1
H1208,RNCP41370,Développeur intégrateur en informatique industrielle,3
H2605,RNCP36171,Agent d'assemblage et de maintenance de batteries d'accumulateurs,1
H1402,RNCP42479,Projeteur en ingénierie d'installation générale industrielle,1
H2502,RNCP36833,Assistant en management opérationnel,2
H2502,RNCP38405,"Ingénieur diplômé de l’Université de Technologie de Belfort - Montbéliard, spécialité Génie Industriel ",2
H2502,RNCP38673,Ingénieur diplômé de l'Ecole Nationale Supérieure pour la Performance Industrielle et la Maintenance Aéronautique de l'Institut polytechnique de Bordeaux,2
I1310,RNCP41581,Génie mécanique et productique : Conception et production durables,1
M1403,RNCP39982,Manager en services et industries de santé (MS),1
K2402,RNCP41251,"Ingénieur diplômé de l'institut national des sciences appliquées de toulouse, spécialité génie physique",3
K2402,RNCP41284,Ingénieur diplômé de l’École supérieure de chimie organique et minérale,3
K1601,RNCP40625,Sciences sociales,1
K1903,RNCP38206,Droit privé (fiche nationale),2
H1210,RNCP39468,Cadre technique génie de l’environnement marin,1
H2502,RNCP41924,"Sciences et ingénierie – Spécialité : Génie Mécanique, des matériaux et aérospatial",2
H2502,RNCP42462,"Ingénieur diplômé de l'école nationale supérieure des mines d'Alès de l'Institut Mines-Télécom, spécialité mécatronique",2
H1101,RNCP40419,"Ingénieur diplômé de l'Ecole Nationale Supérieure des Mines de Saint-Etienne de l'institut Mines-Telecom, spécialité Systèmes Electroniques Embarqués",1
I1401,RNCP39228,CQP Technicien de maintenance des systèmes informatiques,1
H1402,RNCP37626,Eco-énergéticien,1
H1402,RNCP40731,"Ingénieur diplômé de l'institut national des sciences appliquées Centre Val de Loire, spécialité gestion des risques",1
H2502,RNCP39805,Ingénieur diplômé de l’Ecole Nationale de l’Aviation Civile,2
H2502,RNCP39916,"Titre ingénieur - Ingénieur diplômé de l’École polytechnique universitaire de l’université Lyon-I, spécialité Matériaux",2
I1306,RNCP35844,Maintenance et Efficacité Energétique,1
I1302,RNCP38646,Diplôme de l'École normale supérieure Paris-Saclay,1
M1707,RNCP41809,Manager de la stratégie marketing digital,3
M1707,RNCP42371,Diplôme d’études supérieures en management international,3
M1707,RNCP41114,Responsable du développement commercial,3
M1707,RNCP42243,Programme grande école,3
M1703,RNCP42566,Commerce et distribution (fiche nationale) ,7
M1403,RNCP39136,Diplôme des Instituts d’Études Politiques – Sciences Po,1
K2402,RNCP39811,Toxicologie et éco-toxicologie (fiche nationale),3
M1503,RNCP39997,Manager du développement des ressources humaines,1
M1704,RNCP35917,Management (fiche nationale),2
M1704,RNCP40509,E-commerce et marketing numérique (fiche nationale),2
M1704,RNCP41060,Responsable du marketing et du développement commercial,2
M1203,RNCP35493,Carrières Juridiques : Entreprise et Association,4
D1402,RNCP38737,Sciences et ingénierie - Agro-industries,1
H1210,RNCP35366,Génie Biologique : Diététique et Nutrition,1
M1707,RNCP37091,Manager d’unité opérationnelle ,3
M1707,RNCP41223,"Diplôme Supérieur en Marketing, Commerce et Gestion",3
M1202,RNCP41385,Diplôme d’expertise comptable (DEC),1
M1703,RNCP39078,Management et Organisation,7
M1703,RNCP40713,Diplôme supérieur de management international,7
I1307,RNCP41847,"Responsable d’ingénierie des systèmes numériques, option « analyste et développement », option « systèmes et réseaux », option « télécommunications »",1
H2502,RNCP38690,Génie industriel (fiche nationale),2
H2502,RNCP38995,Aéronautique et espace (fiche nationale),2
M1703,RNCP35907,"Marketing, vente (fiche nationale)",7
M1703,RNCP37582,"Ingénieur diplômé de l'Ecole polytechnique universitaire de l'Université Aix Marseille, spécialité ""Matériaux""",7
M1703,RNCP39096,Responsable d'affaires agroalimentaires,7
M1707,RNCP38353,Diplôme supérieur en marketing commerce et gestion,3
K2111,RNCP36652,Responsable d'ingénierie pédagogique,3
K2111,RNCP40663,Coach professionnel,3
M1403,RNCP38371,Economie appliquée,1
M1102,RNCP42346,Manager logistique achats industrie,3
K1903,RNCP38168,Droit international (fiche nationale),2
M1101,RNCP39465,Programme Grande École de l'EM Strasbourg,1
D1106,RNCP37105,Vendeur-conseil en alimentation,1
H1402,RNCP39559,"Ingénieur diplômé de l’école polytechnique universitaire de l’institut national polytechnique Clermont Auvergne, spécialité génie physique",1
C1401,RNCP39101,Conseiller en gestion de patrimoine,2
M1403,RNCP42279,"Ingénieur diplômé de l’École nationale supérieure d’ingénieurs de Bretagne Sud de l’université de Bretagne-Sud, spécialité  génie industriel",1
M1503,RNCP39049,Conseiller en recrutement,1
M1704,RNCP37332,Manager marketing data et commerce électronique (MS) ,2
I1101,RNCP35484,Génie Civil – Construction Durable : Réhabilitation et Amélioration des Performances Environnementales des Bâtiments,1
M1501,RNCP37474,Programme en Management International ,4
M1501,RNCP41128,Chargé de développement des ressources humaines,4
H2502,RNCP38734," Sciences et ingénierie, spécialité chimie et génie industriel",2
H2502,RNCP40825,"Ingénieur diplômé de l’école Institut Agro Montpellier de l’institut national d’enseignement supérieur pour l’agriculture, l’alimentation et l’environnement, spécialité agronomie",2
H2502,RNCP41921,"Ingénieur diplômé de l'Ecole polytechnique universitaire de Montpellier, spécialité Génie biologique et agroalimentaire",2
H1402,RNCP40945,"Ingénieur diplômé de l'Université de Technologie de Compiègne (UTC), spécialité Génie des Procédés",1
H2502,RNCP37582,"Ingénieur diplômé de l'Ecole polytechnique universitaire de l'Université Aix Marseille, spécialité ""Matériaux""",2
H2502,RNCP41236,"Ingénieur diplômé de l’École d’ingénieurs SIGMA Clermont de l’Institut National Polytechnique Clermont Auvergne, spécialité chimie",2
H2502,RNCP42095,"Ingénieur diplômé de l'Institut national des sciences appliquées de Lyon, spécialité génie mécanique",2
L1505,RNCP40581,Monteur truquiste,3
M1403,RNCP35401,Science des données : exploration et modélisation statistique,1
A1303,RNCP36099,Sciences de la vigne et du vin (fiche nationale),1
M1704,RNCP41717,Chargé de clientèle et fidélisation,2
K1903,RNCP38162,Droit de l'entreprise (fiche nationale),2
K1903,RNCP38169,Droit comparé (fiche nationale),2
M1809,RNCP40459,Ingénieur diplômé de l’École nationale de la météorologie,1
K1903,RNCP40652,Délégué à la protection des données (DPO),2
I1401,RNCP42280,Technicien assistance à distance des systèmes d'information et de communication (Technicien Centre national d'appui à distance),1
H1402,RNCP37728,"Ingénieur diplômé de l'Ecole nationale supérieure des ingénieurs en arts chimiques et technologiques de l'Institut national polytechnique de Toulouse, spécialité génie industriel",1
H1402,RNCP40967," Ingénieur diplômé de l’école polytechnique universitaire de l’institut national polytechnique Clermont Auvergne, spécialité génie industriel",1
M1707,RNCP37968,Diplôme d'Etudes Supérieures en Gestion,3
M1707,RNCP39135,Gestion et Développement Commercial,3
M1707,RNCP39158,Affaires et Relations Internationales,3
M1503,RNCP36105,Master intégré franco-allemand en management (fiche nationale),1
M1503,RNCP36350,EBP international - Diplôme de l'école multinationale des affaires,1
E1105,RNCP41541,Information-Communication : Métiers du livre et du patrimoine,2
M1704,RNCP36567,Diplôme Programme Grande Ecole,2
M1704,RNCP38763,Diplôme de Management International,2
D1402,RNCP41512,"Entreprendre, accompagner et manager en agriculture",1
M1502,RNCP39864,Manager du développement des ressources humaines,3
D1102,RNCP39257,Vendeur en boulangerie-pâtisserie (CTM) ,1
C1206,RNCP42621,Conseiller financier de clientèle professionnelle,1
D1106,RNCP38636,Vente-conseil en boucherie,1
K2108,RNCP37584,Diplômes d’études spécialisées vétérinaires spécialité Anatomie Pathologie vétérinaire,1
C1106,RNCP39615,Chargé d'indemnisation en assurance,1
H1402,RNCP36344,Ingénieur diplômé de l’Institut Supérieur d’Etudes Logistiques de l’Université du Havre  Spécialité Mécanique et Production,1
H1402,RNCP40884,Expert en numérisation des systèmes et processus de production,1
K2402,RNCP40733,"Ingénieur diplômé de l’école supérieure d'ingénieurs en innovation technologique (ESITech) de l’université de Rouen, spécialité génie biologique",3
M1204,RNCP41191,"Diplôme Supérieur en Marketing, Commerce et Gestion",3
M1503,RNCP42617,Chargé des ressources humaines ,1
M1704,RNCP35377,Gestion des entreprises et des administrations : gestion entrepreneuriat et management d’activités,2
H1210,RNCP35496,Chimie : Matériaux et produits formulés,1
D1102,RNCP41743,Boulanger ,1
C1206,RNCP40193,"Assurance, banque, finance : chargé de clientèle (fiche nationale)",1
I1401,RNCP38579,Administrateur de systèmes d'information sécurisés,1
H1402,RNCP37702,Ingénieur diplômé de l'école nationale supérieure d'ingénieurs de Bretagne-Sud de l'Université de Bretagne -Sud spécialité génie énergétique et génie électrique,1
H1402,RNCP37881,"Ingénieur diplômé de l’Ecole Supérieure d’Ingénieurs de Recherche en Matériaux de l’Université Bourgogne Europe (ESIREM), spécialité Informatique et Réseaux ",1
H1402,RNCP42685,Sciences et ingénierie - Systèmes numériques,1
I1302,RNCP40333,"Métiers de l'industrie : mécatronique, robotique (fiche nationale)",1
M1403,RNCP40667,Chargé de mission en organisations européennes et internationales,1
M1403,RNCP42262,"Sciences, humanités et société",1
M1204,RNCP37970,Programme grande école,3
A1303,RNCP38408,Ingénieur diplômé de l'Institut Supérieur des Biotechnologies de Paris,1
M1401,RNCP38665,Manager d'équipe relation client à distance,1
M1503,RNCP39864,Manager du développement des ressources humaines,1
M1503,RNCP42502,Manager en ingénierie des politiques publiques,1
D1402,RNCP35355,Techniques de commercialisation : business international : achat et vente,1
H1101,RNCP42283,"Commerce, techniques et innovation",1
H1402,RNCP40022,Ingénieur diplômé de l’École Nationale Supérieure de Mécanique et des Microtechniques spécialité Mécanique,1
H2502,RNCP39562,Ingénieur diplômé de l'École nationale supérieure des mines de Saint Étienne de l'institut Mines-Télécom ,2
H2906,RNCP36428,Pilote de ligne de production,1
I1302,RNCP38561,Electricien d'installation et de maintenance des systèmes automatisés,1
M1707,RNCP36384,Manager en stratégie et développement international,3
A1303,RNCP42757,"Ingénieur diplômé de l’Institut Agro Rennes-Angers de l’Institut national d’enseignement supérieur pour l’agriculture, l’alimentation et l’environnement, spécialité paysage",1
M1203,RNCP37949,Gestionnaire comptable et  fiscal,4
M1707,RNCP39450,"Titre ingénieur - Ingénieur diplômé de l’école polytechnique universitaire de l'université Côte d'Azur, spécialité Génie Biologique",3
M1707,RNCP42566,Commerce et distribution (fiche nationale) ,3
D1102,RNCP37491,Boulanger,1
M1202,RNCP36551,Programme Grande Ecole,1
M1207,RNCP37830,Expert financier et administratif,3
D1106,RNCP37099,Employé commercial,1
H2502,RNCP39921,"Ingénieur diplômé de l'École nationale supérieure de l'énergie, l'eau et l'environnement de l'Institut polytechnique de Grenoble (Université Grenoble Alpes)",2
H1101,RNCP36535,"Ingénieur diplômé de l’ENSIL-ENSCI de l'Université de Limoges, Spécialité Électronique et Télécommunications ",1
H1208,RNCP40489," Métiers de l'instrumentation, de la mesure et du contrôle qualité (fiche nationale)",3
H1402,RNCP37954,Ingénieur spécialisé diplômé de l'Ecole supérieure du soudage et de ses applications,1
H1402,RNCP42010,"Ingénieur diplômé de l'Institut national des sciences appliquées de Lyon, spécialité génie électrique",1
M1803,RNCP40531,Ingénieur Diplômé de l'Ecole Pour l'Informatique et les Techniques Avancées,2
M1803,RNCP40947,"Ingénieur diplômé de l’école d’ingénieurs Jules Verne de l’université d’Amiens, spécialité cybersécurité",2
H2903,RNCP39722,Opérateur sur machines-outils conventionnelles de production,1
C1105,RNCP41065,Statistique et économie du risque (fiche nationale),1
K1601,RNCP40619,Histoire de la philosophie (fiche nationale),1
K1601,RNCP41258,Patrimoine et musées (fiche nationale),1
M1803,RNCP40964,"Ingénieur diplômé de l’Institut national universitaire Jean-François-Champollion, spécialité informatique pour la santé",2
A1303,RNCP39194,"Géographie, aménagement, environnement et développement (fiche nationale)",1
I1605,RNCP39814,Certificat de mécanicien,1
M1704,RNCP40248,Responsable de la performance commerciale et du marketing digital,2
M1704,RNCP42353,"Marketing, vente (fiche nationale)",2
M1704,RNCP42364,Management (fiche nationale),2
L1401,RNCP38698,STAPS : entraînement et optimisation de la performance sportive (fiche nationale),1
H1402,RNCP39149,"Ingénieur diplômé de l'Ecole Supérieure d'Ingénieurs de Rennes de l'Université de Rennes, spécialité matériaux",1
I1302,RNCP40121,Domotique (fiche nationale),1
M1403,RNCP39193,Gestion des territoires et développement local (fiche nationale),1
A1303,RNCP42024,"Ingénieur diplômé de l'Institut national des sciences appliquées de Lyon, spécialité génie énergétique et génie de l'environnement",1
K1903,RNCP38171,Histoire du droit et des institutions (fiche nationale),2
I1101,RNCP35485,Génie Civil – Construction Durable : Bureau d’Etudes  Conception,1
H1210,RNCP36772,"Analyses biologiques, biotechnologiques, agricoles et environnementales (ANABIOTEC)",1
M1202,RNCP41044,Programme grande école,1
M1804,RNCP35455,Réseaux & Télécommunications : Cybersécurité,1
M1807,RNCP42094,Linguiste et exploitant en langues étrangères,3
C1206,RNCP41009,Diplôme d'Etudes Supérieures en Commerce et Management Opérationnel,1
H1208,RNCP35702,"Ingénieur diplômé de l’école polytechnique universitaire de l'université d'Angers, spécialité automatique et informatique ",3
H1208,RNCP39349,Concepteur de systèmes automatisés et interfaces associées,3
H1101,RNCP40324,Sciences de la vision (fiche nationale),1
H2903,RNCP41401,CQP Technicien de cellule autonome pluri-technologique,1
E1306,RNCP37305,Signalétique et décors graphiques ,1
K2402,RNCP38328,"Ingénieur diplômé de l’Institut national d’enseignement supérieur et de recherche en alimentation, santé animale, sciences agronomiques et de l’environnement",3
K2402,RNCP40825,"Ingénieur diplômé de l’école Institut Agro Montpellier de l’institut national d’enseignement supérieur pour l’agriculture, l’alimentation et l’environnement, spécialité agronomie",3
H1210,RNCP40702,Ingénieur diplômé du CESI spécialité Systèmes électriques et électroniques embarqués,1
H1101,RNCP38377,"Ingénieur diplômé de l'Ecole nationale supérieure des ingénieurs en arts chimiques et technologiques de l'Institut national polytechnique de Toulouse, spécialité génie des procédés",1
H2605,RNCP42087,Monteur câbleur intégrateur  en équipements électroniques et électrotechniques,1
H1402,RNCP38179,Génie des procédés et des bio-procédés (fiche nationale),1
M1502,RNCP35912,Gestion des ressources humaines (fiche nationale),3
M1403,RNCP41673,Manager expert de solutions responsables en science des données (MS),1
M1403,RNCP42666,Diplôme d’études avancées en management international des entreprises,1
M1704,RNCP36727,Responsable marketing opérationnel,2
H1210,RNCP35403,Science et génie des matériaux : Métiers du recyclage et de la valorisation des matériaux et des produits,1
H1210,RNCP40302,Métiers de l'industrie : conception de produits industriels (fiche nationale),1
M1204,RNCP41194,"Diplôme Supérieur en Marketing, Commerce et Gestion",3
H1101,RNCP40340,Maintenance et technologie : technologie médicale et biomédicale (fiche nationale),1
H1402,RNCP39168,"Ingénieur diplômé de l’École nationale supérieure d'arts et métiers, spécialité génie industriel et production",1
H1402,RNCP39304,"Ingénieur diplômé de l’École nationale supérieure d'arts et métiers, spécialité mécanique et mécatronique",1
H1402,RNCP39331,"Titre ingénieur - Titre ingénieur - Ingénieur diplômé de l'École polytechnique universitaire de Sorbonne Université, spécialité Matériaux",1
H1402,RNCP40621,Métiers de la qualité (fiche nationale),1
C1102,RNCP40460,Commercialisation de produits et services (fiche nationale),1
M1803,RNCP40228,Ingénieur diplômé de l'Institut d'ingénierie informatique de Limoges,2
K2111,RNCP36202,Formateur d'adultes (DUFA),3
M1204,RNCP41048,Manager International,3
M1204,RNCP41056,Diplôme d'Etudes Spécialisées en Management International (DESMI),3
A1303,RNCP39171,Etudes du développement (fiche nationale),1
M1503,RNCP38768,Chargé de gestion et de développement des ressources humaines,1
D1505,RNCP37099,Employé commercial,1
M1704,RNCP42284,Diplôme supérieur en commerce et marketing opérationnel,2
D1402,RNCP41625,Techniques de commercialisation : Stratégie de marque et événementiel,1
L1401,RNCP42019,Education et travail des jeunes équidés,1
I1101,RNCP40738,Sciences et ingénierie - Génie civil et environnement,1
H1210,RNCP41619,Science et génie des matériaux : Métiers de l’ingénierie des matériaux et des produits,1
H2502,RNCP38082,"Ingénieur diplômé de l'Ecole Nationale Supérieure des Industries Chimiques de l'Université de Lorraine, spécialité Génie Chimique",2
H2502,RNCP38985,Sciences du médicament et des produits santé (fiche nationale),2
H2502,RNCP39559,"Ingénieur diplômé de l’école polytechnique universitaire de l’institut national polytechnique Clermont Auvergne, spécialité génie physique",2
H2502,RNCP42738, ingénieur diplômé de l’Ecole nationale supérieure de mécanique et des microtechniques,2
H1402,RNCP42545,"Ingénieur diplômé de l’Ecole supérieure de chimie, physique, électronique de Lyon (CPE), spécialité Génie des procédés",1
H2502,RNCP38412,Ingénieur diplômé de l'Institut supérieur de l'électronique et du numérique Yncréa Méditerranée,2
H2502,RNCP40758,"Ingénieur diplômé de l'Ecole Polytechnique Universitaire de l'Université de Montpellier, spécialité Mécanique",2
H2502,RNCP41608,"Qualité, logistique industrielle et organisation : Management de la transformation digitale",2
M1502,RNCP40110,Métiers de la GRH : assistant (fiche nationale),3
M1502,RNCP41803,Manager des ressources humaines,3
M1707,RNCP41794,Responsable commercial et marketing dans la filière vins et spiritueux (MS),3
D1402,RNCP42254,"Diplôme supérieur en marketing, vente et gestion",1
K1903,RNCP38172,Droit du numérique (fiche nationale),2
K1703,RNCP41179,Ingénieur diplômé de l’Ecole navale,1
M1605,RNCP39018,Economie et gestion (fiche nationale),1
F1101,RNCP39803,"Ingénieur diplômé de l’Institut Agro Rennes-Angers de l’Institut national d’enseignement supérieur pour l’agriculture, l’alimentation et l’environnement (Institut Agro), spécialité paysage",1
C1105,RNCP41213,Ingénieur diplômé de CY Tech de CY Cergy Paris Université Spécialité mathématiques appliquées,1
K2111,RNCP38010,Chargé de formation et d’optimisation commerciale des marques et produits parfums/cosmétiques,3
M1403,RNCP39493,"Mathématiques appliquées, statistique (fiche nationale)",1
A1303,RNCP40461,Métiers des ressources naturelles et de la forêt (fiche nationale),1
M1207,RNCP35375,"Gestion des entreprises et des administrations : gestion comptable, fiscale et financière",3
M1503,RNCP42499,Responsable rémunération et avantages sociaux ,1
K2112,RNCP39021,Psychologie de l’éducation et de la formation (fiche nationale),1
D1402,RNCP41717,Chargé de clientèle et fidélisation,1
M1202,RNCP36421,Programme Grande Ecole de TBS Education ,1
H2502,RNCP37600,"Ingénieur diplômé de l’école polytechnique universitaire de l'université de Nantes, spécialité électronique et technologies numériques",2
H2502,RNCP38858," Ingénieur diplômé de l’école polytechnique universitaire de Savoie de l'université de Chambéry, spécialité mécanique",2
H2502,RNCP41916,"Ingénieur diplômé de l'ENSIL-ENSCI de l'Université de Limoges, spécialité Photonique",2
H2502,RNCP42725,"Ingénieur diplômé de l'Ecole nationale supérieure d'électrotechnique, d'électronique, d'informatique, d'hydraulique et des télécommunications, de l'Institut national polytechnique de Toulouse - Spécialité mécanique et génie hydraulique",2
H1402,RNCP38477,Expert en numérisation industrielle,1
M1803,RNCP38905,Manager de projets informatiques,2
M1803,RNCP41004,"Sciences et ingénierie, Sciences du management - Technologie et Management",2
H2502,RNCP38428,"Ingénieur diplômé de l’Ecole Nationale Supérieure d’Ingénieurs Sud-Alsace de l’Université de Mulhouse, spécialité Mécanique",2
H2502,RNCP39334,"Ingénieur diplômé de l’École Polytechnique Universitaire de Sorbonne Université, spécialité Robotique",2
H2502,RNCP40770,Ingénieur diplômé de l'École nationale d'ingénieurs de Tarbes de l'Université de technologie de Tarbes,2
H2502,RNCP40946,Ingénieur diplômé de l’Ecole nationale supérieure de chimie de Paris (ENSCP),2
H2502,RNCP41249,"Ingénieur diplômé de l'Ecole d'Ingénieurs du Littoral Côte d'Opale de l'Université du Littoral, spécialité Génie Energétique et Environnement",2
I1306,RNCP38744,Agent de maintenance CVC,1
M1403,RNCP39041,"Métiers des études, du conseil et de l’intervention (fiche nationale)",1
K1601,RNCP38180,"Information, documentation (fiche nationale)",1
M1803,RNCP41155,"Ingénieur diplômé de Télécom SudParis de l'Institut Mines-Télécom, spécialité informatique et réseaux (Institut Polytechnique de Paris)",2
M1803,RNCP41988,Expert en ingénierie et cybersécurité des systèmes d’information,2
F1104,RNCP42217,Agencement (fiche nationale),1
I1101,RNCP36710,Expert en efficacité énergétique dans la rénovation des bâtiments (MS),1
I1307,RNCP38509,Technicien des réseaux spécialisé,1
H1402,RNCP38428,"Ingénieur diplômé de l’Ecole Nationale Supérieure d’Ingénieurs Sud-Alsace de l’Université de Mulhouse, spécialité Mécanique",1
I1306,RNCP38894,Responsable exploitation et maintenance sur navire de 3.000 kW,1
I1302,RNCP38576,Aéronautique,1
M1403,RNCP39076,Economie et Finance ,1
M1403,RNCP39171,Etudes du développement (fiche nationale),1
H3302,RNCP42143,Emballeur professionnel,2
K2112,RNCP39391,Conseiller emploi et accompagnement professionnel,1
M1704,RNCP38353,Diplôme supérieur en marketing commerce et gestion,2
M1101,RNCP37694,Chef de projet mode et industries créatives,1
H1101,RNCP38673,Ingénieur diplômé de l'Ecole Nationale Supérieure pour la Performance Industrielle et la Maintenance Aéronautique de l'Institut polytechnique de Bordeaux,1
C1106,RNCP38925,Manager des risques (MS),1
H1402,RNCP36179,"Ingénieur de l'École nationale supérieure de chimie, de biologie et de physique, de l'Institut polytechnique de Bordeaux (ENSCBP - Bordeaux INP) spécialité Agroalimentaire et génie biologique",1
I1306,RNCP38560,Installateur en froid et conditionnement d'air,1
M1403,RNCP37814,Manager marketing et développement de solutions innovantes pour les industries et technologies de santé (MS),1
M1503,RNCP39434,Diplôme d'études supérieures spécialisées en management global (DESSMG),1
D1102,RNCP37537,Boulanger,1
D1106,RNCP37533,Crémier fromager,1
H1402,RNCP40785,Ingénieur diplômé de l'Institut Supérieur de l'Automobile et des Transports de Nevers de l'Université Bourgogne Europe - spécialité génie mécanique,1
H1402,RNCP40955,"Ingénieur diplômé de l’Ecole polytechnique universitaire de l'université de Lille, spécialité Génie électrique et mécatronique",1
K1601,RNCP40617,"Epistémologie, histoire des sciences et des techniques (fiche nationale)",1
K1601,RNCP40898,Expert en intelligence économique,1
A1303,RNCP38610,Technicien de rivière GEMAPI,1
F1104,RNCP37292,"Technicien d'études en chauffage, ventilation et climatisation",1
M1704,RNCP39545,"Diplôme supérieur en marketing, commerce et gestion",2
M1704,RNCP39556,Responsable du développement commercial et marketing ,2
M1804,RNCP36793,"Ingénieur diplômé de l’école nationale supérieure d'électronique, informatique, télécommunications, mathématique et mécanique de Bordeaux de l’institut polytechnique de Bordeaux, spécialité réseaux et informatique",1
H1402,RNCP38221,"Ingénieur diplômé de l'école d'ingénieurs en sciences industrielles et numérique de l'université de Reims, spécialité matériaux et mécanique",1
H1402,RNCP40975,"ingénieur diplômé de l'Institut national des sciences appliquées de Lyon, spécialité génie mécanique",1
H2903,RNCP42750,Métiers de l'usinage,1
K1601,RNCP41703,Manager de la communication,1
A1303,RNCP42731,"Ingénieur diplômé de l’Institut national d’enseignement supérieur et de recherche en alimentation, santé animale, sciences agronomiques et de l’environnement",1
M1804,RNCP41220,"Ingénieur diplômé de l'institut national des sciences appliquées de Toulouse, spécialité informatique et réseaux",1
I1307,RNCP35457,Réseaux & Télécommunications : Internet des objets et mobilité,1
I1401,RNCP41110,Technicien support en numérique,1
H1402,RNCP42291,"Ingénieur diplômé de l'école nationale supérieure de techniques avancées, spécialité mécanique",1
H1402,RNCP42575,"Ingénieur diplômé du Conservatoire national des arts et métiers, spécialité Matériaux ",1
I1306,RNCP42092,Technicien supérieur en froid et en équipements industriels,1
F1104,RNCP40775,"Ingénieur diplômé de l'école polytechnique universitaire de Nantes Université, spécialité Génie Civil",1
I1605,RNCP41516,Maintenance des systèmes électro-navals (MASEN),1
D1506,RNCP38280,Visuel merchandiser,1
D1506,RNCP42050,Chargé de développement marketing et communication,1
H1402,RNCP40772,"Ingénieur diplômé de l'École nationale supérieure de Physique, Électronique et Matériaux de l’Institut polytechnique de Grenoble, spécialité Micro et Nanotechnologies pour les systèmes intégrés",1
H1402,RNCP40969,"ingénieur diplômé de l'Institut national des sciences appliquées de Lyon, spécialité génie électrique",1
H2903,RNCP40699,Opérateur régleur en usinage assisté par ordinateur,1
A1303,RNCP40933,"Ingénieur diplômé de l’Institut Polytechnique UniLaSalle, spécialité Agronomie et Agro-Industries",1
A1303,RNCP41170,"Ingénieur diplômé de l'institut national des sciences appliquées de Toulouse, spécialité génie des procédés et environnement",1
I1101,RNCP39911,"Ingénieur diplômé de l’École nationale supérieure d'ingénieurs de Bretagne Sud de l'université de Bretagne-Sud, spécialité génie civil",1
H1210,RNCP42379,"Ingénieur diplômé de l’ENSIL-ENSCI de l'Université de Limoges, spécialité mécatronique",1
M1702,RNCP35910,Management de l’innovation (fiche nationale),6
M1101,RNCP40456,"Ingénieur diplômé de l'ECAM Rennes - Louis de Broglie, spécialité Génie Industriel",1
M1806,RNCP41445,Expert en cybersécurité (MS),251
M1806,RNCP40640,Expert en cybersécurité (MS),251
M1806,RNCP40947,"Ingénieur diplômé de l’école d’ingénieurs Jules Verne de l’université d’Amiens, spécialité cybersécurité",251
M1501,RNCP35376,Gestion des entreprises et des administrations : gestion et pilotage des ressources humaines,4
M1501,RNCP35493,Carrières Juridiques : Entreprise et Association,4
M1806,RNCP40971,"ingénieur diplômé de l'Institut national des sciences appliquées de Lyon, spécialité informatique",251
M1805,RNCP40572,Architecte Internet des objets (IoT),26
M1805,RNCP42268, Sciences et ingénierie - Intelligence artificielle ,26
H1206,RNCP37572,Sciences et Ingénierie - Transformation Numérique des Entreprises ,14
H1206,RNCP39341,"Ingénieur diplômé de l'Ecole Polytechnique Universitaire de l'université de Montpellier, spécialité Electronique et Informatique Industrielle",14
H1206,RNCP40348,Expert en accompagnement à la transition par la bioinspiration et le design (MS),14
H1206,RNCP40520,"Ingénieur diplômé de l'école polytechnique universitaire de Lille de l'Université de Lille, spécialité Génie biologique et agroalimentaire",14
H1206,RNCP40781,Ingénieur diplômé de l’École supérieure d'ingénieurs Léonard de Vinci,14
M1805,RNCP37955,"Ingénieur diplômé de l'Université de technologie de Troyes, spécialité Automatique et informatique industrielle",26
M1805,RNCP41377,Ingénieur diplômé de l'école spéciale de mécanique et d’électricité,26
M1806,RNCP39495,Cybersécurité (fiche nationale),251
M1806,RNCP40824,"ingénieur diplômé de CentraleSupélec, spécialité Informatique",251
M1806,RNCP41354,Manager du développement de projets transversaux et innovants,251
M1501,RNCP36756,Administration et échanges internationaux (fiche nationale),4
M1806,RNCP39560,"Ingénieur diplômé de l'institut national des sciences appliquées de Rouen, spécialité informatique et technologies de l'information",251
M1806,RNCP42099,"Ingénieur diplômé de l'Institut national des sciences appliquées de Lyon, spécialité Télécommunications",251
M1806,RNCP42426,Sciences et ingénierie - Informatique et cybersécurité,251
H2502,RNCP40127,"Ingénieur diplômé de l'Ecole internationale du papier, de la communication imprimée et des biomatériaux de l’Institut polytechnique de Grenoble",2
H2502,RNCP40132,"Ingénieur diplômé de l’école nationale supérieure d’ingénieurs de Reims de l’université de Reims, spécialité énergétique",2
H2502,RNCP40722,Maintenance et technologie : organisation de la maintenance (fiche nationale),2
H2502,RNCP41021,"Ingénieur diplômé de l’école nationale d'ingénieurs de Saint-Étienne de l’école centrale de Lyon, spécialité génie mécanique",2
H2502,RNCP41168,"Ingénieur diplômé de l'Ecole polytechnique universitaire de l'Université Paris-Saclay, spécialité Electronique ",2
H1206,RNCP38707,Sciences de la matière (fiche nationale),14
H1206,RNCP39915,"Ingénieur diplômé de l’Institut Agro Rennes-Angers de l’Institut national d’enseignement supérieur pour l’agriculture, l’alimentation et l’environnement (Institut Agro), spécialité agronomie",14
H1206,RNCP40345,Concepteur de systèmes IoT sécurisés (MS),14
M1806,RNCP42655,Data engineer,251
H1206,RNCP40276,Attaché de recherche clinique,14
H1206,RNCP42239,"Ingénieur diplômé de Télécom Saint-Etienne de l'Université Jean Monnet, spécialité informatique et électronique",14
H1206,RNCP38764,Management et Sciences de l'Ingénieur,14
H1206,RNCP40017,"Maîtrise de l'énergie, électricité, développement durable ",14
H1206,RNCP42218,Eco-épidémiologie (fiche nationale),14
H1206,RNCP39046,"Ingénieur diplômé de l’école d’ingénieurs de l’université de Caen, spécialité mécatronique et systèmes embarqués ",14
M1806,RNCP41381,Ingénieur diplômé de l'Université Paris XIII spécialité Télécommunications et réseaux,251
M1806,RNCP41587,Informatique : Intégration d'applications et management du système d'information,251
M1201,RNCP42711,Finance,12
M1810,RNCP41445,Expert en cybersécurité (MS),10
M1810,RNCP41526,"Ingénieur diplômé de l’institut supérieur aquitain du bâtiment et des travaux publics de l'université de Pau, spécialité informatique",10
M1805,RNCP37578,"Ingénieur diplômé de l'Ecole polytechnique universitaire de l'Université d'Aix-Marseille, spécialité Systèmes numériques",26
M1805,RNCP39108,Product builder no-code,26
M1805,RNCP41718,Manager de la transformation digitale et technologique no code,26
M1805,RNCP40656,Expert en transformation digitale et technologique par les outils no code / low code,26
M1805,RNCP42538,"Ingénieur diplômé de l’Ecole Polytechnique Universitaire de l’Institut polytechnique de Grenoble, spécialité Technologies de l’information pour la santé",26
M1806,RNCP40150,Manager de Projet Web Digital,251
M1806,RNCP36854,Expert en infrastructures de réseaux et en services associés (MS),251
M1801,RNCP40147,Expert en systèmes d'information,9
M1806,RNCP35511,Réseaux & Télécommunications : Développement système et Cloud ,251
M1806,RNCP40813,Ingénieur diplômé de l'IG2I de Centrale Lille Institut,251
M1806,RNCP36963,Sciences des systèmes communicants  (fiche nationale),251
M1802,RNCP39389,Consultant green IT,13
M1806,RNCP37726,"Ingénieur de l'Ecole Nationale Supérieure de Bretagne Sud (ENSIBS), spécialité Informatique et Cybersécurité",251
M1806,RNCP38355,Intelligence économique (fiche nationale),251
H1402,RNCP38124,Manager de projets techniques caoutchouc,1
M1806,RNCP37473,Sciences et Ingénierie - Cybersécurité,251
M1806,RNCP35456,Réseaux & Télécommunications : Réseaux Opérateurs et Multimédia ,251
M1806,RNCP39097,Architecte des systèmes d'information (type PLM) dans les processus industriels,251
M1806,RNCP40659,Manager green IT,251
M1806,RNCP41412,Architecte IoT et sécurité des systèmes connectés,251
C1202,RNCP41065,Statistique et économie du risque (fiche nationale),12
H1206,RNCP39805,Ingénieur diplômé de l’Ecole Nationale de l’Aviation Civile,14
H1206,RNCP41180,"Sciences et Ingénierie - Sciences, Technologies de l'information et Humanités",14
M1810,RNCP40347,Architecte cybersécurité et internet des objets (MS),10
M1810,RNCP40952,"Ingénieur diplômé de l'Ecole Polytechnique universitaire de l'Université Paris-Saclay, spécialité Informatique",10
M1803,RNCP40122,"Ingénieur diplômé de l’école polytechnique universitaire de l’université de Tours, spécialité informatique ",2
M1803,RNCP40167,Expert en ingénierie de données massives et intelligence artificielle,2
H2502,RNCP38957,"Ingénieur diplômé de l'Institut supérieur de l'aéronautique et de l'espace, spécialité génie industriel",2
H2502,RNCP39149,"Ingénieur diplômé de l'Ecole Supérieure d'Ingénieurs de Rennes de l'Université de Rennes, spécialité matériaux",2
H2502,RNCP39411,"Chef d'atelier de maintenance des matériels de parachutage et de largage : option ""Superviser la visite et le conditionnement des matériels de parachutage et de largage"" - option ""Superviser le contrôle et la réparation des matériels de parachutage et de largage""",2
H2502,RNCP40944,"Ingénieur diplômé de l'Université de Technologie de Compiègne, spécialité Mécanique",2
H2502,RNCP42441,"Ingénieur diplômé du Conservatoire national des arts et métiers, spécialité Génie industriel",2
M1805,RNCP40704,"Ingénieur diplômé de l’école supérieure des techniques aéronautiques et de construction automobile, spécialité systèmes embarqués et numériques",26
M1806,RNCP39746,Manager en ingénierie numérique de produits et de bâtiments (MS),251
M1806,RNCP36793,"Ingénieur diplômé de l’école nationale supérieure d'électronique, informatique, télécommunications, mathématique et mécanique de Bordeaux de l’institut polytechnique de Bordeaux, spécialité réseaux et informatique",251
M1502,RNCP35376,Gestion des entreprises et des administrations : gestion et pilotage des ressources humaines,3
M1805,RNCP39425,Expert en Ingénierie Informatique et Innovation Numérique,26
M1802,RNCP35970,Chef de projet informatique,13
M1802,RNCP42077,Manager de la transition numérique éthique et durable,13
M1802,RNCP38995,Aéronautique et espace (fiche nationale),13
M1802,RNCP39298,"Ingénieur diplômé de l'Institut Catholique d'Arts et Métiers, spécialité Systèmes numériques et Génie Industriel",13
M1802,RNCP39490,Méthodes informatiques appliquées à la gestion des entreprises - MIAGE (fiche nationale),13
M1802,RNCP40554,Architecte Internet des objets (IoT),13
M1802,RNCP40776,"Ingénieur diplômé de l'école polytechnique universitaire de Nantes Université, spécialité Informatique",13
M1802,RNCP41377,Ingénieur diplômé de l'école spéciale de mécanique et d’électricité,13
M1810,RNCP42203,Product builder no code,10
M1201,RNCP36562,Diplôme d'études supérieures en commerce et en entrepreneuriat,12
M1805,RNCP42381,Ingénieur diplômé de l'Ecole centrale d'électronique,26
M1707,RNCP37814,Manager marketing et développement de solutions innovantes pour les industries et technologies de santé (MS),3
M1707,RNCP41302,Manager du développement commercial,3
M1707,RNCP39482,Diplôme d'études supérieures spécialisées en management international,3
M1703,RNCP39211,Manager responsable des organisations sportives (MS),7
M1802,RNCP40246,Manager de la cybersécurité,13
H1206,RNCP38324,"Ingénieur diplômé de l'école polytechnique universitaire de l'Université Côte d’Azur, spécialité Génie de l'eau et de l'aménagement",14
H1206,RNCP41597,"Ingénieur diplômé de l'école polytechnique universitaire de l'université d'Orléans, spécialité Energétique",14
M1802,RNCP37482,Ingénieur diplômé de l'ENSIL-ENSCI de l'Université de Limoges spécialité Systèmes d'Information (SI),13
M1802,RNCP39907,"Ingénieur spécialisé en sécurité pour les systèmes informatiques et les communications, diplômé d'EURECOM",13
K2402,RNCP42731,"Ingénieur diplômé de l’Institut national d’enseignement supérieur et de recherche en alimentation, santé animale, sciences agronomiques et de l’environnement",3
M1802,RNCP37680,Administrateur d'infrastructures sécurisées,13
M1802,RNCP42202,Product builder no code low code,13
M1805,RNCP42247,"Ingénieur diplômé de l'Institut national des sciences appliquées de Lyon, spécialité informatique",26
M1805,RNCP39162,Ingénieur diplômé de l'Ecole Centrale d'Electronique,26
M1805,RNCP39549,Sciences et Ingénierie - Informatique,26
M1805,RNCP40659,Manager green IT,26
M1805,RNCP35517,Services numériques aux organisations,26
M1805,RNCP39388,Responsable green IT,26
M1805,RNCP39487,"Ingénieur diplômé de l’École polytechnique universitaire de l’université Lyon-I, spécialité Mathématiques appliquées",26
M1805,RNCP40792,"Services informatiques aux organisations, Option A : « Solutions d’infrastructure, systèmes et réseaux » ; Option B : « Solutions logicielles et applications métiers »",26
M1802,RNCP41654,Expert consultant blockchain,13
A1303,RNCP39468,Cadre technique génie de l’environnement marin,1
D1406,RNCP39987,Manager du développement international,5
M1703,RNCP37026,Nutrition et sciences des aliments (fiche nationale),7
M1703,RNCP41190,Diplôme d’Etudes Avancées en Commerce International - DEACI,7
H1206,RNCP41403,Expert en hydrogène énergie (MS),14
H1206,RNCP42604,"Ingénieur diplômé de l'Ecole nationale supérieure des ingénieurs en arts chimiques et technologiques, spécialité génie chimique",14
M1801,RNCP40640,Expert en cybersécurité (MS),9
M1801,RNCP41823,Ingénieur diplômé de l’ESIEE IT - CCI Paris Ile-de-France Éducation,9
M1805,RNCP40203,Ingénieur diplômé de l'école nationale supérieure de cognitique de l’institut polytechnique de Bordeaux,26
M1805,RNCP42224,"Ingénieur diplômé de l’école polytechnique universitaire de l'université d'Angers, spécialité automatique et informatique",26
M1805,RNCP42432,"Ingénieur diplômé du Conservatoire national des arts et métiers, spécialité Informatique et cybersécurité",26
H1206,RNCP40835,"Ingénieur diplômé de l’école nationale d'ingénieurs de Saint-Étienne de l’école centrale de Lyon, spécialité génie physique",14
H1206,RNCP41262,"Transport, mobilités, réseaux (fiche nationale)",14
H1206,RNCP42295,Ingénieur diplômé de l'institut national des sciences appliquées de Rennes - spécialité électronique,14
H1210,RNCP37025,Sciences de la transition écologique et sociétale (fiche nationale),1
M1707,RNCP36687,Diplôme d'études avancées en management international des entreprises,3
M1707,RNCP41034,Diplôme d’études spécialisées en management international (DESMI),3
H1206,RNCP35481,Mesures Physiques : Mesures et Analyses Environnementales,14
H1206,RNCP37393,"Ingénieur de l'école nationale supérieure d'ingénieurs du Mans de l'université du Mans, spécialité acoustique et instrumentation",14
H1206,RNCP37950,"Ingénieur diplômé de Télécom Physique Strasbourg de l'Université de Strasbourg, spécialité électronique et systèmes numériques",14
H1206,RNCP40436,Sciences et ingénierie - Ingénierie responsable et transformations digitales,14
H1206,RNCP41250,"Ingénieur diplômé de l'institut national des sciences appliquées de toulouse, spécialité automatique et électronique",14
H1206,RNCP41316,Expert en management de projets de numérisation des systèmes et processus industriels,14
H1206,RNCP42717,Ingénieur diplômé de l'Ecole nationale supérieure des mines de Saint-Etienne de l'Institut Mines-Télécom,14
M1802,RNCP38219,Ingénieur diplômé de Télécom Physique Strasbourg de l'Université de Strasbourg,13
M1802,RNCP41791,Product builder no code,13
M1802,RNCP42443,"Ingénieur diplômé du Conservatoire national des arts et métiers, spécialité Science de la donnée et intelligence artificielle",13
M1203,RNCP40811,Diplôme d'études supérieures en management international des entreprises (DESMIE),4
M1805,RNCP39590,Data scientist,26
M1805,RNCP41030,Diplôme d'ingénieur d'Efrei Paris (Université Paris- Panthéon Assas),26
M1805,RNCP38474,Architecte internet des objets,26
M1805,RNCP38974,"Mathématiques, physique, chimie, informatique (fiche nationale)",26
M1805,RNCP40817,"Ingénieur diplômé de l'Institut national des sciences appliquées Hauts-de-France, spécialité Informatique et Cybersécurité ",26
M1805,RNCP41178,"Ingénieur diplômé de l'Ecole supérieure de chimie physique électronique de Lyon (CPE), spécialité électronique et informatique",26
M1805,RNCP42515,Expert en renseignement et investigation sur les cybermenaces,26
M1805,RNCP40589,Manager expert en transformation numérique,26
L1505,RNCP36594,Technicien d’exploitation des équipements audiovisuels,3
M1810,RNCP41265,"Ingénieur diplômé de l'institut national des sciences appliquées de Rennes, spécialité informatique",10
M1703,RNCP41997,Manager de projets événementiels et touristiques,7
D1406,RNCP40591,Manager de la stratégie commerciale,5
D1406,RNCP41624,Techniques de commercialisation : Marketing et management du point de vente,5
D1406,RNCP37975,Diplôme de gestion et de management des entreprises,5
K2402,RNCP37929,"Ingénieur diplômé de l'école polytechnique universitaire d'Université Côte d’Azur, spécialité Mathématiques Appliquées  ",3
K2402,RNCP40748,"Ingénieur diplômé de l’Ecole polytechnique universitaire de l'université de Lille, spécialité Matériaux",3
M1204,RNCP40368,Manager financier,3
K1703,RNCP41389,Dirigeant de services opérationnels et fonctionnels de sécurité,1
M1702,RNCP42671,Diplôme d’études supérieures de management stratégique d’activités internationales ,6
M1501,RNCP41565,Gestion des entreprises et des administrations : Gestion et pilotage des ressources humaines,4
H2502,RNCP40709,"Ingénieur diplômé de l’Ecole polytechnique universitaire de l'université de Lille, spécialité génie industriel",2
H2502,RNCP42394,Ingénieur diplômé d'ECAM LaSalle,2
H2502,RNCP42570,"Ingénieur diplômé du Conservatoire national des arts et métiers, spécialité Production et systèmes numériques ",2
H1206,RNCP40822,"Ingénieur diplômé de l’Institut national des sciences appliquées Hauts-de-France, spécialité Informatique  Industrielle et Automatique ",14
H1206,RNCP41029,"Ingénieur diplômé de l'Ecole nationale supérieure de l’énergie, de l’eau et de l’environnement de l’Institut polytechnique de Grenoble, spécialité énergie électrique et énergétique",14
H1206,RNCP41380,Ingénieur diplômé de l'Université Paris XIII spécialité Énergétique,14
H1206,RNCP37582,"Ingénieur diplômé de l'Ecole polytechnique universitaire de l'Université Aix Marseille, spécialité ""Matériaux""",14
H1206,RNCP39050,"Titre ingénieur – Ingénieur diplômé de l'Université de Technologie de Belfort Montbéliard, spécialité Mécanique et transports",14
H1206,RNCP39896,"Ingénieur diplômé de l'institut national des sciences appliquées de Rouen, spécialité génie des procédés et gestion des risques",14
H1206,RNCP41269," Ingénieur diplômé de l’ENSIL-ENSCI de l'Université de Limoges, Spécialité Matériaux",14
H1206,RNCP42729,"Ingénieur diplômé de l'école nationale supérieure de chimie, de biologie et de physique de l'institut polytechnique de Bordeaux, spécialité matériaux",14
H1206,RNCP38688,"Energétique, thermique (fiche nationale)",14
H1206,RNCP39027,"Ingénieur diplômé de l’Ecole d’ingénieurs de l’université de Caen, spécialité Agroalimentaire ",14
H1206,RNCP39811,Toxicologie et éco-toxicologie (fiche nationale),14
H1206,RNCP40613,"Ingénieur diplômé de l’institut national des sciences appliquées de Rouen, spécialité Mécanique",14
H1206,RNCP40951,"Ingénieur diplômé de l'école polytechnique universitaire de Nantes Université, spécialité Thermique-Energétique",14
H1206,RNCP41016,Technicien en conception et en industrialisation,14
H1206,RNCP42687,"Ingénieur diplômé du Conservatoire national des arts et métiers, spécialité Télécommunications et réseaux ",14
M1201,RNCP40810,Diplôme d'études supérieures de management international,12
H1206,RNCP42561,"Ingénieur spécialisé pour l'industrie des polymères et composites – Eco-responsabilité, efficience et digitalisation",14
M1201,RNCP39438,Finance,12
H1208,RNCP39302,"Ingénieur diplômé de l’École nationale supérieure en génie des technologies industrielles de l’université de Pau, spécialité génie électrique et informatique industrielle ",3
M1810,RNCP38579,Administrateur de systèmes d'information sécurisés,10
H1402,RNCP42492,Chargé de recyclage et écoconception en production plasturgie,1
M1805,RNCP38461,"Concepteur intégrateur d'infrastructures informatiques  (systèmes et réseaux, applicatives, ou de sécurité)",26
H2502,RNCP42688,Ingénieur diplômé de l'École nationale d'ingénieurs de Tarbes de l'Université de technologie de Tarbes,2
M1802,RNCP40046,Intelligence Artificielle appliquée aux enjeux sociétaux,13
M1201,RNCP42609,Diplôme d'études supérieures de gestion,12
M1707,RNCP35915,Management et commerce international (fiche nationale),3
M1707,RNCP37131,Diplôme en management international,3
M1707,RNCP37988,"Diplôme supérieur en marketing, vente et gestion",3
M1707,RNCP42391,Programme grande école ,3
M1707,RNCP42647,Manager produits et marketing,3
M1802,RNCP36146,Concepteur développeur de solutions digitales ,13
M1802,RNCP42467,"Expert en sécurité, stratégie et conformité blockchain",13
M1201,RNCP39481,Programme grande école,12
M1801,RNCP39893,"Ingénieur diplômé de l'Ecole Supérieure d'Informatique, Electronique, Automatique",9
H1206,RNCP38326,"Ingénieur diplômé de l’Université de Perpignan, spécialité énergétique",14
H1206,RNCP38376,"Ingénieur diplômé de l'Ecole nationale supérieure des ingénieurs en arts chimiques et technologiques de l'Institut national polytechnique de Toulouse, spécialité matériaux",14
H1206,RNCP40756,"Ingénieur diplômé de l'Ecole Polytechnique Universitaire de l'Université de Montpellier, spécialité Génie de l'eau",14
H1206,RNCP40820,"Ingénieur diplômé de l'Institut national des sciences appliquées Hauts-de- France, spécialité Mécanique et Energétique ",14
H1206,RNCP42447,"Ingénieur diplômé du Conservatoire national des arts et métiers, spécialité Topographie et génie de l’aménagement",14
M1802,RNCP41381,Ingénieur diplômé de l'Université Paris XIII spécialité Télécommunications et réseaux,13
M1802,RNCP42619,Expert en ingénierie de solutions logicielles,13
C1202,RNCP38192,Investigateur en criminalité financière,12
M1503,RNCP39843,Responsable ressources humaines et finances de l'action humanitaire,1
E1105,RNCP42326,Directeur artistique en design de marque et expérience utilisateur,2
C1202,RNCP39014,Economie du développement (fiche nationale),12
H1206,RNCP36375,Responsable de projet packaging et écoconception,14
H1206,RNCP37578,"Ingénieur diplômé de l'Ecole polytechnique universitaire de l'Université d'Aix-Marseille, spécialité Systèmes numériques",14
H1206,RNCP39922,Diplôme d'ingénieur de l'Ecole Nationale Supérieure de Mécanique et d'Aérotechnique (ENSMA),14
H1206,RNCP40208,"Ingénieur diplômé de l’école polytechnique universitaire de l’université de Tours, spécialité informatique industrielle",14
M1805,RNCP42547,"Ingénieur diplômé de l’école supérieure de Chimie Physique Electronique de Lyon (CPE Lyon), spécialité informatique et cybersécurité",26
M1805,RNCP42563,"Ingénieur diplômé de l'Ecole supérieure de chimie physique électronique de Lyon (CPE), spécialité électronique et informatique",26
M1805,RNCP42594,"Ingénieur diplômé du Conservatoire national des arts et métiers, spécialité Informatique ",26
M1802,RNCP40739,Sciences et ingénierie – Ingénierie du numérique,13
M1802,RNCP42620,Développeur de solutions numériques sécurisées,13
I1101,RNCP42691,"Ingénieur diplômé de l'Institut national des sciences appliquées de Toulouse, spécialité génie civil",1
M1810,RNCP39851,"Administrateur systèmes, réseaux et sécurité",10
M1810,RNCP40513,Sciences et Ingénierie - Informatique pour la Santé,10
M1707,RNCP41109,Manager du marketing digital,3
M1805,RNCP38942,Directeur artistique,26
M1805,RNCP42619,Expert en ingénierie de solutions logicielles,26
M1502,RNCP41883,Manager ressources humaines,3
M1502,RNCP42499,Responsable rémunération et avantages sociaux ,3
M1810,RNCP42082,Expert en cybersécurité industrielle,10
D1406,RNCP41774,Manager de business unit,5
K1903,RNCP36113,Droit international et droit européen (fiche nationale),2
K1903,RNCP38609,Conseiller en droit rural et économie agricole,2
M1204,RNCP41843,Diplôme de comptabilité et de gestion (DCG),3
M1204,RNCP42524,Contrôleur de gestion,3
M1501,RNCP41684,Chargé des ressources humaines,4
H2502,RNCP39169,"Ingénieur diplômé de l’École nationale supérieure d’arts et métiers, spécialité Génie électrique",2
H2502,RNCP40950,"Ingénieur diplômé de l'école polytechnique universitaire de Nantes Université, spécialité Génie des Procédés",2
H2502,RNCP41174,"Ingénieur de l'institut des sciences et techniques des Yvelines de l'université de Versailles-Saint-Quentin-en-Yvelines, spécialité systèmes électroniques embarqués",2
H2502,RNCP42238,"Ingénieur diplômé de Télécom Saint-Étienne de l'Université Jean Monnet, spécialité photonique et informatique industrielle",2
H2502,RNCP42288,"Ingénieur diplômé de l’École polytechnique universitaire de l'université Lyon-I, spécialité génie industriel ",2
H1206,RNCP35705,"Ingénieur diplômé de l’école polytechnique universitaire de l'université d'Angers, spécialité génie biologique et santé ",14
H1206,RNCP37702,Ingénieur diplômé de l'école nationale supérieure d'ingénieurs de Bretagne-Sud de l'Université de Bretagne -Sud spécialité génie énergétique et génie électrique,14
H1206,RNCP38970,Biologie-Santé  (fiche nationale),14
H1101,RNCP42240,"ingénieur diplômé de l’Ecole polytechnique universitaire de Savoie de l’université de Chambéry, spécialité  mécanique",1
M1201,RNCP42071,Expert en banque et ingénierie financière (MS),12
M1201,RNCP41231,Diplôme Supérieur en Finance Internationale,12
M1201,RNCP41824,"Ingénieur diplômé de l'institut national des sciences appliquées de Rennes, spécialité mathématiques appliquées",12
M1801,RNCP42689,"Ingénieur diplômé d'ECAM LaSalle, spécialité systèmes numériques et génie industriel",9
M1805,RNCP42335,"Expert de la sécurité des données, des réseaux et des systèmes",26
H1206,RNCP41170,"Ingénieur diplômé de l'institut national des sciences appliquées de Toulouse, spécialité génie des procédés et environnement",14
M1810,RNCP35511,Réseaux & Télécommunications : Développement système et Cloud ,10
M1803,RNCP41166,Ingénieur diplômé de Télécom Nancy de l'université de Lorraine,2
M1805,RNCP39489,Sciences du numérique et sport (fiche nationale),26
M1805,RNCP42169,Product builder no code,26
L1505,RNCP40666,Chef de projet audiovisuel multi technique,3
M1802,RNCP40534,"Ingénieur diplômé de l'École Supérieure de Chimie, Physique, Électronique de Lyon, spécialité informatique et réseaux",13
M1707,RNCP41189,Diplôme d’études spécialisées en management et innovation,3
M1707,RNCP42396,Management et gestion des entreprises (Programme grande école),3
M1707,RNCP38123,Responsable du développement commercial,3
M1707,RNCP38452,Ingénieur d'affaires industrielles pour l'international (MS),3
M1707,RNCP39270,Diplôme de gestion et d'administration des affaires,3
M1707,RNCP42388,Diplôme de responsable du marketing et du développement commercial ,3
C1401,RNCP38359,Assurance,2
M1703,RNCP40541,Ingénieur diplômé de l'Ecole Nationale Supérieure des Arts et Industries textiles,7
M1802,RNCP36469,Expert en ingénierie du développement et en architecture logicielle,13
M1802,RNCP39233,"Designer d’expériences immersives, interactives et ludiques pour le jeu vidéo, la culture et la communication (MS)",13
M1802,RNCP41154,Ingénieur diplômé de Télécom SudParis de l'Institut Mines-Télécom (Institut Polytechnique de Paris),13
M1802,RNCP42226,"Ingénieur diplômé de Télécom Saint-Etienne de l'Université Jean Monnet, spécialité systèmes numériques et écologie industrielle",13
M1805,RNCP40496,"Ingénieur diplômé de l'Institut national des sciences appliquées Centre Val de Loire, spécialité sécurité informatique",26
M1805,RNCP40962,"Ingénieur diplômé de l’Ecole Polytechnique Universitaire de l’Institut polytechnique de Grenoble, Spécialité Informatique et Electronique",26
M1805,RNCP42325,Manager de projets en informatique et systèmes d'information (MS),26
H1206,RNCP38534,"Ingénieur diplômé de l'institut national des sciences appliquées de Strasbourg, spécialité Génie Mécanique",14
H1206,RNCP40128,Ingénieur diplômé de Télécom Saint-Étienne de l'Université de Saint-Étienne,14
H1206,RNCP41500,Ingénieur diplômé de l'Université Paris XIII spécialité Instrumentation,14
H1206,RNCP42599,Génie de l'environnement et science de la donnée,14
M1805,RNCP39261,Concepteur développeur d'applications web,26
E1105,RNCP40245,Manager des industries musicales et du spectacle vivant,2
M1703,RNCP40812,Diplôme d'études supérieures de gestion et commerce international,7
M1201,RNCP40781,Ingénieur diplômé de l’École supérieure d'ingénieurs Léonard de Vinci,12
M1201,RNCP42264,Programme grande école,12
I1101,RNCP39413,Diplôme de spécialisation et d'approfondissement en architecture (DSA) - mention Architecture et Patrimoine ,1
H1206,RNCP42545,"Ingénieur diplômé de l’Ecole supérieure de chimie, physique, électronique de Lyon (CPE), spécialité Génie des procédés",14
M1802,RNCP40551,Chef de projets en intelligence artificielle et sciences des données (MS),13
M1802,RNCP41155,"Ingénieur diplômé de Télécom SudParis de l'Institut Mines-Télécom, spécialité informatique et réseaux (Institut Polytechnique de Paris)",13
H1210,RNCP40490, Technicien en qualité et distribution des produits alimentaires (fiche nationale),1
M1810,RNCP40357,"Technicien informatique en installation, maintenance et support",10
M1810,RNCP41165,"Ingénieur diplômé de CentraleSupélec, spécialité Cybersécurité",10
M1810,RNCP40147,Expert en systèmes d'information,10
M1707,RNCP37888,Diplôme d'Etudes Spécialisées en Management International,3
M1802,RNCP42204,Responsable green IT,13
M1810,RNCP42097,"Ingénieur diplômé de l'Institut supérieur d'informatique, de modélisation et de leurs applications de l'institut national polytechnique Clermont Auvergne",10
M1801,RNCP42432,"Ingénieur diplômé du Conservatoire national des arts et métiers, spécialité Informatique et cybersécurité",9
K1903,RNCP35492,Carrières Juridiques : Patrimoine et Finance,2
H1206,RNCP38670,Designer Industriel,14
H1206,RNCP39307,"Ingénieur diplômé du Conservatoire national des art et métiers, spécialité Aéronautique et espace ",14
H2502,RNCP41448,Chef de projet en matériaux composites,2
H2502,RNCP42440,"Ingénieur diplômé du Conservatoire national des arts et métiers, spécialité Agroalimentaire ",2
H2502,RNCP42569,"Ingénieur diplômé du Conservatoire national des arts et métiers, spécialité Chimie",2
H2502,RNCP42608,Ingénieur diplômé de l’Institut supérieur d’études logistiques de l’Université du Havre,2
H1101,RNCP38378,"Ingénieur diplômé de l'Ecole nationale supérieure des ingénieurs en arts chimiques et technologiques de l'Institut national polytechnique de Toulouse, spécialité génie chimique",1
M1201,RNCP39075,Finance ,12
M1201,RNCP41790,Conseiller d'entreprise agricole,12
H1206,RNCP41130,Architecte - Manager en ingénierie système (MS),14
H1206,RNCP42758,Ingénieur diplômé de CY Tech de CY Cergy Paris Université Spécialité Informatique,14
M1801,RNCP36164,Technicien veilleur de cybersécurité,9
M1801,RNCP39620,Technicien d’infrastructure informatique et sécurité,9
H2605,RNCP40669,Monteur-câbleur de circuit imprimé équipé ,1
M1801,RNCP35908, Management des systèmes d’information (fiche nationale),9
H1402,RNCP38534,"Ingénieur diplômé de l'institut national des sciences appliquées de Strasbourg, spécialité Génie Mécanique",1
H1402,RNCP41099,Ingénieur Bioprocédés (MS),1
H1402,RNCP41173,"Ingénieur de l'institut des sciences et techniques des Yvelines de l'université de Versailles-Saint-Quentin-en-Yvelines, spécialité systèmes numériques et production industrielle",1
C1202,RNCP42071,Expert en banque et ingénierie financière (MS),12
H1206,RNCP38819,Manager de projet d'innovation (MS),14
H1206,RNCP39166,"Ingénieur diplômé de l’École nationale supérieure d'arts et métiers, spécialité environnement et gestion des risques",14
H1206,RNCP39304,"Ingénieur diplômé de l’École nationale supérieure d'arts et métiers, spécialité mécanique et mécatronique",14
H1206,RNCP39746,Manager en ingénierie numérique de produits et de bâtiments (MS),14
H1206,RNCP42575,"Ingénieur diplômé du Conservatoire national des arts et métiers, spécialité Matériaux ",14
H1206,RNCP42722,"Ingénieur diplômé de l’École d’ingénieurs SIGMA Clermont de l’Institut National Polytechnique Clermont Auvergne, spécialité mécanique",14
G1302,RNCP38937,Manager des hébergements touristiques,12
H2502,RNCP39056,"Ingénieur diplômé du Conservatoire national des arts et métiers, spécialité Mécanique",2
M1810,RNCP40971,"ingénieur diplômé de l'Institut national des sciences appliquées de Lyon, spécialité informatique",10
M1201,RNCP42357,Contrôle de gestion et audit organisationnel (fiche nationale),12
I1310,RNCP39344,CQP Technicien en machines tournantes sous pression,1
M1707,RNCP37667,Diplôme d'études supérieures spécialisées en management des organisations,3
M1707,RNCP41047,Diplôme de manager international,3
M1707,RNCP42389,Diplôme du programme grande école,3
M1707,RNCP39263,Langues étrangères appliquées (fiche nationale),3
M1403,RNCP36530,Manager relation client,1
M1403,RNCP38739,Science des données (fiche nationale),1
M1802,RNCP39003,Traitement du signal et des images (fiche nationale),13
K2402,RNCP38481,Attaché de recherche clinique,3
M1803,RNCP36416,"Ingénieur diplômé de l'Ecole supérieure d'Ingénieurs de Rennes, Spécialité Informatique",2
D1406,RNCP39965,Manager développement et performance commerciale,5
F1104,RNCP42415,Bâtiment et travaux publics,1
M1703,RNCP42568,Diplôme d’études en affaires et économie internationales du luxe,7
M1704,RNCP41663,Chargé de développement commercial,2
M1801,RNCP35568,"Ingénieur diplômé de l'École supérieure angevine d'informatique et de productique, spécialité informatique et réseaux",9
M1801,RNCP39495,Cybersécurité (fiche nationale),9
M1801,RNCP41376,"Ingénieur diplômé de l’École Polytechnique Universitaire de l'Université Lyon 1, spécialité Informatique",9
K1903,RNCP38197,Droit fiscal (fiche nationale),2
H1206,RNCP39013,"Econométrie, statistiques (fiche nationale)",14
H1206,RNCP39921,"Ingénieur diplômé de l'École nationale supérieure de l'énergie, l'eau et l'environnement de l'Institut polytechnique de Grenoble (Université Grenoble Alpes)",14
H1206,RNCP40551,Chef de projets en intelligence artificielle et sciences des données (MS),14
H1206,RNCP41984,Responsable conception en installations frigorifiques et climatiques,14
H1206,RNCP42009,"Ingénieur diplômé de l'Ecole polytechnique universitaire de Montpellier, spécialité Génie de l'eau",14
M1707,RNCP37936,Diplôme d’Etudes Supérieures en Management Global,3
M1707,RNCP41184,Gestion Stratégique des Affaires Internationales,3
M1707,RNCP41192,"Diplôme Supérieur en Marketing, Commerce et Gestion",3
H1206,RNCP35495,Chimie : Synthèse,14
H1206,RNCP39894,"Ingénieur diplômé de l’institut national des sciences appliquées de Rouen, spécialité Chimie et Génie Chimique",14
H1206,RNCP40199,Ingénieur diplômé de CentraleSupélec,14
H1206,RNCP41215,"Ingénieur diplômé de l’Institut Supérieur d’Ingénieurs de Franche-Comté (ISIFC), Spécialité Génie Biomédical",14
M1801,RNCP37473,Sciences et Ingénierie - Cybersécurité,9
M1801,RNCP38463,Expert en développement de solutions de cybersécurité ,9
M1801,RNCP41617,"Science des données : Visualisation, conception d'outils décisionnels",9
D1406,RNCP37974,Développeur commercial et marketing,5
D1406,RNCP42385,Diplôme en management international des affaires,5
D1406,RNCP41962,Responsable de la performance et du management commercial,5
D1106,RNCP39989,CQP Vendeur conseil crémier-fromager,1
M1805,RNCP37925,"Ingénieur diplômé de l’école polytechnique de l'université de Lorraine, spécialité systèmes et technologies de l’information",26
M1805,RNCP38678,"Ingénieur diplômé de l'école nationale supérieure des mines d'Alès de l'Institut Mines-Télécom, spécialité informatique et réseaux",26
M1501,RNCP38289,Adjoint de dirigeant d'entreprise artisanale,4
H2502,RNCP39567,"Ingénieur diplômé de l’Ecole Polytechnique Universitaire de l’Université Lyon 1, spécialité Mécanique",2
H2502,RNCP41029,"Ingénieur diplômé de l'Ecole nationale supérieure de l’énergie, de l’eau et de l’environnement de l’Institut polytechnique de Grenoble, spécialité énergie électrique et énergétique",2
H1206,RNCP39550,Sciences et Ingénierie - Génie énergétique et environnement ,14
H1206,RNCP40725,Chimie de synthèse (fiche nationale),14
M1102,RNCP38488,Manager achats et supply chain,3
H1206,RNCP40022,Ingénieur diplômé de l’École Nationale Supérieure de Mécanique et des Microtechniques spécialité Mécanique,14
M1801,RNCP35922,Entrepreneuriat et management de projets (fiche nationale),9
M1801,RNCP38779,Manager en infrastructures et cybersécurité des systèmes d’information,9
M1801,RNCP40813,Ingénieur diplômé de l'IG2I de Centrale Lille Institut,9
M1801,RNCP42099,"Ingénieur diplômé de l'Institut national des sciences appliquées de Lyon, spécialité Télécommunications",9
M1801,RNCP40757,"Ingénieur diplômé de l'Ecole Polytechnique Universitaire de l'Université de Montpellier, spécialité Informatique",9
H1402,RNCP40021,Ingénieur diplômé de l’École Nationale Supérieure de Mécanique et des Microtechniques spécialité Microtechniques,1
H1402,RNCP41919,"Ingénieur diplômé de l’École Polytechnique Universitaire de Montpellier, Spécialité Génie industriel ",1
H1206,RNCP40773,"Ingénieur diplômé de l'école polytechnique universitaire de l'Université de Nantes, spécialité Génie Electrique et Energétique",14
H1206,RNCP40938,"Ingénieur diplômé de l'Ecole Nationale Supérieure d'Electrotechnique, d'Electronique, d'Informatique, d'Hydraulique et des Télécommunications, de l'Institut National Polytechnique de Toulouse- Spécialité Mécanique et Génie Hydraulique",14
H1206,RNCP42541," Ingénieur diplômé de l’école nationale supérieure d’ingénieurs de Reims de l’université de Reims, spécialité énergétique",14
M1803,RNCP41922,"Ingénieur diplômé de l'école supérieure d'ingénieurs Réunion océan Indien de l'université de La Réunion, spécialité informatique",2
H2502,RNCP40970,"Ingénieur diplômé de l'Institut national des sciences appliquées de Lyon, spécialité Génie Industriel",2
F1101,RNCP37206,Assistant  d’architecte,1
I1306,RNCP41871,Installateur en pompe à chaleur et climatisation,1
M1707,RNCP41060,Responsable du marketing et du développement commercial,3
M1707,RNCP42260,Diplôme d’études supérieures en tech et management (TEMA),3
M1702,RNCP39741,Chargé de communication,6
M1803,RNCP38587,Expert en ingénierie de l'intelligence artificielle,2
M1803,RNCP41381,Ingénieur diplômé de l'Université Paris XIII spécialité Télécommunications et réseaux,2
D1406,RNCP40240,Manager du développement commercial,5
D1406,RNCP41764,Manager de la distribution et des services automobiles (BADGE CGE),5
M1503,RNCP36567,Diplôme Programme Grande Ecole,1
M1703,RNCP37164,Manager Marketing,7
M1703,RNCP41010,Management global et coopérations interculturelles,7
K2112,RNCP38990,"Psychologie sociale, du travail et des organisations (fiche nationale)",1
M1203,RNCP36612,Assistant en ressources humaines,4
M1804,RNCP36535,"Ingénieur diplômé de l’ENSIL-ENSCI de l'Université de Limoges, Spécialité Électronique et Télécommunications ",1
K1903,RNCP41409,Délégué à la protection des données (DPO),2
D1106,RNCP37213,Commercialisation éco-responsable,1
H2502,RNCP40764,"Ingénieur spécialisé en Ingénierie des chaines de traction, diplômé de l'Ecole nationale supérieure du pétrole et des moteurs",2
H2502,RNCP40782,Ingénieur diplômé de l’institut d’optique théorique et appliquée,2
H2502,RNCP41607,"Qualité, logistique industrielle et organisation : Management de la production",2
H2502,RNCP42755,"Ingénieur diplômé de l’Institut Agro Rennes-Angers de l’Institut national d’enseignement supérieur pour l’agriculture, l’alimentation et l’environnement, spécialité agroalimentaire",2
M1201,RNCP37936,Diplôme d’Etudes Supérieures en Management Global,12
H1402,RNCP37393,"Ingénieur de l'école nationale supérieure d'ingénieurs du Mans de l'université du Mans, spécialité acoustique et instrumentation",1
H1402,RNCP39581,Ingénieur projet construction,1
M1803,RNCP38436,Développeur web,2
M1707,RNCP38148,Diplôme supérieur en marketing commerce et gestion,3
M1707,RNCP42631,Chargé d'affaires commerciales et de développement à l'international,3
K2111,RNCP38696,Sciences du langage (fiche nationale),3
M1801,RNCP42617,Chargé des ressources humaines ,9
M1703,RNCP39157,Digital et Business International,7
K1903,RNCP38159,Droit des affaires (fiche nationale),2
H1210,RNCP41511,Génie agronomique et transitions,1
M1804,RNCP38961,Technologies de l’information (fiche nationale),1
M1804,RNCP42733,"Ingénieur de l'école nationale supérieure des sciences appliquées et de technologie, spécialité Systèmes numériques",1
K1903,RNCP41549,Carrières juridiques : Entreprise et association,2
H2502,RNCP40954,"Ingénieur diplômé de l'Ecole polytechnique universitaire de l'Université Paris-Saclay, spécialité Matériaux",2
M1605,RNCP41561,Gestion administrative et commerciale des organisations : Management des fonctions supports,1
H1206,RNCP38221,"Ingénieur diplômé de l'école d'ingénieurs en sciences industrielles et numérique de l'université de Reims, spécialité matériaux et mécanique",14
H1206,RNCP40906,CQP Chargé de projets industriels,14
H1206,RNCP41439,Responsable amélioration continue en industrie,14
H1402,RNCP39805,Ingénieur diplômé de l’Ecole Nationale de l’Aviation Civile,1
M1802,RNCP38961,Technologies de l’information (fiche nationale),13
M1802,RNCP42372," Ingénieur diplômé de l’école nationale supérieure d'électronique, informatique, télécommunications, mathématique et mécanique de Bordeaux de l’institut polytechnique de Bordeaux, spécialité télécommunications",13
H2502,RNCP42248,"Ingénieur diplômé de l’école polytechnique universitaire de l’institut national polytechnique clermont auvergne, spécialité génie électrique et systèmes embarqués",2
H2502,RNCP42279,"Ingénieur diplômé de l’École nationale supérieure d’ingénieurs de Bretagne Sud de l’université de Bretagne-Sud, spécialité  génie industriel",2
H2502,RNCP42377,"Ingénieur diplômé de l’école d'ingénieurs ENSIL- ENSCI de l'université de Limoges, spécialité génie de l’eau et environnement",2
H2502,RNCP42456,"Ingénieur diplômé d'ECAM LaSalle, spécialité énergétique",2
M1802,RNCP40347,Architecte cybersécurité et internet des objets (MS),13
M1810,RNCP37488,Cybersécurité,10
M1707,RNCP36017,Manager marketing et communication (MS),3
M1707,RNCP36420,Programme supérieur de gestion et de commerce,3
M1707,RNCP38062,Programme grande école,3
K2111,RNCP35514,Carrières Sociales : Education Spécialisée,3
K2111,RNCP38398,Moniteur sur simulateur de vol,3
K2402,RNCP42196,Ingénieur en analyse et gestion des systèmes biologiques,3
A1303,RNCP40734,Ingénieur diplômé de l’Institut supérieur d’agriculture - JUNIA,1
M1703,RNCP40814,Ingénieur diplômé de l'Ecole Nationale Supérieure de Chimie de Lille de Centrale Lille Institut,7
M1703,RNCP42066,Conseiller commercial en vins et spiritueux,7
M1704,RNCP36119,Manager du marketing et de la transformation digitale,2
I1101,RNCP39165,"Titre ingénieur - Ingénieur diplômé de l’Ecole Nationale Supérieure des Mines de Paris, spécialité énergétique",1
M1804,RNCP37581,"Ingénieur diplômé de l’École polytechnique universitaire de l'université d’Aix-Marseille, spécialité ""microélectronique et télécommunications""",1
M1804,RNCP38959,"Ingénieur diplômé de l’Institut polytechnique de Grenoble, École nationale supérieure de Physique, Électronique et Matériaux",1
D1406,RNCP38146,Responsable commercial,5
H1101,RNCP35498,Génie Industriel et Maintenance : Ingénierie des Systèmes Pluritechniques,1
H1206,RNCP37933,"Ingénieur diplômé de l'Ecole polytechnique universitaire de l'Université d'Aix-Marseille, spécialité Génie Biologique",14
H1402,RNCP39790,"Ingénieur diplômé de l’École polytechnique universitaire de l'université Lyon-I, spécialité Génie Industriel",1
C1401,RNCP41435,CQP Directeur de caisse ou d'agence,2
K1601,RNCP40809,Histoire de l'art (fiche nationale),1
A1303,RNCP40380,Expert en analyse et stratégie pour l'environnement (MS),1
A1303,RNCP42444,"Ingénieur diplômé du Conservatoire national des arts et métiers, spécialité Agro-industries et systèmes numériques",1
D1402,RNCP40727,Diplôme d'études supérieures en management,1
D1402,RNCP41194,"Diplôme Supérieur en Marketing, Commerce et Gestion",1
M1502,RNCP41805,Chargé des ressources humaines,3
H1210,RNCP35367,Génie Biologique : Biologie Médicale et Biotechnologie,1
M1804,RNCP39127,"Ingénieur diplômé du Conservatoire national des arts et métiers, spécialité Informatique et systèmes d'information",1
M1804,RNCP42287,Ingénieur diplômé de Télécom Saint-Étienne de l'Université Jean Monnet,1
I1307,RNCP42687,"Ingénieur diplômé du Conservatoire national des arts et métiers, spécialité Télécommunications et réseaux ",1
M1101,RNCP35355,Techniques de commercialisation : business international : achat et vente,1
M1204,RNCP37975,Diplôme de gestion et de management des entreprises,3
H2502,RNCP41634,Génie biologique : Biologie médicale et biotechnologie,2
M1605,RNCP40517,Métiers de la gestion et de la comptabilité : fiscalité (fiche nationale),1
H1402,RNCP42585,Ingénieur diplômé de l’Institut supérieur d’études logistiques de l’Université Le Havre Normandie spécialité Mécanique et production,1
M1803,RNCP42224,"Ingénieur diplômé de l’école polytechnique universitaire de l'université d'Angers, spécialité automatique et informatique",2
H2502,RNCP40969,"ingénieur diplômé de l'Institut national des sciences appliquées de Lyon, spécialité génie électrique",2
J1411,RNCP37947,Technicien en appareillage orthopédique,1
K1601,RNCP38209,Information et médiation scientifique et technique (fiche nationale),1
M1204,RNCP36677,"Responsable en marketing, commercialisation et gestion",3
M1803,RNCP38817,Chef de projet digital,2
M1803,RNCP38837,Expert en systèmes d'information sécurisés (Cloud ou Big Data),2
M1803,RNCP39460,Traitement automatique des langues (fiche nationale),2
M1803,RNCP41154,Ingénieur diplômé de Télécom SudParis de l'Institut Mines-Télécom (Institut Polytechnique de Paris),2
M1803,RNCP41654,Expert consultant blockchain,2
F1104,RNCP38349,Aménagements paysagers,1
M1503,RNCP37969,Programme Grande Ecole,1
I1605,RNCP39798,Brevet d'officier chef de quart machine,1
M1502,RNCP38990,"Psychologie sociale, du travail et des organisations (fiche nationale)",3
M1707,RNCP42481,Directeur commercial marketing et stratégie digitale,3
M1804,RNCP37603,"Ingénieur diplômé de l’école nationale supérieure d'électronique, informatique, télécommunications, mathématique et mécanique de Bordeaux de l’institut polytechnique de Bordeaux, spécialité télécommunications",1
K1903,RNCP37154,Manager des affaires juridiques Internationales (MS),2
K2402,RNCP39001,Sciences économiques et sociales (fiche nationale),3
H1206,RNCP38535,"Ingénieur diplômé de l'Institut national des sciences appliquées de Strasbourg, spécialité génie électrique",14
H1206,RNCP38734," Sciences et ingénierie, spécialité chimie et génie industriel",14
H1206,RNCP41865,Ingénierie des systèmes électroniques de la sécurité aérienne,14
H1206,RNCP41923,"Ingénieur diplômé de l'école supérieure d'ingénieurs Réunion océan Indien de l'université de La Réunion, spécialité agroalimentaire",14
H1206,RNCP42272,"Ingénieur diplômé de l'École Centrale de Lyon, spécialité énergétique",14
H1206,RNCP42555,"Ingénieur diplômé de l'école polytechnique universitaire de l'Université d'Orléans, spécialité Matériaux et mécatronique",14
H1206,RNCP42556,"Ingénieur diplômé de l'école polytechnique universitaire de l'Université d'Orléans, spécialité Génie physique et systèmes embarqués",14
H2502,RNCP41774,Manager de business unit,2
M1605,RNCP39017,Economie (fiche nationale),1
H1402,RNCP42604,"Ingénieur diplômé de l'Ecole nationale supérieure des ingénieurs en arts chimiques et technologiques, spécialité génie chimique",1
H1402,RNCP42608,Ingénieur diplômé de l’Institut supérieur d’études logistiques de l’Université du Havre,1
H2502,RNCP39058,"Ingénieur diplômé du Conservatoire national des arts et métiers, spécialité Matériaux",2
H2502,RNCP40737,Ingénieur diplômé des hautes études d’ingénieur – JUNIA,2
M1403,RNCP41262,"Transport, mobilités, réseaux (fiche nationale)",1
K2402,RNCP38966,Biologie moléculaire et cellulaire (fiche nationale),3
K2402,RNCP42706,"Ingénieur diplômé de l'Institut national des sciences appliquées de Toulouse, spécialité génie biologique",3
K1601,RNCP41854,Diplôme de deuxième cycle de l'Ecole du Louvre,1
K2402,RNCP40618,Éthique (fiche nationale),3
M1503,RNCP41803,Manager des ressources humaines,1
I1605,RNCP42744,Responsable technique en machines thermiques,1
M1704,RNCP39274,"Diplôme Supérieur en Management des Industries Culturelles, Créatives et du Luxe ",2
M1704,RNCP41960,Manager commercial et marketing,2
M1203,RNCP40305,Métiers de la gestion et de la comptabilité : révision comptable,4
M1203,RNCP41492,Responsable en comptabilité et contrôle de gestion,4
D1402,RNCP38808,Responsable d'activité commerciale et marketing ,1
D1402,RNCP41759,Commerce international,1
H1210,RNCP41569,Génie chimique - Génie des procédés : Conception des procédés et innovation technologique,1
H1210,RNCP41594,Mesures physiques : Mesures et analyses environnementales,1
C1206,RNCP41716,Conseiller clientèle des particuliers et des professionnels en banque et assurance,1
M1204,RNCP41195,"Diplôme Supérieur en Marketing, Commerce et Gestion",3
H2502,RNCP42580,Ingénieur diplômé de l’Institut supérieur d’études logistiques de l’Université du Havre spécialité Génie industriel,2
H1402,RNCP36473,CQP Préparateur méthodes de fabrication,1
H1402,RNCP37594,"Ingénieur diplômé de l'Université de technologie de Troyes, spécialité Matériaux et Mécanique",1
M1803,RNCP39582,Expert en architecture des systèmes d’information ,2
H2502,RNCP35887,"Ingénieur diplômé de l'Ecole nationale supérieure Mines-Télécom Atlantique Bretagne Pays de la Loire de l'Institut Mines-Télécom, spécialité Génie industriel",2
M1707,RNCP39078,Management et Organisation,3
M1707,RNCP39576,Ingénieur d'affaires industrielles,3
M1707,RNCP41863,Métiers de la santé : Management des établissements d'hydrothérapie (fiche nationale),3
M1702,RNCP40729,"Diplôme en sciences des données, société et organisations",6
M1703,RNCP38809,Responsable marketing produits et services,7
K2402,RNCP39909,Ingénieur diplômé de l’Ecole supérieure de physique et de chimie industrielles de la ville de Paris,3
M1803,RNCP40350,Expert en ingénierie et développement de logiciels pour l'industrie,2
M1503,RNCP39364,Manager en stratégie et développement des ressources humaines,1
M1503,RNCP41770,Responsable en gestion des ressources humaines,1
K2112,RNCP36202,Formateur d'adultes (DUFA),1
H1210,RNCP36536,"Ingénieur diplômé de l’ENSIL-ENSCI de l'Université de Limoges, Spécialité Mécatronique",1
H1210,RNCP41556,"Chimie : Analyse, contrôle-qualité, environnement",1
M1707,RNCP38491,Manager des activités du tourisme et des voyages,3
M1809,RNCP39470,Océanographe-prospecteur,1
M1703,RNCP37252,Diplôme d’études supérieures de management stratégique d’activités internationales,7
M1703,RNCP38146,Responsable commercial,7
M1703,RNCP39913,"Ingénieur diplômé de l’Institut Agro Rennes-Angers de l’Institut national d’enseignement supérieur pour l’agriculture, l’alimentation et l’environnement (Institut Agro), spécialité horticulture",7
D1406,RNCP37689,Sciences du management,5
D1406,RNCP38368,Négociation et digitalisation de la relation client,5
K2402,RNCP39195,"Sciences et technologie de l'agriculture, de l'alimentation et de l'environnement (fiche nationale)",3
K2402,RNCP42760,Ingénieur diplômé de CY Tech de CY Cergy Paris Université Spécialité Mathématiques appliquées,3
H2502,RNCP38375,"Ingénieur diplômé de l’école d’ingénieur Paoli Tech de l’Université de Corse, spécialité Energétique",2
H2502,RNCP38687," Electronique, énergie électrique, automatique (fiche nationale)",2
H2502,RNCP39167,"Ingénieur diplômé de l’École nationale supérieure d'arts et métiers, spécialité génie industriel",2
H2502,RNCP41199,"Ingénieur diplômé de l’Ecole nationale supérieure de l’électronique et de ses applications, spécialité électronique et informatique industrielle",2
L1505,RNCP40926,"Concepteur - Réalisateur audiovisuel et cinématographique, option production, option image, option post-production",3
H2502,RNCP39341,"Ingénieur diplômé de l'Ecole Polytechnique Universitaire de l'université de Montpellier, spécialité Electronique et Informatique Industrielle",2
I1302,RNCP40101,"Systèmes automatisés, réseaux et informatique industrielle (fiche nationale)",1
M1203,RNCP41549,Carrières juridiques : Entreprise et association,4
K1903,RNCP41550,Carrières juridiques : Patrimoine et finance,2
H1210,RNCP40508,"Production, contrôles et qualité des produits de santé (fiche nationale)",1
H1208,RNCP42270,Domotique (fiche nationale),3
K2402,RNCP38964,Bio-informatique (fiche nationale),3
K2402,RNCP38972, Neurosciences (fiche nationale),3
K1703,RNCP36834,Coordinateur en intervention et/ou en situation d’urgence,1
H1402,RNCP42556,"Ingénieur diplômé de l'école polytechnique universitaire de l'Université d'Orléans, spécialité Génie physique et systèmes embarqués",1
C1102,RNCP36978,Responsable de clientèle banque finance assurance,1
I1310,RNCP38366,Conception et industrialisation en construction navale,1
M1403,RNCP37551,Criminologie (fiche nationale),1
K1601,RNCP40549,Médiateur de l'information numérique,1
M1503,RNCP38438,Chargé de développement des ressources humaines,1
M1804,RNCP38117,"Ingénieur systèmes, réseaux et cybersécurité",1
H2502,RNCP40781,Ingénieur diplômé de l’École supérieure d'ingénieurs Léonard de Vinci,2
C1106,RNCP39628,Conseiller en assurance,1
H2502,RNCP35353,"Qualité, Logistique Industrielle et Organisation : Management de la transformation digitale",2
H2502,RNCP40264,Manager en numérisation des systèmes industriels,2
H2502,RNCP40752,"Ingénieur diplômé de l'institut national des sciences appliquées Centre Val de Loire, spécialité génie industriel",2
H2502,RNCP41252,Ingénieur diplômé de l'Ecole d'Ingénieurs de Purpan,2
K2202,RNCP37872,Agent de propreté et d'hygiène,1
H3302,RNCP41971,CQP Opérateur en préparation de commandes,2
H2903,RNCP36238,Fraiseur en réalisation de pièces mécaniques,1
M1403,RNCP39172,Tourisme (fiche nationale),1
K1601,RNCP40160,Assistant bibliothécaire : médiations numériques et culturelles,1
M1703,RNCP36369,Manager des stratégies digitales (MS),7
I1101,RNCP42454," Ingénieur diplômé de l’école polytechnique universitaire de l'université d'Angers, spécialité bâtiment et sécurité",1
K1903,RNCP38198,"Justice, procès et procédures (fiche nationale)",2
M1101,RNCP40446,Gestion des achats et des approvisionnements  (fiche nationale),1
H1208,RNCP38713,Technicien supérieur en automatique et informatique industrielle,3
H1402,RNCP39599,Responsable de projet qualité sécurité environnement et développement durable,1
H1402,RNCP40903,Manager en énergie,1
I1310,RNCP35463,Génie Mécanique et productique : Innovation pour l'industrie,1
I1310,RNCP35464,Génie Mécanique et Productique : Chargé d'affaires industrielles,1
M1707,RNCP37285,CQP Chef d’agence en négoce des matériaux de construction ,3
M1707,RNCP42171,Manager des activités du tourisme et des voyages,3
K2402,RNCP36611,Attaché de recherche clinique,3
K2402,RNCP38772,Chargé d'expériences en recherche scientifique,3
M1803,RNCP37744,Expert en ingénierie informatique,2
A1303,RNCP39195,"Sciences et technologie de l'agriculture, de l'alimentation et de l'environnement (fiche nationale)",1
D1406,RNCP40257,Manager d'affaires,5
M1704,RNCP42265,Diplôme d'études supérieures en management,2
D1402,RNCP39965,Manager développement et performance commerciale,1
I1101,RNCP38061,"Ingénieur diplômé de l'institut national des sciences appliquées de Strasbourg, spécialité génie énergétique",1
M1707,RNCP36669,Diplôme du programme grande école (PGE),3
M1707,RNCP39570,Coordinateur de projets de développement international et sociétal,3
M1707,RNCP42353,"Marketing, vente (fiche nationale)",3
D1102,RNCP41648,Aide boulanger,1
M1502,RNCP39997,Manager du développement des ressources humaines,3
C1206,RNCP38381,Banque,1
I1307,RNCP37445,Technicien d'intervention de réseaux de télécommunications en fibre optique,1
H1208,RNCP41071,Physique appliquée et capteurs industriels,3
E1306,RNCP39597,Concepteur designer graphique,1
M1803,RNCP38778,Manager en architecture et applications logicielles des systèmes d’information,2
L1401,RNCP38700,STAPS : management du sport (fiche nationale),1
M1804,RNCP41166,Ingénieur diplômé de Télécom Nancy de l'université de Lorraine,1
D1403,RNCP38399,Métiers du commerce et de la vente,2
D1106,RNCP37602,Boucher-charcutier-traiteur ,1
M1501,RNCP40988,Activités juridiques : métiers du droit social (fiche nationale),4
I1401,RNCP41310,Technicien Valoriste du Réemploi d’appareils informatiques,1
I1401,RNCP41732,Réparateur de produits électroniques nomades,1
H1402,RNCP37600,"Ingénieur diplômé de l’école polytechnique universitaire de l'université de Nantes, spécialité électronique et technologies numériques",1
H1402,RNCP38266,Manager de la performance industrielle (MS),1
I1310,RNCP42136,Maintenance des installations oléohydrauliques et pneumatiques,1
M1803,RNCP40561,Expert green IT,2
M1401,RNCP40625,Sciences sociales,1
I1605,RNCP39819,Brevet de chef mécanicien,1
H1210,RNCP41859,Sciences biomédicales (fiche nationale),1
C1206,RNCP39613,Conseiller clientèle des professionnels et agriculteurs ,1
H1402,RNCP41245,"Ingénieur diplômé de l'Ecole d'ingénieurs SIGMA Clermont de l'institut national polytechnique Clermont Auvergne, spécialité mécanique et génie industriel",1
M1707,RNCP38602,Responsable du développement des affaires,3
C1105,RNCP41210,"Ingénieur diplômé de l'institut national des sciences appliquées de Toulouse, spécialité mathématiques appliquées",1
K2111,RNCP39506,Français langue étrangère (fiche nationale),3
K1601,RNCP38199,Sciences de l’information et des bibliothèques (fiche nationale),1
A1303,RNCP40322,Agronomie (fiche nationale),1
A1303,RNCP42048,Expert en stratégie et négociation pour le management des écosystèmes à l’international (MS),1
M1704,RNCP36422,Diplôme Affaires internationales,2
D1402,RNCP39428,Diplôme d’études supérieures en commerce et gestion,1
I1101,RNCP41573,Génie civil - Construction durable : Réhabilitation et amélioration des performances environnementales des bâtiments,1
H2502,RNCP42742,Responsable de production et de transformation d'énergie de propulsion nucléaire,2
H1208,RNCP40955,"Ingénieur diplômé de l’Ecole polytechnique universitaire de l'université de Lille, spécialité Génie électrique et mécatronique",3
H1402,RNCP38536,"Ingénieur diplômé de l’Institut National des Sciences Appliquées Strasbourg, spécialité Plasturgie",1
H1402,RNCP40419,"Ingénieur diplômé de l'Ecole Nationale Supérieure des Mines de Saint-Etienne de l'institut Mines-Telecom, spécialité Systèmes Electroniques Embarqués",1
H1402,RNCP40438,Métiers de l'industrie : logistique industrielle (fiche nationale),1
H1402,RNCP42286,Ingénieur diplômé de l'école nationale supérieure de technologie des biomolécules de Bordeaux de l’institut polytechnique de Bordeaux,1
H1402,RNCP42690,"Ingénieur diplômé de l'Institut national des sciences appliquées de Toulouse, spécialité automatique et électronique",1
M1803,RNCP37885,Diplôme d'Etudes Supérieures de Gestion,2
H2502,RNCP39894,"Ingénieur diplômé de l’institut national des sciences appliquées de Rouen, spécialité Chimie et Génie Chimique",2
H2502,RNCP40537,"Ingénieur diplômé d’ECAM LaSalle, spécialité énergétique",2
H2502,RNCP41212,"Ingénieur diplômé de l'institut national des sciences appliquées de Toulouse, spécialité génie mécanique",2
M1403,RNCP35910,Management de l’innovation (fiche nationale),1
M1403,RNCP36760,Communication publique et politique (fiche nationale),1
M1204,RNCP37515,Expert en contrôle de gestion et audit,3
M1503,RNCP40175,Analyste en stratégie internationale,1
I1101,RNCP40188,Spécialiste en ingénierie de la maintenance infrastructure et BTP,1
M1202,RNCP41261,"Finance, administration, comptabilité",1
M1804,RNCP42546,"Ingénieur diplômé de l'École Supérieure de Chimie, Physique, Électronique de Lyon, spécialité informatique et réseaux",1
H1208,RNCP39239,Chargé d'intégration en robotique industrielle,3
M1101,RNCP41232,Diplôme Supérieur en Logistique et Gestion de la Chaîne d'Approvisionnement,1
H1402,RNCP41028,"Ingénieur diplômé de l'institut national des sciences appliquées de Toulouse, spécialité génie biologique",1
M1803,RNCP42418,"Ingénieur de l'école nationale supérieure d'ingénieurs du Mans de l'université du Mans, spécialité informatique",2
I1310,RNCP41582,Génie mécanique et productique : Innovation pour l'industrie,1
M1803,RNCP40208,"Ingénieur diplômé de l’école polytechnique universitaire de l’université de Tours, spécialité informatique industrielle",2
M1803,RNCP42275," Ingénieur diplômé de l’école polytechnique universitaire de l'université d'Angers, spécialité génie biologique et santé",2
M1503,RNCP35917,Management (fiche nationale),1
D1402,RNCP41009,Diplôme d'Etudes Supérieures en Commerce et Management Opérationnel,1
I1101,RNCP36762,Génie Urbain (fiche nationale),1
M1202,RNCP41008,Sciences du management – Diplôme d’études supérieures en management,1
M1202,RNCP42676,Programme grande école ,1
C1401,RNCP35375,"Gestion des entreprises et des administrations : gestion comptable, fiscale et financière",2
H1208,RNCP41577,Génie électrique et informatique industrielle : Automatisme et informatique industrielle,3
K1703,RNCP39196,Géopolitique (fiche nationale),1
K1501,RNCP35491,Carrières Juridiques : Administration et Justice,1
H1101,RNCP40822,"Ingénieur diplômé de l’Institut national des sciences appliquées Hauts-de-France, spécialité Informatique  Industrielle et Automatique ",1
H1402,RNCP40966,"Ingénieur diplômé de l’école polytechnique universitaire de l’institut national polytechnique Clermont Auvergne, spécialité génie biologique (université clermont auvergne)",1
H1402,RNCP41271,"Ingénieur diplômé de l’École d’ingénieurs SIGMA Clermont de l’Institut National Polytechnique Clermont Auvergne, spécialité mécanique",1
M1707,RNCP41723,Directeur de la collecte de fonds et du mécénat,3
A1303,RNCP41061,Sciences et ingénierie - Agronomie et Agroalimentaire,1
M1704,RNCP39953,Manager marketing digital (MS),2
D1102,RNCP41937,Boulanger,1
K2402,RNCP39487,"Ingénieur diplômé de l’École polytechnique universitaire de l’université Lyon-I, spécialité Mathématiques appliquées",3
M1101,RNCP40881,Responsable de zone import-export,1
H1101,RNCP40318,Technicien des médias interactifs et communicants (fiche nationale),1
M1502,RNCP41092,Manager international des ressources humaines,3
I1306,RNCP42119,Métiers du Froid et des Energies Renouvelables,1
I1302,RNCP41902,Technicien en maintenance des systèmes mécatroniques (fiche nationale),1
H1210,RNCP35480,Mesures Physiques : Matériaux et Contrôles Physico-Chimiques,1
H1101,RNCP42603,"Ingénieur diplômé de l'Ecole nationale supérieure des ingénieurs en arts chimiques et technologiques, spécialité génie des procédés",1
H1402,RNCP37582,"Ingénieur diplômé de l'Ecole polytechnique universitaire de l'Université Aix Marseille, spécialité ""Matériaux""",1
K2111,RNCP38154,"Métiers de l'enseignement, de l'éducation et de la formation (MEEF), encadrement éducatif (fiche nationale)",3
M1403,RNCP42508,Data scientist en modélisation décisionnelle (MS),1
K1601,RNCP38189,Information-communication (fiche nationale),1
M1503,RNCP36143,Chargé des ressources humaines,1
M1503,RNCP42677,Programme grande école,1
H1210,RNCP35497,Chimie : Chimie industrielle,1
H1210,RNCP39379,Technicien supérieur essais matériaux,1
H1210,RNCP42689,"Ingénieur diplômé d'ECAM LaSalle, spécialité systèmes numériques et génie industriel",1
M1202,RNCP35378,Gestion des entreprises et des administrations : contrôle de gestion et pilotage de la performance,1
M1804,RNCP41205,Ingénieur diplômé de CY Tech de CY Cergy Paris Université Spécialité Informatique,1
H2502,RNCP38641,"Ingénieur diplômé de l'Université de Strasbourg, spécialité chimie-biotechnologies",2
H2502,RNCP41284,Ingénieur diplômé de l’École supérieure de chimie organique et minérale,2
C1106,RNCP40232,Analyste criminel opérationnel (fiche nationale),1
H1402,RNCP36536,"Ingénieur diplômé de l’ENSIL-ENSCI de l'Université de Limoges, Spécialité Mécatronique",1
H1402,RNCP42452,"Ingénieur diplômé de l’École nationale supérieure d'arts et métiers, spécialité mécanique et mécatronique",1
H2502,RNCP40336,"Industries agroalimentaires : gestion, production et valorisation (fiche nationale)",2
H2502,RNCP40748,"Ingénieur diplômé de l’Ecole polytechnique universitaire de l'université de Lille, spécialité Matériaux",2
M1502,RNCP39698,"Sciences de l'homme, anthropologie, ethnologie (fiche nationale)",3
H2906,RNCP36168,Technicien supérieur en fabrication additive,1
H1210,RNCP41384,Analyse des milieux biologiques (fiche nationale),1
K1903,RNCP38106,Délégué à la protection des données - DPO (DU),2
M1101,RNCP37716,Programme Grande Ecole,1
M1101,RNCP40609,Manager des achats,1
I1306,RNCP42406,Installations frigorifiques et de conditionnement d'air (Fiche nationale),1
M1403,RNCP40898,Expert en intelligence économique,1
M1403,RNCP42700,"Ingénieur diplômé de l'Institut national des sciences appliquées de Toulouse, spécialité mathématiques appliquées",1
I1605,RNCP39818,Brevet de second mécanicien 3 000 kW,1
I1605,RNCP39820,Brevet de chef mécanicien 8 000 kW,1
D1102,RNCP37313,Boulangerie spécialisée,1
M1202,RNCP41053,EM Normandie - Programme Grande Ecole,1
H2502,RNCP42378,"Ingénieur diplômé de l’école d'ingénieurs ENSIL- ENSCI de l'université de Limoges, spécialité électronique et télécommunications",2
H1101,RNCP42604,"Ingénieur diplômé de l'Ecole nationale supérieure des ingénieurs en arts chimiques et technologiques, spécialité génie chimique",1
H2502,RNCP39664,"Ingénieur diplômé du Conservatoire national des arts et métiers, spécialité Génie biologique",2
H2502,RNCP41501,"Ingénieur diplômé de l'université Paris X, spécialité mécanique",2
H2502,RNCP42433, Ingénieur diplômé du Conservatoire national des arts et métiers spécialité Génie biologique,2
I1302,RNCP35408,Génie Électrique et Informatique Industrielle : Automatisme et Informatique Industrielle,1
M1204,RNCP39875,Responsable en Gestion Financière,3
M1803,RNCP41129,Expert en ingénierie des systèmes d'information,2
M1803,RNCP42226,"Ingénieur diplômé de Télécom Saint-Etienne de l'Université Jean Monnet, spécialité systèmes numériques et écologie industrielle",2
M1803,RNCP42634,Architecte des systèmes d'information,2
F1104,RNCP41006,"Sciences et Ingénierie, spécialité bâtiment et travaux publics",1
K1903,RNCP38973,Droit notarial (fiche nationale),2
M1202,RNCP39271,Programme Grande Ecole,1
M1804,RNCP40332,"Métiers de l'électronique : communication, systèmes embarqués (fiche nationale)",1
I1401,RNCP41773,"Technicien d'infrastructures numériques durables, sécurisées et responsables",1
H1402,RNCP40758,"Ingénieur diplômé de l'Ecole Polytechnique Universitaire de l'Université de Montpellier, spécialité Mécanique",1
H1402,RNCP40765,"Ingénieur spécialisé en Energie et marchés, diplômé de l'Ecole nationale supérieure du pétrole et des moteurs",1
H1402,RNCP40944,"Ingénieur diplômé de l'Université de Technologie de Compiègne, spécialité Mécanique",1
K1601,RNCP39474,Droit canonique (fiche nationale),1
A1303,RNCP41728,Coordinateur de projets à impact social et environnemental,1
H1210,RNCP35803,Métiers de la mesure,1
M1804,RNCP40823,"Ingénieur diplômé de l’Institut national des sciences appliquées Hauts-de-France, spécialité Systèmes Embarqués et Télécommunications",1
M1804,RNCP41198,Ingénieur diplômé de l'Ecole Nationale Supérieure de l'Electronique et de ses applications,1
M1804,RNCP42590,"Ingénieur diplômé de l'université de Toulouse, spécialité Télécommunications et réseaux",1
H1402,RNCP41596,"Ingénieur diplômé de l'école polytechnique universitaire de l'université d'Orléans, spécialité Génie industriel",1
H1402,RNCP42720,"Ingénieur diplômé de l'Ecole d'ingénieurs SIGMA Clermont de l'institut national polytechnique Clermont Auvergne, spécialité mécanique et génie industriel",1
M1704,RNCP41966,Manager du développement commercial,2
M1804,RNCP39126,"Ingénieur diplômé du Conservatoire national des arts et métiers, spécialité Informatique",1
M1503,RNCP38442,Responsable ressources humaines ,1
M1503,RNCP39604,Chargé des ressources humaines,1
M1704,RNCP41225,Diplôme en Marketing,2
D1402,RNCP38148,Diplôme supérieur en marketing commerce et gestion,1
M1207,RNCP40368,Manager financier,3
I1101,RNCP42145,Manager en énergie des bâtiments intelligents ,1
H1210,RNCP40115,Sciences de la vie et de la Terre (fiche nationale),1
H1210,RNCP40342,Productions végétales (fiche nationale),1
M1101,RNCP39734,Manager de l’achat international,1
M1605,RNCP35386,Gestion administrative et commerciale des organisations : Management responsable de projet et Entrepreneuriat,1
H1402,RNCP40105,Biomécanique (fiche nationale),1
H1402,RNCP41273,Ingénieur diplômé de l’Institut supérieur de mécanique de Paris,1
K2111,RNCP41713,Coach professionnel,3
M1403,RNCP38296,Economie des organisations (fiche nationale),1
I1605,RNCP38804,Mécanicien nautique ,1
H1210,RNCP38883,Biotechnologie  en recherche et en production,1
H1210,RNCP39518,Sciences de la Terre (fiche nationale),1
H1402,RNCP39305,Ingénieur diplômé de l’École nationale supérieure d'arts et métiers,1
H1402,RNCP39922,Diplôme d'ingénieur de l'Ecole Nationale Supérieure de Mécanique et d'Aérotechnique (ENSMA),1
H2903,RNCP39342,Décolletage : opérateur régleur en décolletage,1
E1306,RNCP39532,Graphiste,1
K1601,RNCP39466,"Histoire, civilisations, patrimoine (fiche nationale)",1
K1601,RNCP40794,Histoire (fiche nationale),1
D1505,RNCP38247,CQP Employé de magasin,1
M1101,RNCP40726,Diplôme d’enseignement supérieur en management,1
H1402,RNCP40821,"Ingénieur diplômé de l'Institut national des sciences appliquées Hauts-de-France, spécialité Mécatronique ",1
F1101,RNCP41346,CQP Couvreur lauzier schiste,1
A1303,RNCP38406,"Ingénieur diplômé de l'Institut Agro Dijon de l’Institut national d’enseignement supérieur pour l’agriculture, l’alimentation, et l’environnement spécialité agronomie",1
M1804,RNCP35456,Réseaux & Télécommunications : Réseaux Opérateurs et Multimédia ,1
M1806,RNCP41418,Expert en ingénierie et sécurité des systèmes d'information,251
M1806,RNCP38837,Expert en systèmes d'information sécurisés (Cloud ou Big Data),251
M1806,RNCP39041,"Métiers des études, du conseil et de l’intervention (fiche nationale)",251
M1702,RNCP37651,Styliste designer de modes,6
H1206,RNCP40701,Ingénieur diplômé du CESI,14
H1206,RNCP42397,"Ingénieur de l'école nationale supérieure d'ingénieurs du Mans de l'université du Mans, spécialité acoustique et instrumentation",14
M1805,RNCP41205,Ingénieur diplômé de CY Tech de CY Cergy Paris Université Spécialité Informatique,26
M1806,RNCP35782,"Ingénieur de l'école nationale supérieure des sciences appliquées et de technologie, spécialité informatique",251
M1806,RNCP38637,"Ingénieur diplômé de l'Ecole nationale supérieure Mines-Télécom Atlantique Bretagne-Pays de la Loire de l'Institut Mines-Télécom, spécialité réseaux et télécommunications",251
M1806,RNCP40817,"Ingénieur diplômé de l'Institut national des sciences appliquées Hauts-de-France, spécialité Informatique et Cybersécurité ",251
M1806,RNCP40930,"Ingénieur diplômé de l’Institut Polytechnique UniLaSalle, spécialité Systèmes numériques et Energétique",251
M1806,RNCP35402,"Science des données : visualisation, conception d'outils décisionnels",251
H2502,RNCP37933,"Ingénieur diplômé de l'Ecole polytechnique universitaire de l'Université d'Aix-Marseille, spécialité Génie Biologique",2
M1806,RNCP40836,Expert green IT,251
H1206,RNCP38481,Attaché de recherche clinique,14
H1206,RNCP38582,Expert en ingénierie et gestion du gaz (MS),14
H1206,RNCP39670,"Titre Ingénieur de l’Institut Polytechnique de Grenoble, spécialité génie énergétique et industriel",14
H1206,RNCP39905,"Ingénieur diplômé de l'Ecole d'ingénieurs Denis-Diderot de l'Université Paris Cité, spécialité Matériaux et Nanotechnologies",14
M1806,RNCP37485,"Ingénieur diplômé de l'Université de technologie de Troyes, spécialité Informatique et Systèmes d'Information",251
M1806,RNCP41237,Ingénieur diplômé de l'Ecole d'ingénieurs Jules Verne de l'université d'Amiens spécialité technologie de l'information pour la santé,251
M1806,RNCP42538,"Ingénieur diplômé de l’Ecole Polytechnique Universitaire de l’Institut polytechnique de Grenoble, spécialité Technologies de l’information pour la santé",251
M1806,RNCP40421,"Ingénieur diplômé de Télécom Nancy de l'université de Lorraine, spécialité cybersécurité",251
H1206,RNCP39433, Ingénierie de la santé (fiche nationale),14
H1206,RNCP41497,"Ingénieur diplômé de l'Ecole d'Ingénieurs de l'Artois de l'Université d'Artois, spécialité Génie électrique",14
H1101,RNCP41373,"Ingénieur diplômé de l'institut national des sciences appliquées de Rennes, spécialité électronique et télécommunications",1
H1206,RNCP38959,"Ingénieur diplômé de l’Institut polytechnique de Grenoble, École nationale supérieure de Physique, Électronique et Matériaux",14
H1206,RNCP41284,Ingénieur diplômé de l’École supérieure de chimie organique et minérale,14
M1201,RNCP37885,Diplôme d'Etudes Supérieures de Gestion,12
M1201,RNCP39072,Quantitative Economics ,12
H1206,RNCP38477,Expert en numérisation industrielle,14
H1206,RNCP38686,"Automatique, robotique (fiche nationale)",14
H1206,RNCP41026,"Ingénieur spécialisé pour une industrie digitalisée, écoresponsable et efficiente des polymères et composites, diplômé de l’institut national des sciences appliquées de Lyon",14
M1806,RNCP35799,"Ingénieur diplôme de l’école nationale supérieure de Bretagne sud (ENSIBS), spécialité : Sécurité des systèmes d'information ",251
M1810,RNCP40792,"Services informatiques aux organisations, Option A : « Solutions d’infrastructure, systèmes et réseaux » ; Option B : « Solutions logicielles et applications métiers »",10
M1806,RNCP38457,Directeur de projet en infrastructures informatiques sécurisées,251
M1801,RNCP38325,"Ingénieur diplômé de l'école polytechnique universitaire de l'Université Côte d’Azur, spécialité Informatique",9
M1801,RNCP40318,Technicien des médias interactifs et communicants (fiche nationale),9
M1801,RNCP41996,"Administrateur systèmes, réseaux et bases de données",9
M1801,RNCP42426,Sciences et ingénierie - Informatique et cybersécurité,9
M1810,RNCP35476,Informatique : Déploiement d'applications communicantes et sécurisées,10
M1805,RNCP40836,Expert green IT,26
M1805,RNCP41220,"Ingénieur diplômé de l'institut national des sciences appliquées de Toulouse, spécialité informatique et réseaux",26
M1805,RNCP41463,Concepteur développeur web (BADGE CGE),26
M1805,RNCP42548,"Ingénieur diplômé de l'école nationale supérieure des mines d'Alès de l'Institut Mines-Télécom, spécialité informatique et réseaux",26
M1806,RNCP36115,"Ingénieur diplômé de l’Ecole nationale supérieure Mines-Télécom Atlantique Bretagne Pays de la Loire de l’Institut Mines-Télécom, spécialité Informatique",251
M1806,RNCP42058,Manager du numérique responsable,251
M1806,RNCP40957,"Ingénieur diplômé de Télécom Saint-Etienne de l'Université de Saint-Etienne, spécialité informatique et électronique",251
M1806,RNCP35378,Gestion des entreprises et des administrations : contrôle de gestion et pilotage de la performance,251
M1806,RNCP39765,Expert en Architecture et Développement Logiciel,251
M1806,RNCP42382,"Ingénieur diplômé de l'école nationale supérieure d’électronique, informatique, télécommunications, mathématique et mécanique de Bordeaux de l’institut polytechnique de Bordeaux, spécialité réseaux et informatique",251
M1806,RNCP40744,Sciences et ingénierie - Cybersécurité ,251
M1806,RNCP42758,Ingénieur diplômé de CY Tech de CY Cergy Paris Université Spécialité Informatique,251
M1805,RNCP36490,Concepteur développeur d'applications,26
M1805,RNCP38207,Humanités numériques (fiche nationale),26
M1805,RNCP42176,Développeur blockchain ,26
M1806,RNCP41766,Product builder no code,251
M1806,RNCP38823,"Expert en architectures systèmes, réseaux et sécurité informatique",251
M1806,RNCP42224,"Ingénieur diplômé de l’école polytechnique universitaire de l'université d'Angers, spécialité automatique et informatique",251
M1806,RNCP42268, Sciences et ingénierie - Intelligence artificielle ,251
M1806,RNCP38599,Manager de programmes et projets SI,251
M1806,RNCP42011,Diplôme d'études supérieures en intelligence artificielle et sciences des données,251
M1806,RNCP42173,Product builder no code low code,251
C1202,RNCP40694,Ingénieur diplômé de l’École nationale de la statistique et de l'analyse de l'information du Groupe des écoles nationales d'économie et statistique,12
C1102,RNCP39610,Conseiller de clientèle particulier et professionnel en banque et assurance,1
H1206,RNCP37626,Eco-énergéticien,14
H1206,RNCP39003,Traitement du signal et des images (fiche nationale),14
H1206,RNCP40731,"Ingénieur diplômé de l'institut national des sciences appliquées Centre Val de Loire, spécialité gestion des risques",14
H1206,RNCP40758,"Ingénieur diplômé de l'Ecole Polytechnique Universitaire de l'Université de Montpellier, spécialité Mécanique",14
H1206,RNCP42222,"Diplômé de l'Ecole supérieure d'Ingénieurs de Rennes de l'Université de Rennes, Spécialité Informatique",14
M1810,RNCP39620,Technicien d’infrastructure informatique et sécurité,10
M1810,RNCP41976,Expert en cybersécurité et sécurité informatique,10
M1805,RNCP38686,"Automatique, robotique (fiche nationale)",26
M1805,RNCP40964,"Ingénieur diplômé de l’Institut national universitaire Jean-François-Champollion, spécialité informatique pour la santé",26
M1805,RNCP42073,Product builder no code,26
H2502,RNCP42731,"Ingénieur diplômé de l’Institut national d’enseignement supérieur et de recherche en alimentation, santé animale, sciences agronomiques et de l’environnement",2
M1805,RNCP40521,"Ingénieur diplômé de l'école Polytechnique universitaire de l'Université de Lille, spécialité Systèmes embarqués et génie électrique",26
M1805,RNCP40873,Expert en solution connectée (IoT),26
M1805,RNCP41073,"Ingénieur diplômé de l’université de Toulouse, spécialité Robotique",26
M1502,RNCP38826,Consultant en recrutement,3
M1805,RNCP37211,Assistant en Développement Numérique ,26
M1805,RNCP38964,Bio-informatique (fiche nationale),26
M1805,RNCP40971,"ingénieur diplômé de l'Institut national des sciences appliquées de Lyon, spécialité informatique",26
M1805,RNCP41879,Consultant en assistance à maîtrise d'ouvrage informatique,26
M1805,RNCP42620,Développeur de solutions numériques sécurisées,26
M1810,RNCP41164,"Ingénieur diplômé de CentraleSupélec, spécialité Systèmes numériques",10
M1810,RNCP42548,"Ingénieur diplômé de l'école nationale supérieure des mines d'Alès de l'Institut Mines-Télécom, spécialité informatique et réseaux",10
M1201,RNCP36543,Programme Grande Ecole,12
M1201,RNCP41882,Expert en finance d'entreprise,12
M1805,RNCP41376,"Ingénieur diplômé de l’École Polytechnique Universitaire de l'Université Lyon 1, spécialité Informatique",26
M1805,RNCP41457,Développeur no code,26
M1805,RNCP41586,Informatique : Déploiement d'applications communicantes et sécurisées,26
M1802,RNCP39425,Expert en Ingénierie Informatique et Innovation Numérique,13
M1802,RNCP41171,"Ingénieur diplômé de l’institut des sciences et techniques des Yvelines de l’université de Versailles-Saint-Quentin-en-Yvelines, spécialité informatique",13
M1802,RNCP42023,Ingénieur diplômé d'ISART Digital,13
M1703,RNCP37788,"Ingénieur diplômé de l'université de technologie de Troyes, spécialité Matériaux",7
H2906,RNCP41689,Conducteur d’équipements industriels,1
M1707,RNCP39354,Manager du développement d'entreprise et commercial,3
M1707,RNCP42284,Diplôme supérieur en commerce et marketing opérationnel,3
M1802,RNCP42546,"Ingénieur diplômé de l'École Supérieure de Chimie, Physique, Électronique de Lyon, spécialité informatique et réseaux",13
M1703,RNCP39073,Mode et matière ,7
M1802,RNCP41889,Expert en stratégie et solutions no code/low code,13
M1403,RNCP39013,"Econométrie, statistiques (fiche nationale)",1
H1206,RNCP38998,"Optique, image, vision, multimédia (fiche nationale)",14
H1206,RNCP41102,Expert en stratégie d'innovation durable par le design (MS),14
H1206,RNCP41527,Ingénieur diplômé de l'Ecole publique d'Ingénieurs de la santé et du numérique (EPISEN) de l'université Paris Est Créteil Val-de-Marne Spécialité Informatique et santé ,14
H1206,RNCP41569,Génie chimique - Génie des procédés : Conception des procédés et innovation technologique,14
M1802,RNCP42011,Diplôme d'études supérieures en intelligence artificielle et sciences des données,13
M1802,RNCP36061,Administrateur système DevOps,13
M1802,RNCP41376,"Ingénieur diplômé de l’École Polytechnique Universitaire de l'Université Lyon 1, spécialité Informatique",13
M1802,RNCP41880,Manager en ingénierie informatique,13
M1703,RNCP38021,Éco-concepteur de produits plastiques et composites,7
M1703,RNCP40373,Directeur de produits touristiques,7
M1703,RNCP40810,Diplôme d'études supérieures de management international,7
M1102,RNCP35921,"Gestion de production, logistique, achats (fiche nationale)",3
M1805,RNCP37929,"Ingénieur diplômé de l'école polytechnique universitaire d'Université Côte d’Azur, spécialité Mathématiques Appliquées  ",26
M1805,RNCP37944,"Ingénieur diplômé de l’Ecole Supérieure d’Ingénieurs de Recherche en Matériaux de l’Université Bourgogne Europe (ESIREM), spécialité Robotique",26
M1805,RNCP41122,Product builder no code,26
M1805,RNCP41823,Ingénieur diplômé de l’ESIEE IT - CCI Paris Ile-de-France Éducation,26
M1805,RNCP42263,Intelligence artificielle,26
M1801,RNCP42325,Manager de projets en informatique et systèmes d'information (MS),9
M1805,RNCP42238,"Ingénieur diplômé de Télécom Saint-Étienne de l'Université Jean Monnet, spécialité photonique et informatique industrielle",26
M1805,RNCP39766,Chef de projets systèmes embarqués,26
M1805,RNCP42708,Ingénieur diplômé de l'école nationale supérieure des mines d'Alès de l'Institut Mines Télécom,26
M1803,RNCP41483,Product builder no-code,2
M1802,RNCP38587,Expert en ingénierie de l'intelligence artificielle,13
D1406,RNCP42390,Développeur commercial et marketing,5
M1503,RNCP40244,Manager des ressources humaines,1
M1704,RNCP42283,"Commerce, techniques et innovation",2
D1506,RNCP36335,Artisanat et métiers d’art option marchandisage visuel,1
M1807,RNCP41498,Ingénieur diplômé de l'Ecole de l'air et de l'espace,3
H1206,RNCP39461,Cancer (fiche nationale),14
M1805,RNCP42546,"Ingénieur diplômé de l'École Supérieure de Chimie, Physique, Électronique de Lyon, spécialité informatique et réseaux",26
M1801,RNCP39425,Expert en Ingénierie Informatique et Innovation Numérique,9
M1801,RNCP39560,"Ingénieur diplômé de l'institut national des sciences appliquées de Rouen, spécialité informatique et technologies de l'information",9
M1801,RNCP42097,"Ingénieur diplômé de l'Institut supérieur d'informatique, de modélisation et de leurs applications de l'institut national polytechnique Clermont Auvergne",9
M1805,RNCP37901,"Ingénieur diplômé de l’école d’ingénieurs de l’université de Toulon, spécialité systèmes numériques",26
I1101,RNCP42399,Sciences et ingénierie – Génie de l’aménagement,1
H1206,RNCP37789,"Manager des process de création et de développement des produits parfum, cosmétique ou arômes",14
M1802,RNCP40168,Directeur de projets informatiques,13
H1210,RNCP41832,Métiers de la mesure,1
H1206,RNCP35711,"Ingénieur diplômé de l’école polytechnique Universitaire de Savoie de l'Université de Chambéry, Spécialité Systèmes Numériques - Instrumentation",14
H1206,RNCP38425," Ingénieur diplômé de l’Ecole Nationale Supérieure d’Ingénieurs Sud-Alsace de l’Université de Mulhouse, spécialité Automatique et Systèmes Embarqués",14
H1206,RNCP40018,Ingénieur diplômé de l’Institut Supérieur de l’Automobile et des Transports de Nevers de l’Université Bourgogne Europe,14
H1206,RNCP41252,Ingénieur diplômé de l'Ecole d'Ingénieurs de Purpan,14
H1206,RNCP41559,Chimie : Synthèse,14
H1206,RNCP42443,"Ingénieur diplômé du Conservatoire national des arts et métiers, spécialité Science de la donnée et intelligence artificielle",14
M1802,RNCP42289,"Ingénieur diplômé de l'école nationale supérieure de techniques avancées et de l'institut supérieur de l'aéronautique et de l'espace, spécialité défense et sécurité",13
M1202,RNCP36271,Management et gestion des entreprises (Programme Grande Ecole),1
M1203,RNCP39875,Responsable en Gestion Financière,4
M1805,RNCP36961,Systèmes d’information numérique et électronique (fiche nationale),26
M1805,RNCP41626,"Son, option son à l’image, option sonorisation, option arts sonores",26
M1805,RNCP42015, Diplôme de l'Ecole Polytechnique - Science et technologie (délivré à titre international),26
M1805,RNCP42714," Ingénieur diplômé de l'École nationale supérieure des mines de Saint-Étienne de l'institut Mines-Télécom, spécialité microélectronique et informatique",26
M1805,RNCP42716,"Ingénieur diplômé de l'Ecole nationale supérieure des Mines de Saint-Etienne de l'institut Mines-Telecom, spécialité Systèmes électroniques embarqués",26
M1810,RNCP36757,Informatique d’organisation et systèmes d’information (fiche nationale),10
D1406,RNCP41114,Responsable du développement commercial,5
C1206,RNCP41645,Conseiller multi-canal de clientèle particuliers en banque assurance,1
M1501,RNCP41437,Assistant ressources humaines,4
H2502,RNCP40133,"Ingénieur diplômé de l’École nationale supérieure d’ingénieurs de Bretagne Sud de l’université de Bretagne-Sud, spécialité mécatronique",2
H1206,RNCP36807,"Ingénieur diplômé de l’ENSIL-ENSCI de l'Université de Limoges, Spécialité Génie de l’Eau et Environnement",14
H1206,RNCP38689,Energie (fiche nationale),14
H1206,RNCP38845,"Ingénieur diplômé de l’école polytechnique universitaire de l’institut national polytechnique Clermont Auvergne, spécialité  génie électrique",14
H1206,RNCP39054,"Ingénieur diplômé du Conservatoire national des arts et métiers, spécialité Énergétique",14
H1206,RNCP40133,"Ingénieur diplômé de l’École nationale supérieure d’ingénieurs de Bretagne Sud de l’université de Bretagne-Sud, spécialité mécatronique",14
H1206,RNCP40748,"Ingénieur diplômé de l’Ecole polytechnique universitaire de l'université de Lille, spécialité Matériaux",14
H1206,RNCP42376,"Ingénieur diplômé de l’école polytechnique universitaire de l’institut national polytechnique Clermont Auvergne, spécialité mathématiques appliquées et intelligence artificielle",14
H1206,RNCP42462,"Ingénieur diplômé de l'école nationale supérieure des mines d'Alès de l'Institut Mines-Télécom, spécialité mécatronique",14
M1201,RNCP39400,Expert des marchés et instruments financiers,12
H1206,RNCP39141,Ingénieur diplômé de l'Institut Supérieur de l'Aéronautique et de l'Espace ,14
H1206,RNCP42238,"Ingénieur diplômé de Télécom Saint-Étienne de l'Université Jean Monnet, spécialité photonique et informatique industrielle",14
H1206,RNCP42448,"Ingénieur diplômé du Conservatoire national des arts et métiers, spécialité Génie électrique",14
H1206,RNCP42736,Ingénieur diplômé de l’École nationale supérieure de mécanique et des microtechniques spécialité Microtechniques,14
M1810,RNCP37407,Chef d'équipe de maintenance des systèmes de détection et de communication,10
M1810,RNCP39495,Cybersécurité (fiche nationale),10
M1801,RNCP41445,Expert en cybersécurité (MS),9
M1801,RNCP41246,"Ingénieur diplômé de l'Institut supérieur d'informatique, de modélisation et de leurs applications de l'institut national polytechnique Clermont Auvergne",9
M1805,RNCP36296,Expert en architectures systèmes-réseaux et en sécurité informatique,26
M1805,RNCP36855,Expert en gouvernance de la sécurité des réseaux et des systèmes (MS),26
M1805,RNCP40288,Métiers du décisionnel et de la statistique (fiche nationale),26
M1805,RNCP42202,Product builder no code low code,26
M1805,RNCP40018,Ingénieur diplômé de l’Institut Supérieur de l’Automobile et des Transports de Nevers de l’Université Bourgogne Europe,26
M1805,RNCP41066,Ingénieur diplômé de l'ECAM-EPMI,26
M1805,RNCP42322,Expert en infrastructures et traitement de données massives,26
M1805,RNCP42724,"Ingénieur diplômé de l'Ecole nationale supérieure d'électrotechnique, d'électronique, d'informatique, d'hydraulique et des télécommunications, de l'Institut national polytechnique de Toulouse - Spécialité informatique et télécommunications",26
M1803,RNCP42077,Manager de la transition numérique éthique et durable,2
H2502,RNCP38981,Ingénierie des systèmes complexes (fiche nationale),2
H2502,RNCP42565,"Ingénieur diplômé de l'École supérieure de chimie, physique, électronique de Lyon, spécialité Biotechnologies et génie des procédés",2
M1502,RNCP41128,Chargé de développement des ressources humaines,3
M1810,RNCP37680,Administrateur d'infrastructures sécurisées,10
M1810,RNCP40947,"Ingénieur diplômé de l’école d’ingénieurs Jules Verne de l’université d’Amiens, spécialité cybersécurité",10
M1810,RNCP40982,Géomatique (fiche nationale),10
M1703,RNCP39467,Humanités et management (fiche nationale),7
M1707,RNCP39484,Diplôme d’études supérieures spécialisées en développement des entreprises et transformation digitale,3
M1707,RNCP42261,Diplôme d'études supérieures en développement international et entrepreneuriat,3
M1802,RNCP35568,"Ingénieur diplômé de l'École supérieure angevine d'informatique et de productique, spécialité informatique et réseaux",13
M1802,RNCP38140,Architecte réseaux et cybersécurité (MS),13
M1802,RNCP39278,Informatique (fiche nationale),13
M1802,RNCP42194,Expert en digitalisation et exploitation des bâtiments,13
M1802,RNCP39775,Expert en ingénierie et science des données,13
M1802,RNCP42730,Ingénieur diplômé de l’École nationale supérieure d'informatique et de mathématiques appliquées de l'Institut polytechnique de Grenoble,13
M1801,RNCP41807,"Administrateur des systèmes, réseaux et sécurité",9
H1206,RNCP37926,"Ingénieur diplômé de l'Ecole polytechnique universitaire de l'Université d'Aix-Marseille, spécialité Génie biomédical",14
H1206,RNCP38972, Neurosciences (fiche nationale),14
K2402,RNCP42741,"Ingénieur diplômé de CY Tech de CY Cergy Paris Université, spécialité Génie civil",3
M1802,RNCP36399,Expert en sécurité digitale,13
K1601,RNCP38187,Gestion de Patrimoines audiovisuels,1
M1801,RNCP39423,Diplôme en innovation et entrepreneuriat,9
M1801,RNCP40947,"Ingénieur diplômé de l’école d’ingénieurs Jules Verne de l’université d’Amiens, spécialité cybersécurité",9
M1801,RNCP41262,"Transport, mobilités, réseaux (fiche nationale)",9
M1204,RNCP39268,Diplôme d’Etudes Spécialisées en Management International,3
M1802,RNCP40205,"Ingénieur diplômé de l'École nationale supérieure des mines de Saint-Étienne de l'institut Mines-Télécom, spécialité microélectronique et informatique",13
A1303,RNCP40179,Ingénieur diplômé de l’Institut supérieur d’agriculture Rhône-Alpes,1
E1105,RNCP36965,Edition,2
H1206,RNCP39541,"Ingénieur diplômé du Conservatoire national des arts et métiers, spécialité Science de la donnée et intelligence artificielle",14
H1206,RNCP41237,Ingénieur diplômé de l'Ecole d'ingénieurs Jules Verne de l'université d'Amiens spécialité technologie de l'information pour la santé,14
H1206,RNCP41921,"Ingénieur diplômé de l'Ecole polytechnique universitaire de Montpellier, spécialité Génie biologique et agroalimentaire",14
H1206,RNCP42535,"Ingénieur diplômé de l’Ecole polytechnique universitaire de l’Institut polytechnique de Grenoble, spécialité Informatique et électronique",14
H1206,RNCP42707,"Ingénieur diplômé de l'Institut national des sciences appliquées de Toulouse, spécialité informatique et réseaux",14
M1805,RNCP42471,Développeur Blockchain,26
M1802,RNCP40817,"Ingénieur diplômé de l'Institut national des sciences appliquées Hauts-de-France, spécialité Informatique et Cybersécurité ",13
M1802,RNCP41129,Expert en ingénierie des systèmes d'information,13
M1802,RNCP41879,Consultant en assistance à maîtrise d'ouvrage informatique,13
M1802,RNCP42302,Sciences et Ingénierie - Informatique et systèmes numériques,13
I1101,RNCP37062,Technicien de patrimoine immobilier social,1
D1406,RNCP38491,Manager des activités du tourisme et des voyages,5
D1102,RNCP38390,Services aux personnes et vente en espace rural,1
M1805,RNCP37726,"Ingénieur de l'Ecole Nationale Supérieure de Bretagne Sud (ENSIBS), spécialité Informatique et Cybersécurité",26
M1805,RNCP38845,"Ingénieur diplômé de l’école polytechnique universitaire de l’institut national polytechnique Clermont Auvergne, spécialité  génie électrique",26
M1805,RNCP42022,"ingénieur diplômé de l’Ecole polytechnique universitaire de Savoie de l’université de Chambéry, spécialité  informatique",26
M1805,RNCP42231,"Ingénieur diplômé de l’École polytechnique universitaire de l'université Lyon-I, spécialité informatique",26
M1502,RNCP38069,Diplôme Supérieur en Management International des Ressources Humaines,3
M1810,RNCP42599,Génie de l'environnement et science de la donnée,10
D1406,RNCP38505,Responsable du développement commercial ,5
C1206,RNCP39112,Expert en ingénierie patrimoniale,1
K2402,RNCP38708,Sciences et génie des matériaux (fiche nationale),3
K2402,RNCP42558,Biologie (fiche nationale),3
M1204,RNCP40177,Expert en Stratégie Financière,3
M1204,RNCP42362,Gestion (fiche nationale),3
H2502,RNCP36781,Géoénergies (fiche nationale),2
H2502,RNCP38866,"Ingénieur diplômé de l'Université de Technologie de Belfort Montbéliard, spécialité Logistique industrielle",2
H2502,RNCP39687,Métiers de la vigne et du vin (fiche nationale),2
H1206,RNCP35373,Génie Chimique-Génie des Procédés : Conception des Procédés et Innovation technologique,14
H1206,RNCP38321,"Ingénieur diplômé de l'Institut Supérieur de l'Electronique et du Numérique, spécialité électronique et informatique industrielle",14
H1206,RNCP38971,Génétique (fiche nationale),14
H1206,RNCP39593,"Chef de projet dans le domaine de l'eau, des services et politiques publiques associés (MS)",14
H1206,RNCP39982,Manager en services et industries de santé (MS),14
H1206,RNCP41824,"Ingénieur diplômé de l'institut national des sciences appliquées de Rennes, spécialité mathématiques appliquées",14
H1206,RNCP42394,Ingénieur diplômé d'ECAM LaSalle,14
H1206,RNCP42544,"Ingénieur diplômé de l'Ecole supérieure de chimie, physique, électronique de Lyon, spécialité génie physique et microélectronique",14
H1101,RNCP40448,Sciences et Ingénierie - Systèmes Numériques pour la Santé,1
C1106,RNCP36647,Manager en gestion globale des risques,1
M1201,RNCP42358,Finance (fiche nationale),12
M1801,RNCP38426,"Ingénieur diplômé de l’Ecole Nationale Supérieure d’Ingénieurs Sud-Alsace de l’Université de Mulhouse, spécialité Informatique et Réseaux",9
M1810,RNCP41880,Manager en ingénierie informatique,10
H1402,RNCP35788,"ingénieur diplômé de l’Ecole supérieure d’ingénieurs en agroalimentaire de Bretagne atlantique de Bretagne INP, spécialité microbiologie et sécurité sanitaire",1
H1402,RNCP38705,Chimie et sciences du vivant (fiche nationale),1
H1402,RNCP39131,"Ingénieur diplômé du Conservatoire national des arts et métiers, spécialité Génie électrique",1
C1102,RNCP41645,Conseiller multi-canal de clientèle particuliers en banque assurance,1
H1206,RNCP36182,"Ingénieur de l'École nationale supérieure de chimie, de biologie et de physique, de l'Institut polytechnique de Bordeaux (ENSCBP - Bordeaux INP) spécialité Matériaux",14
H1206,RNCP39452,"Ingénieur diplômé de l'Ecole d'ingénieurs Denis-Diderot de l'Université Paris Cité, spécialité Génie Biomédical",14
M1810,RNCP40817,"Ingénieur diplômé de l'Institut national des sciences appliquées Hauts-de-France, spécialité Informatique et Cybersécurité ",10
M1810,RNCP35457,Réseaux & Télécommunications : Internet des objets et mobilité,10
M1810,RNCP38463,Expert en développement de solutions de cybersécurité ,10
M1810,RNCP38606,Développeur full stack,10
M1810,RNCP42426,Sciences et ingénierie - Informatique et cybersécurité,10
H2502,RNCP42740,Ingénieur diplômé de l’École nationale supérieure agronomique de Toulouse de l'Institut national polytechnique de Toulouse,2
M1805,RNCP35782,"Ingénieur de l'école nationale supérieure des sciences appliquées et de technologie, spécialité informatique",26
M1805,RNCP41274,Ingénieur diplômé de Télécom Paris de l'Institut Mines-Télécom,26
M1802,RNCP38117,"Ingénieur systèmes, réseaux et cybersécurité",13
I1302,RNCP39839,CQP Technicien monteur d'équipement industriel,1
M1707,RNCP38830,Chargé d'affaires commerciales,3
M1707,RNCP42387,Diplôme d’études supérieures de management international,3
M1802,RNCP36296,Expert en architectures systèmes-réseaux et en sécurité informatique,13
M1802,RNCP40496,"Ingénieur diplômé de l'Institut national des sciences appliquées Centre Val de Loire, spécialité sécurité informatique",13
M1805,RNCP42248,"Ingénieur diplômé de l’école polytechnique universitaire de l’institut national polytechnique clermont auvergne, spécialité génie électrique et systèmes embarqués",26
M1805,RNCP42439,"Ingénieur diplômé du Conservatoire national des arts et métiers, spécialité Informatique et systèmes d’information ",26
H1206,RNCP35704,"Ingénieur diplômé de l’école polytechnique universitaire de l'université d'Angers, spécialité génie industriel",14
H1206,RNCP38211,"Ingénieur diplômé de l'école polytechnique universitaire d'Université Côte d’Azur, spécialité Electronique et systèmes embarqués",14
M1703,RNCP42337,Expert en management et stratégie de l’innovation technologique responsable (MS),7
M1102,RNCP39362,Manager en stratégie de développement des affaires,3
M1805,RNCP39237,Concepteur intégrateur de solutions en Internet des objets (IoT),26
M1805,RNCP40166,Expert en développement et déploiement de solutions numériques sécurisées,26
D1406,RNCP41683,Responsable d'unité opérationnelle,5
H1206,RNCP40784,Ingénieur diplômé de l’Institut Supérieur de l’Automobile et des Transports de l'Université Bourgogne Europe  - spécialité  Génie Industriel,14
H1206,RNCP41167,Ingénieur diplômé de l'école centrale de Lyon,14
H1206,RNCP41861,Ecologie et biologie fonctionnelle (fiche nationale),14
H1206,RNCP42279,"Ingénieur diplômé de l’École nationale supérieure d’ingénieurs de Bretagne Sud de l’université de Bretagne-Sud, spécialité  génie industriel",14
H1206,RNCP42560,"Maîtrise de l'énergie, électricité, développement durable (fiche nationale)",14
M1802,RNCP38293,Architecte digital d'entreprise (MS),13
M1805,RNCP40168,Directeur de projets informatiques,26
M1805,RNCP40672,Product builder no code,26
M1805,RNCP41330,Expert en développement logiciel ,26
M1805,RNCP41889,Expert en stratégie et solutions no code/low code,26
L1505,RNCP41667,Cadreur - monteur - vidéaste,3
M1703,RNCP37074,Manager du développement dans la filière vins et spiritueux,7
D1406,RNCP42631,Chargé d'affaires commerciales et de développement à l'international,5
H1206,RNCP36102,"Ingénieur diplômé de l'École nationale supérieure d’électronique, informatique, télécommunications, mathématique et mécanique de Bordeaux de l’Institut polytechnique de Bordeaux, spécialité systèmes électroniques embarqués",14
H1206,RNCP38954,Ingénieur diplômé de l'École Nationale Supérieure d'Électricité et de Mécanique de Nancy de l'Université de Lorraine,14
H1206,RNCP39293,"Ingénieur diplômé de l'Ecole Supérieure d'Ingénieurs de Rennes de l'Université de Rennes, spécialité Technologies de l'Information pour la Santé",14
H1206,RNCP41173,"Ingénieur de l'institut des sciences et techniques des Yvelines de l'université de Versailles-Saint-Quentin-en-Yvelines, spécialité systèmes numériques et production industrielle",14
H2502,RNCP41267,"Ingénieur diplômé de l'Ecole d'Ingénieurs du Littoral Côte d'Opale de l'Université du Littoral, spécialité Agroalimentaire",2
H1206,RNCP36057,Science de la durabilité (fiche nationale),14
H1206,RNCP36181,"Ingénieur diplômé de l’école nationale supérieure en génie des technologies industrielles de l’université de pau, spécialité énergétique",14
H1206,RNCP39185,"Biodiversité, écologie et évolution (fiche nationale)",14
L1505,RNCP41660,Cadreur - opérateur de prises de vues,3
M1810,RNCP41678,Opérateur en cybersécurité,10
M1801,RNCP40293,Métiers de l'informatique : systèmes d'information et gestion de données (fiche nationale),9
C1102,RNCP41650,Conseiller gestionnaire banque assurance,1
M1803,RNCP35502,Métiers du Multimédia et de l’Internet : Développement web et dispositifs interactifs,2
H2502,RNCP39665,"Ingénieur diplômé du Conservatoire national des art et métiers, spécialité Agroalimentaire",2
H2502,RNCP40536,"Ingénieur diplômé d’ECAM LaSalle, spécialité génie industriel et mécanique",2
H2502,RNCP40933,"Ingénieur diplômé de l’Institut Polytechnique UniLaSalle, spécialité Agronomie et Agro-Industries",2
M1810,RNCP41585,"Informatique : Administration, gestion et exploitation des données",10
M1201,RNCP39076,Economie et Finance ,12
M1707,RNCP41186,Diplôme en Management et Gestion des Organisations,3
M1707,RNCP41462,Directeur d'unité opérationnelle,3
M1802,RNCP37944,"Ingénieur diplômé de l’Ecole Supérieure d’Ingénieurs de Recherche en Matériaux de l’Université Bourgogne Europe (ESIREM), spécialité Robotique",13
M1802,RNCP38998,"Optique, image, vision, multimédia (fiche nationale)",13
M1802,RNCP40741,Sciences et Ingénierie - Informatique et Cybersécurité,13
M1801,RNCP39999,Expert en cybersécurité,9
K2402,RNCP38702,"Chimie des arômes, parfums, cosmétiques (fiche nationale)",3
D1406,RNCP39439,Management et nouvelles technologies,5
D1406,RNCP42484,Manager international en industries du luxe et de la mode,5
E1105,RNCP40153,Éditeur multisupport,2
M1704,RNCP38583,Manager du développement commercial ,2
M1801,RNCP37843,Directeur de la donnée (chief data officer),9
M1207,RNCP40998,Diplôme supérieur de comptabilité et de gestion (DSCG),3
I1101,RNCP41074,"Ingénieur diplômé de l’Université de Toulouse, spécialité Génie Civil et Géosciences",1
H1206,RNCP39574,Ingénieur navigabilité et certification aéronautiques (MS),14
M1707,RNCP40889,Responsable du développement des activités,3
H1206,RNCP41212,"Ingénieur diplômé de l'institut national des sciences appliquées de Toulouse, spécialité génie mécanique",14
H1206,RNCP42708,Ingénieur diplômé de l'école nationale supérieure des mines d'Alès de l'Institut Mines Télécom,14
M1802,RNCP38678,"Ingénieur diplômé de l'école nationale supérieure des mines d'Alès de l'Institut Mines-Télécom, spécialité informatique et réseaux",13
M1802,RNCP40106,Métiers de l'informatique : applications web (fiche nationale),13
M1802,RNCP42450," Ingénieur diplômé de l’école polytechnique universitaire de l'université d'Angers, spécialité génie industriel",13
M1502,RNCP36962,Management international et communication interculturelle,3
M1502,RNCP42470,Manager du developpement des ressources humaines,3
M1801,RNCP41546,Métiers du multimédia et de l’Internet : Développement web et dispositifs interactifs,9
M1805,RNCP42505,Expert en ingénierie logicielle,26
H1206,RNCP36536,"Ingénieur diplômé de l’ENSIL-ENSCI de l'Université de Limoges, Spécialité Mécatronique",14
H1206,RNCP39170,"Ingénieur diplômé de l’École nationale supérieure d'arts et métiers, spécialité génie énergétique",14
H1206,RNCP42730,Ingénieur diplômé de l’École nationale supérieure d'informatique et de mathématiques appliquées de l'Institut polytechnique de Grenoble,14
M1102,RNCP39424,Manager mode et luxe,3
H1206,RNCP37025,Sciences de la transition écologique et sociétale (fiche nationale),14
H1206,RNCP38957,"Ingénieur diplômé de l'Institut supérieur de l'aéronautique et de l'espace, spécialité génie industriel",14
H1206,RNCP40494,Ingénieur diplômé de l’Ecole nationale d’ingénieurs de Brest,14
M1801,RNCP38997,Réseaux et télécommunication (fiche nationale),9
M1801,RNCP41526,"Ingénieur diplômé de l’institut supérieur aquitain du bâtiment et des travaux publics de l'université de Pau, spécialité informatique",9
M1801,RNCP41282,"Ingénieur diplômé de l’École nationale supérieure d’informatique pour l’industrie et l’entreprise, spécialité informatique",9
H1402,RNCP42299,Sciences et ingénierie – Plasturgie et écologie industrielle,1
C1102,RNCP39619,Conseiller financier,1
H1206,RNCP38683,Ingénierie nucléaire (fiche nationale),14
H1206,RNCP38966,Biologie moléculaire et cellulaire (fiche nationale),14
H1206,RNCP39664,"Ingénieur diplômé du Conservatoire national des arts et métiers, spécialité Génie biologique",14
H1206,RNCP40778,"Ingénieur diplômé de l'école supérieure d'ingénieurs en innovation technologique (ESITech) de l'université de Rouen, spécialité génie physique et santé",14
H1206,RNCP42570,"Ingénieur diplômé du Conservatoire national des arts et métiers, spécialité Production et systèmes numériques ",14
M1803,RNCP40421,"Ingénieur diplômé de Télécom Nancy de l'université de Lorraine, spécialité cybersécurité",2
M1803,RNCP41282,"Ingénieur diplômé de l’École nationale supérieure d’informatique pour l’industrie et l’entreprise, spécialité informatique",2
H2502,RNCP37977,"Ingénieur diplômé de l'Institut national des sciences appliquées de Strasbourg, spécialité mécanique",2
H2502,RNCP39130,"Ingénieur diplômé du Conservatoire national des arts et métiers, spécialité Génie industriel",2
I1306,RNCP38726,Monteur en installations de génie climatique et sanitaire,1
M1707,RNCP36764,Programme grande école,3
M1703,RNCP36099,Sciences de la vigne et du vin (fiche nationale),7
M1703,RNCP42667,Manager mode et luxe,7
K2402,RNCP39185,"Biodiversité, écologie et évolution (fiche nationale)",3
K1601,RNCP38355,Intelligence économique (fiche nationale),1
M1102,RNCP36391,Manager des achats et la chaîne logistique - Supply chain (MS),3
M1801,RNCP36166,Analyste développeur d'applications informatiques,9
M1801,RNCP40234,Expert big data engineer (MS),9
M1803,RNCP42370,Management des systèmes d’information (fiche nationale),2
A1303,RNCP39803,"Ingénieur diplômé de l’Institut Agro Rennes-Angers de l’Institut national d’enseignement supérieur pour l’agriculture, l’alimentation et l’environnement (Institut Agro), spécialité paysage",1
A1303,RNCP40973,"ingénieur diplômé de l'Institut national des sciences appliquées de Lyon, spécialité génie énergétique et génie de l'environnement",1
M1207,RNCP41855,Diplôme supérieur de comptabilité et de gestion (DSCG),3
K1903,RNCP39262,Diplôme d'études supérieures de notariat,2
I1101,RNCP38086,"Ingénieur diplômé de l’école nationale d'ingénieurs de Saint-Étienne de l’école centrale de Lyon, spécialité génie civil",1
H1210,RNCP35405,Science et génie des matériaux : Métiers de la caractérisation et de l’expertise des matériaux et des produits ,1
H1210,RNCP38978,Physique (fiche nationale),1
M1809,RNCP40631,Météorologiste opérationnel - Option : météorologie marine et océanographie opérationnelle - Option : météorologie aéronautique,1
M1804,RNCP38140,Architecte réseaux et cybersécurité (MS),1
D1406,RNCP36890,Manager d'unité opérationnelle,5
M1204,RNCP41331,Expert en audit et contrôle,3
D1106,RNCP37844,CQP Préparateur-vendeur en produits de la mer,1
H2502,RNCP35350,"Qualité, Logistique Industrielle et Organisation : Management de la production",2
H2502,RNCP38538,"Ingénieur diplômé de l'École européenne de chimie, polymères et matériaux de Strasbourg de l'Université de Strasbourg, spécialité écologie industrielle des matériaux polymères",2
H1101,RNCP38980,Sciences pour l'ingénieur (fiche nationale),1
H1208,RNCP37944,"Ingénieur diplômé de l’Ecole Supérieure d’Ingénieurs de Recherche en Matériaux de l’Université Bourgogne Europe (ESIREM), spécialité Robotique",3
H1208,RNCP41168,"Ingénieur diplômé de l'Ecole polytechnique universitaire de l'Université Paris-Saclay, spécialité Electronique ",3
H1402,RNCP40046,Intelligence Artificielle appliquée aux enjeux sociétaux,1
M1803,RNCP35711,"Ingénieur diplômé de l’école polytechnique Universitaire de Savoie de l'Université de Chambéry, Spécialité Systèmes Numériques - Instrumentation",2
M1803,RNCP40166,Expert en développement et déploiement de solutions numériques sécurisées,2
H2502,RNCP38376,"Ingénieur diplômé de l'Ecole nationale supérieure des ingénieurs en arts chimiques et technologiques de l'Institut national polytechnique de Toulouse, spécialité matériaux",2
M1707,RNCP36352,Diplôme - Programme Grande Ecole (ESSCA),3
M1707,RNCP42183,Directeur de projets (MS),3
K2111,RNCP42093,Responsable traduction et exploitation en langues étrangères,3
M1801,RNCP42022,"ingénieur diplômé de l’Ecole polytechnique universitaire de Savoie de l’université de Chambéry, spécialité  informatique",9
M1403,RNCP39072,Quantitative Economics ,1
M1403,RNCP39198,Mode (fiche nationale),1
M1403,RNCP41266,Ingénieur diplômé de l'École Nationale de la Statistique et de l'Administration Économique ,1
M1703,RNCP38492,Manager de l’innovation dans les agro-activités et bio-industries (MS),7
A1303,RNCP42229,"Ingénieur diplômé de l'Ecole nationale supérieure Mines-Télécom Atlantique Bretagne Pays de la Loire de l'Institut Mines-Télécom, spécialité écologie industrielle",1
M1503,RNCP40110,Métiers de la GRH : assistant (fiche nationale),1
M1703,RNCP41641,Manager expert de la filière équine (MS),7
H2502,RNCP38378,"Ingénieur diplômé de l'Ecole nationale supérieure des ingénieurs en arts chimiques et technologiques de l'Institut national polytechnique de Toulouse, spécialité génie chimique",2
H2502,RNCP39003,Traitement du signal et des images (fiche nationale),2
H2502,RNCP39725,Expert en énergies renouvelables (MS),2
H2502,RNCP41207,"Ingénieur diplômé de l'École supérieure de Chimie, Physique, Electronique de Lyon, spécialité Biotechnologies et génie des procédés biologiques",2
H2502,RNCP42230,"Ingénieur diplômé de l'Institut national des sciences appliquées de Lyon, spécialité génie industriel",2
K2108,RNCP39009,Économie appliquée (fiche nationale),1
H1206,RNCP39058,"Ingénieur diplômé du Conservatoire national des arts et métiers, spécialité Matériaux",14
H1206,RNCP39148,Ingénieur diplômé de l’École nationale supérieure en systèmes avancés et réseaux de l’Institut polytechnique de Grenoble ,14
H1206,RNCP41264,Ingénieur diplômé de l'Ecole polytechnique,14
H1206,RNCP41271,"Ingénieur diplômé de l’École d’ingénieurs SIGMA Clermont de l’Institut National Polytechnique Clermont Auvergne, spécialité mécanique",14
H1402,RNCP40771,"Ingénieur diplômé de l'École nationale supérieure de physique, électronique et matériaux de l’Institut polytechnique de Grenoble, spécialité Microélectronique et Télécommunications",1
H1402,RNCP40820,"Ingénieur diplômé de l'Institut national des sciences appliquées Hauts-de- France, spécialité Mécanique et Energétique ",1
H1402,RNCP40826,"Ingénieur diplômé d'ECAM LaSalle, spécialité mécanique et génie électrique",1
H1402,RNCP40965,Ingénieur diplômé de l'école supérieure de fonderie et de forge,1
H1402,RNCP42305,Ingénieur diplômé de l'école nationale supérieure de techniques avancées (Institut polytechnique de Paris),1
H1402,RNCP42444,"Ingénieur diplômé du Conservatoire national des arts et métiers, spécialité Agro-industries et systèmes numériques",1
H1402,RNCP42737,Ingénieur diplômé de l’École nationale supérieure de mécanique et des microtechniques spécialité Mécanique,1
M1802,RNCP41611,Réseaux & télécommunications : Cybersécurité,13
M1802,RNCP42185,Expert en infrastructures et solutions blockchain,13
H2502,RNCP40020,"Ingénieur diplômé de l’école polytechnique universitaire de l’université de Tours, spécialité mécanique et génie mécanique",2
H2502,RNCP40436,Sciences et ingénierie - Ingénierie responsable et transformations digitales,2
H2502,RNCP42555,"Ingénieur diplômé de l'école polytechnique universitaire de l'Université d'Orléans, spécialité Matériaux et mécatronique",2
M1810,RNCP42503,Spécialiste en cybersécurité,10
M1703,RNCP39465,Programme Grande École de l'EM Strasbourg,7
M1707,RNCP39568,Diplôme d’études supérieures en management (Programme Grande École),3
M1702,RNCP42403,Mode et matière,6
M1801,RNCP42548,"Ingénieur diplômé de l'école nationale supérieure des mines d'Alès de l'Institut Mines-Télécom, spécialité informatique et réseaux",9
M1403,RNCP42304,Sciences et Ingénierie - Intelligence artificielle,1
K1601,RNCP42216,Etudes culturelles (fiche nationale),1
M1703,RNCP37716,Programme Grande Ecole,7
M1703,RNCP39424,Manager mode et luxe,7
M1703,RNCP39440,Diplôme d'études supérieures en management des industries créatives,7
F1104,RNCP39520,BIM modeleur du bâtiment,1
M1401,RNCP41617,"Science des données : Visualisation, conception d'outils décisionnels",1
M1703,RNCP37814,Manager marketing et développement de solutions innovantes pour les industries et technologies de santé (MS),7
M1704,RNCP38133,Manager marketing et communication (MS),2
M1704,RNCP41042,Diplôme supérieur en commerce et marketing opérationnel,2
D1402,RNCP38441,Manager de centre de profit ,1
M1502,RNCP37177,Chargé des Ressources Humaines,3
M1207,RNCP41197,Diplôme en Finance ,3
H1210,RNCP39084,Technicien supérieur physicien chimiste,1
M1502,RNCP38768,Chargé de gestion et de développement des ressources humaines,3
D1406,RNCP38754,Diplôme en management général et international,5
D1106,RNCP37566,Employé traiteur,1
M1501,RNCP40303,"Métiers de la GRH : formation, compétences et emploi (fiche nationale)",4
K1501,RNCP40803,Activités juridiques : métiers du droit des transports (fiche nationale),1
H1206,RNCP39416,Mathématiques et applications (fiche nationale),14
H1206,RNCP39897," Ingénieur diplômé de l’institut national des sciences appliquées de Rouen, spécialité génie industriel",14
H1206,RNCP40884,Expert en numérisation des systèmes et processus de production,14
L1505,RNCP40073,Reporter d'images,3
H1402,RNCP37882,"Ingénieur diplômé de l’Ecole Supérieure d’Ingénieurs de Recherche en Matériaux de l’Université Bourgogne Europe (ESIREM), spécialité Matériaux",1
H1402,RNCP38321,"Ingénieur diplômé de l'Institut Supérieur de l'Electronique et du Numérique, spécialité électronique et informatique industrielle",1
H1402,RNCP40763,"Ingénieur spécialisé en Procédés et polymères, diplômé de l'Ecole nationale supérieure du pétrole et des moteurs",1
M1403,RNCP41616,Science des données : Exploration et modélisation statistique,1
M1801,RNCP35458,Réseaux & Télécommunications : Pilotage de projets de réseaux,9
M1801,RNCP40658,Architecte des systèmes d'information dans les processus industriels,9
D1406,RNCP40172,Chargé de développement commercial,5
M1801,RNCP37603,"Ingénieur diplômé de l’école nationale supérieure d'électronique, informatique, télécommunications, mathématique et mécanique de Bordeaux de l’institut polytechnique de Bordeaux, spécialité télécommunications",9
H1210,RNCP35407,Génie Électrique et Informatique Industrielle : Électricité et Maîtrise de l'Énergie,1
M1101,RNCP36964,Assistant import-export,1
M1204,RNCP40252,Manager financier et contrôleur de gestion,3
H2502,RNCP37591,"Ingénieur diplômé de l’université des Antilles, spécialité Energétique",2
H2502,RNCP39552,"Ingénieur diplômé du Conservatoire national des arts et métiers, spécialité Systèmes électroniques",2
H2502,RNCP41162,"Ingénieur diplômé de l'école nationale supérieure de techniques avancées (Institut polytechnique de Paris), spécialité systèmes embarqués",2
H1402,RNCP42729,"Ingénieur diplômé de l'école nationale supérieure de chimie, de biologie et de physique de l'institut polytechnique de Bordeaux, spécialité matériaux",1
M1803,RNCP39580,Architecte des systèmes d'information dans les processus industriels (MS),2
H2502,RNCP39331,"Titre ingénieur - Titre ingénieur - Ingénieur diplômé de l'École polytechnique universitaire de Sorbonne Université, spécialité Matériaux",2
M1204,RNCP42672,Diplôme Programme grande école,3
A1303,RNCP40348,Expert en accompagnement à la transition par la bioinspiration et le design (MS),1
F1104,RNCP39408,Coordinateur BIM du bâtiment,1
M1704,RNCP41564,Gestion des entreprises et des administrations : Gestion entrepreneuriat et management d’activités,2
K1903,RNCP35493,Carrières Juridiques : Entreprise et Association,2
K1903,RNCP38164,Droit des assurances (fiche nationale),2
M1707,RNCP36555,Diplôme d'études supérieures en management,3
M1707,RNCP39151,Diplôme pour dirigeant en administration des affaires,3
M1707,RNCP41962,Responsable de la performance et du management commercial,3
C1401,RNCP41563,"Gestion des entreprises et des administrations : Gestion comptable, fiscale et financière",2
M1101,RNCP39844,Manager de la performance achat,1
D1106,RNCP38853,Commercialisation des vins,1
M1501,RNCP41797,Chargé des ressources humaines,4
H1206,RNCP40202,Ingénieur diplômé de l’École Centrale de Nantes spécialité Systèmes Embarqués,14
H1206,RNCP40931,"Ingénieur diplômé de l’Institut Polytechnique UniLaSalle, spécialité Agroalimentation et Santé",14
H1206,RNCP42753,"Ingénieur diplômé de l’Ecole supérieure d’ingénieurs en agroalimentaire de Bretagne Atlantique de Bretagne INP, spécialité microbiologie et sécurité sanitaire",14
H2502,RNCP39168,"Ingénieur diplômé de l’École nationale supérieure d'arts et métiers, spécialité génie industriel et production",2
H2502,RNCP39299,Ingénieur diplômé de l'Institut Catholique d'Arts et Métiers,2
H2502,RNCP40945,"Ingénieur diplômé de l'Université de Technologie de Compiègne (UTC), spécialité Génie des Procédés",2
M1502,RNCP39422,Diplome en gestion et marketing ,3
I1310,RNCP38894,Responsable exploitation et maintenance sur navire de 3.000 kW,1
M1707,RNCP42254,"Diplôme supérieur en marketing, vente et gestion",3
H2903,RNCP38668,Fraiseur d'outillages en usinage conventionnel et numérique,1
M1403,RNCP37912,Analyste opérationnel de renseignement,1
K2402,RNCP40525,Doctorat (Fiche nationale),3
M1204,RNCP37650,Contrôleur de gestion,3
F1104,RNCP39558,Concepteur en modélisation des informations du bâtiment (« building information modeling ») en sciences et techniques pour l’architecture,1
M1401,RNCP38183,Science politique (fiche nationale),1
M1503,RNCP42364,Management (fiche nationale),1
M1203,RNCP40107,Métiers de la gestion et de la comptabilité : comptabilité et paie (fiche nationale),4
I1101,RNCP35483,Génie Civil - Construction Durable : Travaux Publics,1
H1210,RNCP40336,"Industries agroalimentaires : gestion, production et valorisation (fiche nationale)",1
L1505,RNCP40327,Diplôme d'études supérieures en techniques de l'image et du son,3
M1807,RNCP36184,Analyste en acoustique et vibration,3
M1702,RNCP40641,Manager de l'innovation (MS),6
M1204,RNCP42356,Comptabilité - contrôle - audit (fiche nationale),3
H2502,RNCP37993,Expert en digitalisation et exploitation du bâtiment ,2
H2502,RNCP40769,"Ingénieur spécialisé en Développement et exploitation des gisements, diplômé de l'Ecole nationale supérieure du pétrole et des moteurs ",2
H1402,RNCP41215,"Ingénieur diplômé de l’Institut Supérieur d’Ingénieurs de Franche-Comté (ISIFC), Spécialité Génie Biomédical",1
H2502,RNCP41260,"Ingénieur diplômé de l’école nationale supérieure en génie des technologies industrielles de l’université de Pau, spécialité énergétique",2
I1310,RNCP42746,"Maintenance des systèmes » (option A : systèmes de production, option B : systèmes énergétiques et fluidiques, option C : systèmes éoliens, option D : systèmes ascenseurs et élévateurs)",1
M1707,RNCP41056,Diplôme d'Etudes Spécialisées en Management International (DESMI),3
M1707,RNCP41107,Responsable marketing et communication,3
M1707,RNCP42180,Manager du transport de la logistique et du commerce international durables,3
M1703,RNCP42627,Chef de projet digital,7
M1403,RNCP39043,Economie politique et institutions (fiche nationale),1
K2402,RNCP35973,Sciences et techniques des activités physiques et sportives : ergonomie du sport et performance motrice (fiche nationale),3
M1803,RNCP39903,"Ingénieur diplômé de l'Ecole d'ingénieur Denis-Diderot de l'Université Paris Cité, spécialité Systèmes Informatiques Embarqués",2
M1707,RNCP41037,Diplôme Supérieur en Stratégie et Gestion des Entreprises,3
M1202,RNCP39189,Diplôme d’études supérieures en management international,1
M1703,RNCP41044,Programme grande école,7
D1406,RNCP42369,Management et commerce international (fiche nationale),5
K2402,RNCP40020,"Ingénieur diplômé de l’école polytechnique universitaire de l’université de Tours, spécialité mécanique et génie mécanique",3
M1501,RNCP41549,Carrières juridiques : Entreprise et association,4
H2502,RNCP40959,"Ingénieur spécialisé en Intégration d'innovations pour l'industrie, diplôme de l'Ecole nationale supérieure des mines de Saint-Etienne de l'Institut Mines-Télécom",2
H1101,RNCP40537,"Ingénieur diplômé d’ECAM LaSalle, spécialité énergétique",1
M1605,RNCP40290,Management et gestion des organisations (fiche nationale),1
H1402,RNCP37959,"Ingénieur diplômé de l'Ecole nationale supérieure d’agronomie et des industries alimentaires de l'Université de Lorraine, spécialité Industries alimentaires",1
H1402,RNCP42393,"Ingénieur diplômé de l'école nationale supérieure d’électronique, informatique, télécommunications, mathématique et mécanique de Bordeaux de l’institut polytechnique de Bordeaux, spécialité systèmes électroniques embarqués",1
H1402,RNCP42728,"Ingénieur diplômé de l'école nationale supérieure de chimie, de biologie et de physique de l'institut polytechnique de Bordeaux, spécialité agroalimentaire et génie industriel",1
H2502,RNCP38453,CQP Animateur d'équipe (CQPI),2
H2502,RNCP38954,Ingénieur diplômé de l'École Nationale Supérieure d'Électricité et de Mécanique de Nancy de l'Université de Lorraine,2
H2502,RNCP41209,Ingénieur diplômé de l’École d’ingénieurs des sciences aérospatiales,2
H2502,RNCP42460,"Ingénieur diplômé de l'institut national des sciences appliquées de Rouen, spécialité informatique industrielle",2
M1403,RNCP41213,Ingénieur diplômé de CY Tech de CY Cergy Paris Université Spécialité mathématiques appliquées,1
M1704,RNCP40646,Manager de projets en stratégies digitales et data marketing (MS),2
M1203,RNCP40252,Manager financier et contrôleur de gestion,4
M1203,RNCP38506,Assistant de comptabilité et d'administration en PME/TPE,4
K1903,RNCP39776,CQP Clerc assistant,2
K1903,RNCP42640,Avocat (certificat d’aptitude à la profession d’avocat – CAPA),2
I1101,RNCP42271,"Ingénieur diplômé de l’école nationale d'ingénieurs de Saint-Étienne de l’école centrale de Lyon, spécialité génie civil",1
M1804,RNCP40123,Métiers des réseaux informatiques et télécommunications (fiche nationale),1
M1605,RNCP35387,Gestion administrative et commerciale des organisations : Management des fonctions supports,1
I1310,RNCP35467,Génie Mécanique et Productique : Conception et production durables,1
H2903,RNCP36236,Tourneur en réalisation de pièces mécaniques,1
M1403,RNCP41954,Pharmacologie (fiche nationale),1
K1601,RNCP39460,Traitement automatique des langues (fiche nationale),1
K2402,RNCP38699,STAPS : ingénierie et ergonomie de l'activité physique (fiche nationale),3
K2402,RNCP39489,Sciences du numérique et sport (fiche nationale),3
K2402,RNCP41028,"Ingénieur diplômé de l'institut national des sciences appliquées de Toulouse, spécialité génie biologique",3
M1503,RNCP37151,Directeur des établissements de santé,1
M1203,RNCP38519,Responsable paie et audit social ,4
H1210,RNCP41987,"Technicien de laboratoire en chimie, biochimie, biologie ",1
M1804,RNCP37586,"Ingénieur diplômé de l'Ecole nationale supérieure d'électronique, informatique, télécommunications, mathématique et mécanique de Bordeaux de l'Institut polytechnique de Bordeaux, spécialité Informatique",1
M1804,RNCP42619,Expert en ingénierie de solutions logicielles,1
D1403,RNCP36865,Vendeur conseil omnicanal,2
I1401,RNCP41844,Services numériques aux organisations,1
L1505,RNCP41244,Diplôme d’études supérieures en film d’animation (Desfa),3
L1505,RNCP41661,Monteur audiovisuel et cinéma,3
H1402,RNCP37902,"Ingénieur diplômé de l'Université de technologie de Troyes, spécialité Génie mécanique",1
H1402,RNCP42451,"Ingénieur diplômé de l’École nationale supérieure d'arts et métiers, spécialité mécanique et robotique",1
H2502,RNCP35783,"Ingénieur de l'école nationale supérieure des sciences appliquées et de technologie, spécialité Systèmes Numériques",2
H2502,RNCP39599,Responsable de projet qualité sécurité environnement et développement durable,2
H2502,RNCP41609,"Qualité, logistique industrielle et organisation : Organisation et supply chain",2
H2502,RNCP41772,Expert en transformation digitale et optimisation des systèmes industriels (MSc CGE),2
M1503,RNCP42074,Manager des ressources humaines,1
M1503,RNCP42367,Management des PME-PMI (fiche nationale),1
I1605,RNCP39815,Certificat de mécanicien de quart machine ,1
M1703,RNCP41711,Manager expert du développement et de la production de produits de mode ,7
C1206,RNCP41488,CQP Chargé d'affaires entreprises,1
K2402,RNCP42234,"Ingénieur diplômé de l’Ecole Polytechnique Universitaire de l’Université Lyon-I, spécialité mathématiques appliquées ",3
H1208,RNCP37925,"Ingénieur diplômé de l’école polytechnique de l'université de Lorraine, spécialité systèmes et technologies de l’information",3
H1402,RNCP42380,"Ingénieur diplômé de l’école polytechnique universitaire de l’institut national polytechnique Clermont Auvergne, spécialité génie industriel",1
H1402,RNCP42534,"Ingénieur diplômé du Conservatoire national des arts et métiers, spécialité Mécanique",1
M1803,RNCP38105,"Ingénieur systèmes, réseaux et cybersécurité",2
M1803,RNCP40168,Directeur de projets informatiques,2
K2202,RNCP42081,Laveur de citernes alimentaires,1
I1302,RNCP40739,Sciences et ingénierie – Ingénierie du numérique,1
M1707,RNCP39382,Manager des organisations à l'international,3
M1707,RNCP41981,Chef de projets marketing digital,3
K2111,RNCP41554,Carrières sociales : Éducation spécialisée,3
M1403,RNCP40791,"Systèmes d’information, Réseaux et Numérique",1
M1803,RNCP37903,"Ingénieur diplômé de l’école supérieure de Chimie Physique Electronique de Lyon (CPE Lyon), spécialité informatique et cybersécurité",2
M1803,RNCP39490,Méthodes informatiques appliquées à la gestion des entreprises - MIAGE (fiche nationale),2
D1406,RNCP41010,Management global et coopérations interculturelles,5
H1210,RNCP40539,"Chimie analytique, contrôle, qualité, environnement (fiche nationale)",1
H1210,RNCP41595,Mesures physiques : Techniques d'instrumentation,1
M1707,RNCP35388,Gestion administrative et commerciale des organisations : Management commercial et marketing omnicanal,3
H1208,RNCP38477,Expert en numérisation industrielle,3
H1208,RNCP38710,Sciences et Ingénierie - Maintenance des Systèmes Intelligents et Connectés ,3
K2402,RNCP39905,"Ingénieur diplômé de l'Ecole d'ingénieurs Denis-Diderot de l'Université Paris Cité, spécialité Matériaux et Nanotechnologies",3
M1803,RNCP38599,Manager de programmes et projets SI,2
K2402,RNCP40694,Ingénieur diplômé de l’École nationale de la statistique et de l'analyse de l'information du Groupe des écoles nationales d'économie et statistique,3
K1601,RNCP39464,Sciences des religions et sociétés (fiche nationale),1
K2402,RNCP36178,"Ingénieur diplômé de l'École nationale supérieure d’électronique, informatique, télécommunications, mathématique et mécanique de Bordeaux de l’Institut polytechnique de Bordeaux, spécialité mathématiques appliquées et mécanique",3
M1204,RNCP39570,Coordinateur de projets de développement international et sociétal,3
M1803,RNCP36399,Expert en sécurité digitale,2
M1704,RNCP41009,Diplôme d'Etudes Supérieures en Commerce et Management Opérationnel,2
I1101,RNCP41917,"Ingénieur diplômé de l’ENSIL-ENSCI de l'Université de Limoges, Spécialité Génie Civil ",1
H1210,RNCP39687,Métiers de la vigne et du vin (fiche nationale),1
H1210,RNCP41558,Chimie : Matériaux et produits formulés,1
M1804,RNCP41285,Sciences et Ingénierie - Sécurité des Systèmes Numériques,1
K2202,RNCP40309,Propreté et prévention des biocontaminations,1
M1403,RNCP42443,"Ingénieur diplômé du Conservatoire national des arts et métiers, spécialité Science de la donnée et intelligence artificielle",1
K2402,RNCP37933,"Ingénieur diplômé de l'Ecole polytechnique universitaire de l'Université d'Aix-Marseille, spécialité Génie Biologique",3
M1204,RNCP39763,Manager de la performance financière,3
M1204,RNCP42261,Diplôme d'études supérieures en développement international et entrepreneuriat,3
M1503,RNCP40107,Métiers de la gestion et de la comptabilité : comptabilité et paie (fiche nationale),1
H1210,RNCP38059,Ingénieur diplômé de l'École supérieure de biotechnologie de Strasbourg de l'Université de Strasbourg,1
M1101,RNCP41707,Manager des achats et de la supply chain ,1
K1501,RNCP41548,Carrières juridiques : Administration et justice,1
H2502,RNCP39329,"Ingénieur diplômé de l'Université de Technologie de Belfort - Montbéliard, spécialité : Énergie et Génie Électrique",2
H1402,RNCP39277,"Titre ingénieur - Titre ingénieur – ingénieur diplômé de l’École Polytechnique Universitaire de Sorbonne Université, spécialité Électronique-Informatique",1
H2502,RNCP42249,"Ingénieur diplômé de l’école polytechnique universitaire de l’institut national polytechnique Clermont Auvergne, spécialité génie biologique ",2
H2502,RNCP42287,Ingénieur diplômé de Télécom Saint-Étienne de l'Université Jean Monnet,2
H2502,RNCP42693,"Ingénieur diplômé de l'Ecole nationale supérieure de mécanique et d'aérotechnique, spécialité Génie industriel pour l'aéronautique et l'espace",2
M1403,RNCP39300,"Ingénieur de l'Ecole nationale supérieure des sciences applicatives et du risque (ENSAR) , spécialité Science de la donnée",1
M1403,RNCP41147,"Ingénieur diplômé de l’institut national des sciences appliquées de Rouen, spécialité Mathématiques appliquées",1
M1403,RNCP41629,"Territoires, espaces, sociétés (fiche nationale)",1
D1402,RNCP40607,Business developer en hautes technologies,1
M1707,RNCP39442,Diplôme en management,3
M1202,RNCP41034,Diplôme d’études spécialisées en management international (DESMI),1
H1402,RNCP39097,Architecte des systèmes d'information (type PLM) dans les processus industriels,1
M1803,RNCP42164,Architecte des systèmes d'information (MS),2
H2502,RNCP38215,"Ingénieur diplômé de l'école d'ingénieurs en sciences industrielles et numérique de l'université de Reims, spécialité automatique et génie électrique",2
H2502,RNCP41567,Génie biologique : Science de l'aliment et biotechnologie,2
K1601,RNCP39459,Archives (fiche nationale),1
M1803,RNCP35908, Management des systèmes d’information (fiche nationale),2
M1704,RNCP36682,Programme Grande Ecole ,2
M1704,RNCP42090,Diplôme en gestion et développement des entreprises,2
H1210,RNCP38977,Mécanique (fiche nationale),1
H1210,RNCP42479,Projeteur en ingénierie d'installation générale industrielle,1
M1702,RNCP36015,Manager en marketing du luxe,6
H1208,RNCP42591,"Ingénieur diplômé de l’université de Toulouse, spécialité Robotique",3
H1402,RNCP41209,Ingénieur diplômé de l’École d’ingénieurs des sciences aérospatiales,1
C1102,RNCP38359,Assurance,1
I1306,RNCP41604,Métiers de la transition et de l'efficacité énergétiques : Management de l’énergie pour le bâtiment et l’industrie,1
I1310,RNCP39873,CQP Technicien de maintenance et d’installation de pompe à chaleur et de climatiseur ,1
M1401,RNCP42727,Sciences cognitives (fiche nationale),1
K2112,RNCP41713,Coach professionnel,1
H1210,RNCP40544,Sciences et Ingénierie- Biotechnologies,1
M1202,RNCP35375,"Gestion des entreprises et des administrations : gestion comptable, fiscale et financière",1
M1804,RNCP40939,"Ingénieur diplômé de l'Ecole Nationale Supérieure d'Electrotechnique, d'Electronique, d'Informatique, d'Hydraulique et des Télécommunications, de l'Institut National Polytechnique de Toulouse- Spécialité Informatique et Télécommunications",1
H1402,RNCP41386,Créateur industriel,1
I1302,RNCP41534,Technicien supérieur de maintenance d'éoliennes,1
M1403,RNCP36380,Manager du développement international mode et luxe,1
K1601,RNCP40729,"Diplôme en sciences des données, société et organisations",1
K2402,RNCP40105,Biomécanique (fiche nationale),3
A1303,RNCP38672,Sciences du vivant (fiche nationale),1
M1503,RNCP35912,Gestion des ressources humaines (fiche nationale),1
M1503,RNCP39777,Manager des ressources humaines,1
M1704,RNCP36393,Technico-commercial de l'Industrie et des Services Nautiques ,2
M1704,RNCP36864,Manager de la stratégie et de la transformation digitale (MS),2
D1402,RNCP39545,"Diplôme supérieur en marketing, commerce et gestion",1
K2402,RNCP42704,"Ingénieur diplômé de l'institut national des sciences appliquées de Toulouse, spécialité génie physique",3
H1402,RNCP42293,"Ingénieur diplômé de l’école polytechnique universitaire de l’institut national polytechnique Clermont Auvergne, spécialité génie physique",1
I1302,RNCP38948,Analyste programmeur en automatisme et informatique industrielle,1
A1303,RNCP39026,"Métiers de la formation et du conseil pour les transitions agricoles, environnementales et sociales (fiche nationale)",1
M1503,RNCP36543,Programme Grande Ecole,1
D1402,RNCP41047,Diplôme de manager international,1
H1210,RNCP35481,Mesures Physiques : Mesures et Analyses Environnementales,1
K2108,RNCP37393,"Ingénieur de l'école nationale supérieure d'ingénieurs du Mans de l'université du Mans, spécialité acoustique et instrumentation",1
I1401,RNCP36164,Technicien veilleur de cybersécurité,1
H1402,RNCP40754,Ingénieur diplômé de l'Ecole Supérieure des Technologies Industrielles Avancées (ESTIA),1
M1803,RNCP36909,Manager du numérique et du système d’information,2
M1403,RNCP38868,Economie et gestion de la santé (fiche nationale),1
H2502,RNCP37702,Ingénieur diplômé de l'école nationale supérieure d'ingénieurs de Bretagne-Sud de l'Université de Bretagne -Sud spécialité génie énergétique et génie électrique,2
H2502,RNCP40818,"Ingénieur diplômé de l'Institut national des sciences appliquées Hauts-de-France, spécialité Génie Industriel ",2
H2502,RNCP41268,"Ingénieur diplômé de l’ENSIL-ENSCI de l'Université de Limoges, Spécialité Céramique Industrielle",2
H2502,RNCP37581,"Ingénieur diplômé de l’École polytechnique universitaire de l'université d’Aix-Marseille, spécialité ""microélectronique et télécommunications""",2
H2502,RNCP39142,Ingénieur diplômé de l’École nationale supérieure de chimie de Mulhouse de l'université de Mulhouse,2
J1411,RNCP39350,CQP Opérateur en orthoprothèse,1
I1302,RNCP39635,Technicien intégrateur des infrastructures et équipements connectés ,1
H1210,RNCP41427,CQP Chargé d'études de conception,1
M1101,RNCP40541,Ingénieur diplômé de l'Ecole Nationale Supérieure des Arts et Industries textiles,1
H1402,RNCP38269,Responsable de production et de projets industriels,1
I1306,RNCP40060,Installations frigorifiques et de conditionnement d'air (fiche nationale),1
H2903,RNCP41097,CQP Technicien en rectification industrielle,1
M1403,RNCP39879,Manager des institutions et des affaires publiques,1
M1403,RNCP41386,Créateur industriel,1
M1403,RNCP41411,Manager en business intelligence,1
M1503,RNCP37177,Chargé des Ressources Humaines,1
H1210,RNCP41600,Génie biologique : Diététique et nutrition,1
M1202,RNCP35918,Contrôle de gestion et audit organisationnel  (fiche nationale),1
M1804,RNCP36094,Ingénieur diplômé de l'Institut National des Sciences Appliquées de Rennes- Spécialité Électronique,1
D1106,RNCP39257,Vendeur en boulangerie-pâtisserie (CTM) ,1
H2502,RNCP39914,"Ingénieur diplômé de l’Institut Agro Rennes-Angers de l’Institut national d’enseignement supérieur pour l’agriculture, l’alimentation et l’environnement (Institut Agro), spécialité agroalimentaire",2
M1605,RNCP40318,Technicien des médias interactifs et communicants (fiche nationale),1
C1106,RNCP36012,Manager de l'assurance,1
H1402,RNCP39439,Management et nouvelles technologies,1
H1402,RNCP40020,"Ingénieur diplômé de l’école polytechnique universitaire de l’université de Tours, spécialité mécanique et génie mécanique",1
H1402,RNCP42716,"Ingénieur diplômé de l'Ecole nationale supérieure des Mines de Saint-Etienne de l'institut Mines-Telecom, spécialité Systèmes électroniques embarqués",1
H1402,RNCP42736,Ingénieur diplômé de l’École nationale supérieure de mécanique et des microtechniques spécialité Microtechniques,1
H2502,RNCP41273,Ingénieur diplômé de l’Institut supérieur de mécanique de Paris,2
I1306,RNCP42276,"Métiers de l'énergétique, de l'environnement et du génie climatique (fiche nationale)",1
M1204,RNCP41231,Diplôme Supérieur en Finance Internationale,3
M1803,RNCP39766,Chef de projets systèmes embarqués,2
M1803,RNCP39781,Expert réseaux infrastructures et sécurité,2
A1303,RNCP38328,"Ingénieur diplômé de l’Institut national d’enseignement supérieur et de recherche en alimentation, santé animale, sciences agronomiques et de l’environnement",1
M1503,RNCP39242,Manager des ressources humaines internationales,1
M1503,RNCP41417,Manager général de club sportif professionnel (DU),1
D1506,RNCP37695,Manager international mode et luxe,1
K1903,RNCP40719,Activités juridiques : contentieux et recouvrement (fiche nationale),2
K1601,RNCP40732,Mondes médiévaux (fiche nationale),1
I1605,RNCP37670,Maintenance nautique ,1
D1402,RNCP41621,Techniques de commercialisation : Business développement et management de la relation client,1
H1210,RNCP38980,Sciences pour l'ingénieur (fiche nationale),1
H1210,RNCP39544,Sciences et Ingénierie - Biotechnologie,1
M1202,RNCP42682,Diplôme d'études supérieures spécialisées en management par l'innovation,1
D1106,RNCP38737,Sciences et ingénierie - Agro-industries,1
H2605,RNCP37489,"Cybersécurité, Informatique et réseaux, Electronique",1
H1402,RNCP42235,"Ingénieur diplômé de l’Ecole Polytechnique Universitaire de l’Université Lyon-I, spécialité mécanique",1
F1101,RNCP39413,Diplôme de spécialisation et d'approfondissement en architecture (DSA) - mention Architecture et Patrimoine ,1
M1804,RNCP41155,"Ingénieur diplômé de Télécom SudParis de l'Institut Mines-Télécom, spécialité informatique et réseaux (Institut Polytechnique de Paris)",1
M1804,RNCP42285,"Ingénieur de l'école nationale supérieure des sciences appliquées et de technologie, spécialité informatique",1
H1402,RNCP41174,"Ingénieur de l'institut des sciences et techniques des Yvelines de l'université de Versailles-Saint-Quentin-en-Yvelines, spécialité systèmes électroniques embarqués",1
M1403,RNCP42161,Coordinateur de programme humanitaire,1
A1303,RNCP42218,Eco-épidémiologie (fiche nationale),1
D1402,RNCP38755,Diplôme supérieur en développement digital et commercial ,1
D1402,RNCP40240,Manager du développement commercial,1
H1210,RNCP37850,Créateur - Manager en parfumerie et cosmétique,1
H1210,RNCP39470,Océanographe-prospecteur,1
M1202,RNCP39160,Programme Grande Ecole,1
M1202,RNCP39438,Finance,1
M1101,RNCP35491,Carrières Juridiques : Administration et Justice,1
H2906,RNCP41829,Sciences et ingénierie - Génie Industriel et mécatronique,1
M1403,RNCP39018,Economie et gestion (fiche nationale),1
F1104,RNCP36018,Dessinateur concepteur BIM bâtiment et architecture,1
F1104,RNCP41606,Métiers de la transition et de l'efficacité énergétiques : Réalisation des installations énergétiques pour le bâtiment et l’industrie,1
D1402,RNCP39859,Photographe entrepreneur,1
C1206,RNCP40255,Conseiller bancassurance du secteur agricole,1
H1402,RNCP39130,"Ingénieur diplômé du Conservatoire national des arts et métiers, spécialité Génie industriel",1
H1402,RNCP40417,"Ingénieur diplômé de l'Ecole Nationale Supérieure des Mines de Saint-Etienne de l'institut Mines-Telecom, spécialité Génie Industriel",1
H1402,RNCP40941,"Ingénieur diplômé de l'Université de Technologie de Compiègne, spécialité Génie Biologique",1
H1402,RNCP42753,"Ingénieur diplômé de l’Ecole supérieure d’ingénieurs en agroalimentaire de Bretagne Atlantique de Bretagne INP, spécialité microbiologie et sécurité sanitaire",1
H2906,RNCP37217,Impression 3D : opérateur de fabrication additive,1
M1403,RNCP39489,Sciences du numérique et sport (fiche nationale),1
I1605,RNCP40093,Electromécanicien marine,1
M1202,RNCP40715,Diplôme supérieur de management international de l'entreprise,1
H1402,RNCP37976,"Ingénieur diplômé de l’Ecole Nationale Supérieure d’Ingénieurs Sud-Alsace de l'Université de Mulhouse, spécialité Génie Industriel",1
H1402,RNCP38097,"ingénieur diplômé de l'école polytechnique universitaire de Marseille de l'université d'Aix-Marseille, spécialité ""Génie industriel et informatique""",1
H1402,RNCP41915,"Ingénieur diplômé de l’École polytechnique universitaire de Montpellier, spécialité Électronique et informatique industrielle",1
K1601,RNCP42684,"Culture, patrimoine et médiation (fiche nationale)",1
