numero_fiche,intitule_certification,nombre_offres,codes_rome_distincts,methode_correspondance,niveau_confiance
RNCP40646,Manager de projets en stratégies digitales et data marketing (MS),15,3,correspondance_officielle_france_competences,officiel
RNCP41806,Directeur de collection,6,1,correspondance_officielle_france_competences,officiel
RNCP35390,Management de la logistique et des transports : Mobilité et supply chain connectées,251,1,correspondance_officielle_france_competences,officiel
RNCP36075,Administrateur systèmes et réseaux,309,5,correspondance_officielle_france_competences,officiel
RNCP36552,Diplôme d’études supérieures en Tech et Management (TEMA),251,1,correspondance_officielle_france_competences,officiel
RNCP36854,Expert en infrastructures de réseaux et en services associés (MS),284,5,correspondance_officielle_france_competences,officiel
RNCP37103,Technicien en géomatique,262,3,correspondance_officielle_france_competences,officiel
RNCP37603,"Ingénieur diplômé de l’école nationale supérieure d'électronique, informatique, télécommunications, mathématique et mécanique de Bordeaux de l’institut polytechnique de Bordeaux, spécialité télécommunications",301,5,correspondance_officielle_france_competences,officiel
RNCP37673,"Ingénieur diplômé de l'Université de technologie de Troyes, spécialité Systèmes Numériques",290,3,correspondance_officielle_france_competences,officiel
RNCP38087,"Ingénieur diplômé de l'université de technologie de Troyes,  spécialité Réseaux et Télécommunications",276,5,correspondance_officielle_france_competences,officiel
RNCP38140,Architecte réseaux et cybersécurité (MS),276,5,correspondance_officielle_france_competences,officiel
RNCP38457,Directeur de projet en infrastructures informatiques sécurisées,264,2,correspondance_officielle_france_competences,officiel
RNCP38837,Expert en systèmes d'information sécurisés (Cloud ou Big Data),302,5,correspondance_officielle_france_competences,officiel
RNCP39127,"Ingénieur diplômé du Conservatoire national des arts et métiers, spécialité Informatique et systèmes d'information",280,4,correspondance_officielle_france_competences,officiel
RNCP39765,Expert en Architecture et Développement Logiciel,277,2,correspondance_officielle_france_competences,officiel
RNCP39774,Expert en architecture informatique,264,2,correspondance_officielle_france_competences,officiel
RNCP40150,Manager de Projet Web Digital,251,1,correspondance_officielle_france_competences,officiel
RNCP40363,Expert en études et développement du système d'information,292,4,correspondance_officielle_france_competences,officiel
RNCP40640,Expert en cybersécurité (MS),273,3,correspondance_officielle_france_competences,officiel
RNCP40694,Ingénieur diplômé de l’École nationale de la statistique et de l'analyse de l'information du Groupe des écoles nationales d'économie et statistique,267,4,correspondance_officielle_france_competences,officiel
RNCP40744,Sciences et ingénierie - Cybersécurité ,309,5,correspondance_officielle_france_competences,officiel
RNCP41205,Ingénieur diplômé de CY Tech de CY Cergy Paris Université Spécialité Informatique,294,5,correspondance_officielle_france_competences,officiel
RNCP41418,Expert en ingénierie et sécurité des systèmes d'information,285,5,correspondance_officielle_france_competences,officiel
RNCP41526,"Ingénieur diplômé de l’institut supérieur aquitain du bâtiment et des travaux publics de l'université de Pau, spécialité informatique",298,5,correspondance_officielle_france_competences,officiel
RNCP41615,Réseaux & télécommunications : Réseaux opérateurs et multimédia,284,5,correspondance_officielle_france_competences,officiel
RNCP41616,Science des données : Exploration et modélisation statistique,288,5,correspondance_officielle_france_competences,officiel
RNCP41766,Product builder no code,284,3,correspondance_officielle_france_competences,officiel
RNCP41990,Chef de projets développement web,277,2,correspondance_officielle_france_competences,officiel
RNCP42231,"Ingénieur diplômé de l’École polytechnique universitaire de l'université Lyon-I, spécialité informatique",299,4,correspondance_officielle_france_competences,officiel
RNCP42260,Diplôme d’études supérieures en tech et management (TEMA),254,2,correspondance_officielle_france_competences,officiel
RNCP42335,"Expert de la sécurité des données, des réseaux et des systèmes",309,5,correspondance_officielle_france_competences,officiel
RNCP42758,Ingénieur diplômé de CY Tech de CY Cergy Paris Université Spécialité Informatique,294,5,correspondance_officielle_france_competences,officiel
RNCP37952,"Ingénieur diplômé de l'Ecole supérieure de chimie, physique, électronique de Lyon (CPE), spécialité génie physique et microélectronique",17,2,correspondance_officielle_france_competences,officiel
RNCP38563,Sciences de la mer (fiche nationale),4,2,correspondance_officielle_france_competences,officiel
RNCP38968,Biotechnologies (fiche nationale),17,2,correspondance_officielle_france_competences,officiel
RNCP39311,Santé publique (fiche nationale),3,1,correspondance_officielle_france_competences,officiel
RNCP39451,"Ingénieur diplômé de l'Ecole d'ingénieurs Denis-Diderot de l'Université Paris Cité, spécialité Bioinformatique",65,5,correspondance_officielle_france_competences,officiel
RNCP40192,Technologie marine (fiche nationale),17,2,correspondance_officielle_france_competences,officiel
RNCP40525,Doctorat (Fiche nationale),4,2,correspondance_officielle_france_competences,officiel
RNCP41206, Ingénieur diplômé de CY Tech de CY Cergy Paris Université Spécialité Biotechnologies et Chimie,19,3,correspondance_officielle_france_competences,officiel
RNCP41264,Ingénieur diplômé de l'Ecole polytechnique,30,4,correspondance_officielle_france_competences,officiel
RNCP41861,Ecologie et biologie fonctionnelle (fiche nationale),18,3,correspondance_officielle_france_competences,officiel
RNCP37169,Responsable opérationnel achats approvisionnements,1,1,correspondance_officielle_france_competences,officiel
RNCP40726,Diplôme d’enseignement supérieur en management,1,1,correspondance_officielle_france_competences,officiel
RNCP40881,Responsable de zone import-export,4,2,correspondance_officielle_france_competences,officiel
RNCP40894,Manager achats et supply-chain (MS),4,2,correspondance_officielle_france_competences,officiel
RNCP41105,Manager de la chaîne logistique et achats (MS),4,2,correspondance_officielle_france_competences,officiel
RNCP41548,Carrières juridiques : Administration et justice,2,2,correspondance_officielle_france_competences,officiel
RNCP35917,Management (fiche nationale),11,4,correspondance_officielle_france_competences,officiel
RNCP36596,Expert financier,16,3,correspondance_officielle_france_competences,officiel
RNCP36741,"Expert en contrôle de gestion, audit et gestion de système d'information (MS)",4,2,correspondance_officielle_france_competences,officiel
RNCP36764,Programme grande école,6,2,correspondance_officielle_france_competences,officiel
RNCP39428,Diplôme d’études supérieures en commerce et gestion,9,4,correspondance_officielle_france_competences,officiel
RNCP41223,"Diplôme Supérieur en Marketing, Commerce et Gestion",7,3,correspondance_officielle_france_competences,officiel
RNCP41843,Diplôme de comptabilité et de gestion (DCG),7,2,correspondance_officielle_france_competences,officiel
RNCP42254,"Diplôme supérieur en marketing, vente et gestion",7,3,correspondance_officielle_france_competences,officiel
RNCP42510,Responsable en gestion d'activité ,6,2,correspondance_officielle_france_competences,officiel
RNCP42665,"Diplôme d'études supérieures spécialisées en audit, finance et contrôle de gestion",4,2,correspondance_officielle_france_competences,officiel
RNCP37533,Crémier fromager,1,1,correspondance_officielle_france_competences,officiel
RNCP39990,CQP Vendeur conseil caviste,1,1,correspondance_officielle_france_competences,officiel
RNCP41938,Technicien conseil vente en alimentation (produits alimentaires et boissons),1,1,correspondance_officielle_france_competences,officiel
RNCP35376,Gestion des entreprises et des administrations : gestion et pilotage des ressources humaines,8,3,correspondance_officielle_france_competences,officiel
RNCP35923,Administration économique et sociale (fiche nationale),10,3,correspondance_officielle_france_competences,officiel
RNCP36756,Administration et échanges internationaux (fiche nationale),9,2,correspondance_officielle_france_competences,officiel
RNCP37948,Gestionnaire de paie,8,2,correspondance_officielle_france_competences,officiel
RNCP38045,Assistant en ressources humaines,7,2,correspondance_officielle_france_competences,officiel
RNCP38519,Responsable paie et audit social ,9,3,correspondance_officielle_france_competences,officiel
RNCP39023,Psychologie (Fiche nationale),5,2,correspondance_officielle_france_competences,officiel
RNCP40705,Assistance à la gestion des organisations et de leurs activités,8,2,correspondance_officielle_france_competences,officiel
RNCP41128,Chargé de développement des ressources humaines,7,2,correspondance_officielle_france_competences,officiel
RNCP41181,RH et transformation digitale,7,2,correspondance_officielle_france_competences,officiel
RNCP41366,Assistant ressources humaines,7,2,correspondance_officielle_france_competences,officiel
RNCP41437,Assistant ressources humaines,4,1,correspondance_officielle_france_competences,officiel
RNCP41565,Gestion des entreprises et des administrations : Gestion et pilotage des ressources humaines,8,3,correspondance_officielle_france_competences,officiel
RNCP41805,Chargé des ressources humaines,8,3,correspondance_officielle_france_competences,officiel
RNCP36463,Concepteur développeur d’applications numériques,26,1,correspondance_officielle_france_competences,officiel
RNCP36469,Expert en ingénierie du développement et en architecture logicielle,51,4,correspondance_officielle_france_competences,officiel
RNCP37212,Assistant intégrateur web,26,1,correspondance_officielle_france_competences,officiel
RNCP37881,"Ingénieur diplômé de l’Ecole Supérieure d’Ingénieurs de Recherche en Matériaux de l’Université Bourgogne Europe (ESIREM), spécialité Informatique et Réseaux ",50,4,correspondance_officielle_france_competences,officiel
RNCP38145,Développeur informatique,26,1,correspondance_officielle_france_competences,officiel
RNCP38503,Directeur de projet en conception et développement de solutions informatiques,26,1,correspondance_officielle_france_competences,officiel
RNCP38646,Diplôme de l'École normale supérieure Paris-Saclay,30,3,correspondance_officielle_france_competences,officiel
RNCP38778,Manager en architecture et applications logicielles des systèmes d’information,41,3,correspondance_officielle_france_competences,officiel
RNCP38974,"Mathématiques, physique, chimie, informatique (fiche nationale)",36,3,correspondance_officielle_france_competences,officiel
RNCP39111,Développeur d'applications web ou web mobile,26,1,correspondance_officielle_france_competences,officiel
RNCP39137,Titre ingénieur – Ingénieur diplômé de l’Ecole Supérieure d’Electronique de l’Ouest,54,4,correspondance_officielle_france_competences,officiel
RNCP39277,"Titre ingénieur - Titre ingénieur – ingénieur diplômé de l’École Polytechnique Universitaire de Sorbonne Université, spécialité Électronique-Informatique",41,3,correspondance_officielle_france_competences,officiel
RNCP39541,"Ingénieur diplômé du Conservatoire national des arts et métiers, spécialité Science de la donnée et intelligence artificielle",54,4,correspondance_officielle_france_competences,officiel
RNCP39623,Développeur informatique,26,1,correspondance_officielle_france_competences,officiel
RNCP39717,Chef de projet blockchain en applications financières décentralisées,26,1,correspondance_officielle_france_competences,officiel
RNCP39766,Chef de projets systèmes embarqués,43,4,correspondance_officielle_france_competences,officiel
RNCP39976,Testeur logiciel,26,1,correspondance_officielle_france_competences,officiel
RNCP40184,Métiers du jeu vidéo  (fiche nationale),26,1,correspondance_officielle_france_competences,officiel
RNCP40208,"Ingénieur diplômé de l’école polytechnique universitaire de l’université de Tours, spécialité informatique industrielle",42,3,correspondance_officielle_france_competences,officiel
RNCP40228,Ingénieur diplômé de l'Institut d'ingénierie informatique de Limoges,50,4,correspondance_officielle_france_competences,officiel
RNCP40494,Ingénieur diplômé de l’Ecole nationale d’ingénieurs de Brest,44,5,correspondance_officielle_france_competences,officiel
RNCP40570,Expert en infrastructure de réseaux de télécommunication maritimes (MS),44,4,correspondance_officielle_france_competences,officiel
RNCP40656,Expert en transformation digitale et technologique par les outils no code / low code,42,3,correspondance_officielle_france_competences,officiel
RNCP40857,Chef de projet web ou digital,28,2,correspondance_officielle_france_competences,officiel
RNCP40932,Expert numérique des systèmes et processus industriels,53,3,correspondance_officielle_france_competences,officiel
RNCP41285,Sciences et Ingénierie - Sécurité des Systèmes Numériques,49,4,correspondance_officielle_france_competences,officiel
RNCP41370,Développeur intégrateur en informatique industrielle,29,2,correspondance_officielle_france_competences,officiel
RNCP41376,"Ingénieur diplômé de l’École Polytechnique Universitaire de l'Université Lyon 1, spécialité Informatique",48,3,correspondance_officielle_france_competences,officiel
RNCP41701,Concepteur développeur de solutions blockchain,26,1,correspondance_officielle_france_competences,officiel
RNCP41823,Ingénieur diplômé de l’ESIEE IT - CCI Paris Ile-de-France Éducation,51,5,correspondance_officielle_france_competences,officiel
RNCP42185,Expert en infrastructures et solutions blockchain,49,3,correspondance_officielle_france_competences,officiel
RNCP42222,"Diplômé de l'Ecole supérieure d'Ingénieurs de Rennes de l'Université de Rennes, Spécialité Informatique",58,5,correspondance_officielle_france_competences,officiel
RNCP42247,"Ingénieur diplômé de l'Institut national des sciences appliquées de Lyon, spécialité informatique",26,1,correspondance_officielle_france_competences,officiel
RNCP42515,Expert en renseignement et investigation sur les cybermenaces,39,2,correspondance_officielle_france_competences,officiel
RNCP42521,Expert en jumeaux numériques,40,2,correspondance_officielle_france_competences,officiel
RNCP42548,"Ingénieur diplômé de l'école nationale supérieure des mines d'Alès de l'Institut Mines-Télécom, spécialité informatique et réseaux",60,5,correspondance_officielle_france_competences,officiel
RNCP42556,"Ingénieur diplômé de l'école polytechnique universitaire de l'Université d'Orléans, spécialité Génie physique et systèmes embarqués",43,4,correspondance_officielle_france_competences,officiel
RNCP42572,Webmaster et métiers de l'internet,26,1,correspondance_officielle_france_competences,officiel
RNCP42690,"Ingénieur diplômé de l'Institut national des sciences appliquées de Toulouse, spécialité automatique et électronique",41,3,correspondance_officielle_france_competences,officiel
RNCP35368,Génie Biologique : Science de l'Aliment et Biotechnologie,16,2,correspondance_officielle_france_competences,officiel
RNCP35497,Chimie : Chimie industrielle,15,2,correspondance_officielle_france_competences,officiel
RNCP35788,"ingénieur diplômé de l’Ecole supérieure d’ingénieurs en agroalimentaire de Bretagne atlantique de Bretagne INP, spécialité microbiologie et sécurité sanitaire",17,3,correspondance_officielle_france_competences,officiel
RNCP36807,"Ingénieur diplômé de l’ENSIL-ENSCI de l'Université de Limoges, Spécialité Génie de l’Eau et Environnement",16,2,correspondance_officielle_france_competences,officiel
RNCP37259,Expert en ingénierie des systèmes (MS),14,1,correspondance_officielle_france_competences,officiel
RNCP37789,"Manager des process de création et de développement des produits parfum, cosmétique ou arômes",21,2,correspondance_officielle_france_competences,officiel
RNCP37957,"Ingénieur diplômé de l’Ecole supérieure de chimie, physique, électronique de Lyon (CPE), spécialité Génie des procédés",18,4,correspondance_officielle_france_competences,officiel
RNCP37993,Expert en digitalisation et exploitation du bâtiment ,16,2,correspondance_officielle_france_competences,officiel
RNCP38082,"Ingénieur diplômé de l'Ecole Nationale Supérieure des Industries Chimiques de l'Université de Lorraine, spécialité Génie Chimique",17,3,correspondance_officielle_france_competences,officiel
RNCP38215,"Ingénieur diplômé de l'école d'ingénieurs en sciences industrielles et numérique de l'université de Reims, spécialité automatique et génie électrique",20,4,correspondance_officielle_france_competences,officiel
RNCP38538,"Ingénieur diplômé de l'École européenne de chimie, polymères et matériaux de Strasbourg de l'Université de Strasbourg, spécialité écologie industrielle des matériaux polymères",16,2,correspondance_officielle_france_competences,officiel
RNCP38639,"Ingénieur spécialisé de l’École nationale supérieure des technologies et industries du bois de l’université de Lorraine, spécialité conception et hautes études des structures bois",14,1,correspondance_officielle_france_competences,officiel
RNCP38640,"Ingénieur diplômé de l'Université de Technologie de Belfort-Montbéliard, spécialité Mécanique",15,2,correspondance_officielle_france_competences,officiel
RNCP38981,Ingénierie des systèmes complexes (fiche nationale),18,4,correspondance_officielle_france_competences,officiel
RNCP39013,"Econométrie, statistiques (fiche nationale)",30,4,correspondance_officielle_france_competences,officiel
RNCP39053,"Ingénieur diplômé du Conservatoire national des arts et métiers, spécialité Télécommunications et réseaux",16,3,correspondance_officielle_france_competences,officiel
RNCP39062,"Ingénieur diplômé de l'université de Toulon, spécialité matériaux",15,2,correspondance_officielle_france_competences,officiel
RNCP39141,Ingénieur diplômé de l'Institut Supérieur de l'Aéronautique et de l'Espace ,15,2,correspondance_officielle_france_competences,officiel
RNCP39168,"Ingénieur diplômé de l’École nationale supérieure d'arts et métiers, spécialité génie industriel et production",17,3,correspondance_officielle_france_competences,officiel
RNCP39267,"Ingénieur diplômé du Conservatoire national des arts et métiers, spécialité Génie nucléaire",14,1,correspondance_officielle_france_competences,officiel
RNCP39303,"Ingénieur diplômé de l’École nationale supérieure d'arts et métiers, spécialité mécanique",17,3,correspondance_officielle_france_competences,officiel
RNCP39332,"Ingénieur diplômé de l’École Polytechnique Universitaire de Sorbonne Université, spécialité Agroalimentaire",16,2,correspondance_officielle_france_competences,officiel
RNCP39448,"Ingénieur diplômé de l'École Centrale de Lyon, spécialité énergétique",14,1,correspondance_officielle_france_competences,officiel
RNCP39507,"Biologie, agrosciences (fiche nationale)",14,1,correspondance_officielle_france_competences,officiel
RNCP39790,"Ingénieur diplômé de l’École polytechnique universitaire de l'université Lyon-I, spécialité Génie Industriel",17,3,correspondance_officielle_france_competences,officiel
RNCP39805,Ingénieur diplômé de l’Ecole Nationale de l’Aviation Civile,17,3,correspondance_officielle_france_competences,officiel
RNCP39894,"Ingénieur diplômé de l’institut national des sciences appliquées de Rouen, spécialité Chimie et Génie Chimique",16,2,correspondance_officielle_france_competences,officiel
RNCP39914,"Ingénieur diplômé de l’Institut Agro Rennes-Angers de l’Institut national d’enseignement supérieur pour l’agriculture, l’alimentation et l’environnement (Institut Agro), spécialité agroalimentaire",23,3,correspondance_officielle_france_competences,officiel
RNCP40520,"Ingénieur diplômé de l'école polytechnique universitaire de Lille de l'Université de Lille, spécialité Génie biologique et agroalimentaire",16,2,correspondance_officielle_france_competences,officiel
RNCP40540,"Ingénieur diplômé de l'Ecole polytechnique universitaire de l'Université de Lille, spécialité Mécanique",15,2,correspondance_officielle_france_competences,officiel
RNCP40711,"Ingénieur, diplômé de l’Ecole Centrale de Nantes, spécialité Génie Maritime",16,2,correspondance_officielle_france_competences,officiel
RNCP40725,Chimie de synthèse (fiche nationale),15,2,correspondance_officielle_france_competences,officiel
RNCP40753,"Ingénieur diplômé de l'institut national des sciences appliquées Centre Val de Loire, spécialité énergie, risques et environnement",14,1,correspondance_officielle_france_competences,officiel
RNCP40759,"Ingénieur diplômé de l'Ecole Polytechnique Universitaire de l'Université de Montpellier, Spécialité Génie Biologique et Agroalimentaire",17,3,correspondance_officielle_france_competences,officiel
RNCP40778,"Ingénieur diplômé de l'école supérieure d'ingénieurs en innovation technologique (ESITech) de l'université de Rouen, spécialité génie physique et santé",17,3,correspondance_officielle_france_competences,officiel
RNCP40785,Ingénieur diplômé de l'Institut Supérieur de l'Automobile et des Transports de Nevers de l'Université Bourgogne Europe - spécialité génie mécanique,15,2,correspondance_officielle_france_competences,officiel
RNCP40937,Ingénieur diplômé de l'institut textile et chimique de Lyon,16,2,correspondance_officielle_france_competences,officiel
RNCP40963,"Ingénieur diplômé de l’École nationale supérieure des Mines de Nancy de l'université de Lorraine, spécialité génie industriel et matériaux",17,3,correspondance_officielle_france_competences,officiel
RNCP40969,"ingénieur diplômé de l'Institut national des sciences appliquées de Lyon, spécialité génie électrique",17,3,correspondance_officielle_france_competences,officiel
RNCP41161,"Ingénieur diplômé de l'école nationale supérieure de techniques avancées (Institut polytechnique de Paris), spécialité mécanique",15,2,correspondance_officielle_france_competences,officiel
RNCP41174,"Ingénieur de l'institut des sciences et techniques des Yvelines de l'université de Versailles-Saint-Quentin-en-Yvelines, spécialité systèmes électroniques embarqués",17,3,correspondance_officielle_france_competences,officiel
RNCP41210,"Ingénieur diplômé de l'institut national des sciences appliquées de Toulouse, spécialité mathématiques appliquées",28,4,correspondance_officielle_france_competences,officiel
RNCP41215,"Ingénieur diplômé de l’Institut Supérieur d’Ingénieurs de Franche-Comté (ISIFC), Spécialité Génie Biomédical",22,3,correspondance_officielle_france_competences,officiel
RNCP41249,"Ingénieur diplômé de l'Ecole d'Ingénieurs du Littoral Côte d'Opale de l'Université du Littoral, spécialité Génie Energétique et Environnement",16,2,correspondance_officielle_france_competences,officiel
RNCP41375,"Ingénieur diplômé de l'école polytechnique universitaire de l'université d'Orléans, spécialité Génie civil et environnement",14,1,correspondance_officielle_france_competences,officiel
RNCP41448,Chef de projet en matériaux composites,16,2,correspondance_officielle_france_competences,officiel
RNCP41558,Chimie : Matériaux et produits formulés,15,2,correspondance_officielle_france_competences,officiel
RNCP41597,"Ingénieur diplômé de l'école polytechnique universitaire de l'université d'Orléans, spécialité Energétique",14,1,correspondance_officielle_france_competences,officiel
RNCP41913,Ingénieur diplômé de l'Ecole Nationale Supérieure des Mines de Nancy de l'Université de Lorraine,17,3,correspondance_officielle_france_competences,officiel
RNCP41919,"Ingénieur diplômé de l’École Polytechnique Universitaire de Montpellier, Spécialité Génie industriel ",17,3,correspondance_officielle_france_competences,officiel
RNCP41920,"Ingénieur diplômé de l'Ecole Polytechnique Universitaire de l'université de Montpellier, spécialité Mécanique",15,2,correspondance_officielle_france_competences,officiel
RNCP41926,"Ingénieur diplômé de l'école supérieure d'ingénieurs Réunion océan Indien de l'Université de La Réunion, spécialité bâtiment et énergie",14,1,correspondance_officielle_france_competences,officiel
RNCP41948,Sciences et techniques des activités physiques et sportives : ergonomie du sport et performance motrice (fiche nationale),14,1,correspondance_officielle_france_competences,officiel
RNCP42227,"Ingénieur spécialisé en génie atomique, diplômé de l'Institut national des sciences et techniques nucléaires",14,1,correspondance_officielle_france_competences,officiel
RNCP42242,"Ingénieur diplômé de l'Institut national des sciences appliquées de Lyon, spécialité matériaux",16,2,correspondance_officielle_france_competences,officiel
RNCP42274,"Ingénieur diplômé de l’école nationale d'ingénieurs de Saint-Étienne de l’école centrale de Lyon, spécialité génie physique",14,1,correspondance_officielle_france_competences,officiel
RNCP42413,Sciences du bois (fiche nationale),14,1,correspondance_officielle_france_competences,officiel
RNCP42450," Ingénieur diplômé de l’école polytechnique universitaire de l'université d'Angers, spécialité génie industriel",27,2,correspondance_officielle_france_competences,officiel
RNCP42455,"Ingénieur diplômé de l'Ecole internationale du papier, de la communication imprimée et des biomatériaux de l’Institut polytechnique de Grenoble",17,3,correspondance_officielle_france_competences,officiel
RNCP42456,"Ingénieur diplômé d'ECAM LaSalle, spécialité énergétique",18,4,correspondance_officielle_france_competences,officiel
RNCP42461, Ingénieur diplômé de l'institut textile et chimique de Lyon,16,2,correspondance_officielle_france_competences,officiel
RNCP42479,Projeteur en ingénierie d'installation générale industrielle,16,3,correspondance_officielle_france_competences,officiel
RNCP42487,Expert en numérisation des systèmes et processus de production,17,3,correspondance_officielle_france_competences,officiel
RNCP42555,"Ingénieur diplômé de l'école polytechnique universitaire de l'Université d'Orléans, spécialité Matériaux et mécatronique",17,3,correspondance_officielle_france_competences,officiel
RNCP42695,Ingénieur diplômé de l’Institut supérieur de l’aéronautique et de l’espace,15,2,correspondance_officielle_france_competences,officiel
RNCP42696,"Ingénieur diplômé de l'Institut supérieur d'aéronautique et de l'espace, spécialité Génie industriel pour l'aéronautique et l'espace",17,3,correspondance_officielle_france_competences,officiel
RNCP42713,"Titre ingénieur - Ingénieur diplômé de l'Institut supérieur de l'automobile et des transports de Nevers de l'université Bourgogne Europe, spécialité Génie industriel",17,3,correspondance_officielle_france_competences,officiel
RNCP42720,"Ingénieur diplômé de l'Ecole d'ingénieurs SIGMA Clermont de l'institut national polytechnique Clermont Auvergne, spécialité mécanique et génie industriel",15,2,correspondance_officielle_france_competences,officiel
RNCP42725,"Ingénieur diplômé de l'Ecole nationale supérieure d'électrotechnique, d'électronique, d'informatique, d'hydraulique et des télécommunications, de l'Institut national polytechnique de Toulouse - Spécialité mécanique et génie hydraulique",16,2,correspondance_officielle_france_competences,officiel
RNCP42726,"Ingénieur diplômé de l'Ecole nationale supérieure des ingénieurs en arts chimiques et technologiques,  spécialité chimie",16,2,correspondance_officielle_france_competences,officiel
RNCP42740,Ingénieur diplômé de l’École nationale supérieure agronomique de Toulouse de l'Institut national polytechnique de Toulouse,17,3,correspondance_officielle_france_competences,officiel
RNCP38464,Manager en génie industriel (MS),3,2,correspondance_officielle_france_competences,officiel
RNCP39047,"Ingénieur diplômé de l’Ecole d’ingénieurs de l’université de Caen, spécialité  génie énergétique",3,2,correspondance_officielle_france_competences,officiel
RNCP40169,CQP Responsable de conseillers techniques en élevage,2,1,correspondance_officielle_france_competences,officiel
RNCP40321,Valorisation des agro-ressouces (fiche nationale),4,3,correspondance_officielle_france_competences,officiel
RNCP40633,Responsable des installations hydrauliques et pneumatiques,2,1,correspondance_officielle_france_competences,officiel
RNCP41514,Alimentation et agroalimentaire durables,2,1,correspondance_officielle_france_competences,officiel
RNCP41607,"Qualité, logistique industrielle et organisation : Management de la production",2,1,correspondance_officielle_france_competences,officiel
RNCP41610,"Qualité, logistique industrielle et organisation : Qualité et management intégré",2,1,correspondance_officielle_france_competences,officiel
RNCP41925,Bois et ameublement (fiche nationale),2,1,correspondance_officielle_france_competences,officiel
RNCP42719,"Ingénieur diplômé de l'Ecole nationale supérieure des Mines de Saint-Etienne, Institut Mines Telecom, spécialité Energétique",2,1,correspondance_officielle_france_competences,officiel
RNCP36163,Administrateur réseau NetOps,19,2,correspondance_officielle_france_competences,officiel
RNCP39996,Administrateur systèmes et réseaux,9,1,correspondance_officielle_france_competences,officiel
RNCP41773,"Technicien d'infrastructures numériques durables, sécurisées et responsables",10,2,correspondance_officielle_france_competences,officiel
RNCP41988,Expert en ingénierie et cybersécurité des systèmes d’information,24,3,correspondance_officielle_france_competences,officiel
RNCP41996,"Administrateur systèmes, réseaux et bases de données",9,1,correspondance_officielle_france_competences,officiel
RNCP38174,Politiques comparées (fiche nationale),1,1,correspondance_officielle_france_competences,officiel
RNCP39209,Responsable du développement de produits dans le secteur de la mode,13,3,correspondance_officielle_france_competences,officiel
RNCP41509,Systèmes robotiques et numériques pour l'agriculture,2,2,correspondance_officielle_france_competences,officiel
RNCP35386,Gestion administrative et commerciale des organisations : Management responsable de projet et Entrepreneuriat,1,1,correspondance_officielle_france_competences,officiel
RNCP38371,Economie appliquée,14,3,correspondance_officielle_france_competences,officiel
RNCP40290,Management et gestion des organisations (fiche nationale),1,1,correspondance_officielle_france_competences,officiel
RNCP38601,Expert des marchés financiers,12,1,correspondance_officielle_france_competences,officiel
RNCP41032,Sciences du management – Diplôme d'études supérieures en management des affaires internationales,15,2,correspondance_officielle_france_competences,officiel
RNCP42404,Economie quantitative,13,2,correspondance_officielle_france_competences,officiel
RNCP42670,Diplôme d’études supérieures d’analyste financier,25,3,correspondance_officielle_france_competences,officiel
RNCP39751,Monteur-effets spéciaux d'oeuvres cinématographiques ou audiovisuelles,3,1,correspondance_officielle_france_competences,officiel
RNCP41667,Cadreur - monteur - vidéaste,3,1,correspondance_officielle_france_competences,officiel
RNCP39615,Chargé d'indemnisation en assurance,2,2,correspondance_officielle_france_competences,officiel
RNCP40232,Analyste criminel opérationnel (fiche nationale),2,2,correspondance_officielle_france_competences,officiel
RNCP41338,Souscripteur en assurance et réassurance,2,2,correspondance_officielle_france_competences,officiel
RNCP38948,Analyste programmeur en automatisme et informatique industrielle,4,2,correspondance_officielle_france_competences,officiel
RNCP35912,Gestion des ressources humaines (fiche nationale),7,3,correspondance_officielle_france_competences,officiel
RNCP38826,Consultant en recrutement,3,1,correspondance_officielle_france_competences,officiel
RNCP39391,Conseiller emploi et accompagnement professionnel,4,2,correspondance_officielle_france_competences,officiel
RNCP39604,Chargé des ressources humaines,4,2,correspondance_officielle_france_competences,officiel
RNCP39616,Chargé de ressources humaines,4,2,correspondance_officielle_france_competences,officiel
RNCP39698,"Sciences de l'homme, anthropologie, ethnologie (fiche nationale)",3,1,correspondance_officielle_france_competences,officiel
RNCP42359,Gestion des ressources humaines (fiche nationale),7,3,correspondance_officielle_france_competences,officiel
RNCP42473,Coach professionnel,3,1,correspondance_officielle_france_competences,officiel
RNCP42499,Responsable rémunération et avantages sociaux ,4,2,correspondance_officielle_france_competences,officiel
RNCP38343,DEEA - Diplôme d'études en architecture ,1,1,correspondance_officielle_france_competences,officiel
RNCP40545,Sciences et ingénierie - Bâtiment et génie de l'aménagement,1,1,correspondance_officielle_france_competences,officiel
RNCP41345,CQP Couvreur lauzier calcaire,1,1,correspondance_officielle_france_competences,officiel
RNCP41346,CQP Couvreur lauzier schiste,1,1,correspondance_officielle_france_competences,officiel
RNCP38133,Manager marketing et communication (MS),9,2,correspondance_officielle_france_competences,officiel
RNCP38146,Responsable commercial,17,4,correspondance_officielle_france_competences,officiel
RNCP38452,Ingénieur d'affaires industrielles pour l'international (MS),10,2,correspondance_officielle_france_competences,officiel
RNCP39096,Responsable d'affaires agroalimentaires,10,2,correspondance_officielle_france_competences,officiel
RNCP39189,Diplôme d’études supérieures en management international,13,3,correspondance_officielle_france_competences,officiel
RNCP39434,Diplôme d'études supérieures spécialisées en management global (DESSMG),8,2,correspondance_officielle_france_competences,officiel
RNCP39467,Humanités et management (fiche nationale),8,2,correspondance_officielle_france_competences,officiel
RNCP40248,Responsable de la performance commerciale et du marketing digital,12,3,correspondance_officielle_france_competences,officiel
RNCP41475,Manager de la stratégie digitale marketing et commerciale,12,3,correspondance_officielle_france_competences,officiel
RNCP42298,Programme grande école,12,3,correspondance_officielle_france_competences,officiel
RNCP42353,"Marketing, vente (fiche nationale)",12,3,correspondance_officielle_france_competences,officiel
RNCP42395,Diplôme d’études supérieures en management international,7,1,correspondance_officielle_france_competences,officiel
RNCP42616,Chargé de développement en oenotourisme et spiritourisme ,7,1,correspondance_officielle_france_competences,officiel
RNCP42681,Diplôme d’études supérieures spécialisées en développement des entreprises et transformation digitale,10,2,correspondance_officielle_france_competences,officiel
RNCP41326,CQP Laveur de vitres,1,1,correspondance_officielle_france_competences,officiel
RNCP36169,Soudeur programmeur de cellules robotisées,1,1,correspondance_officielle_france_competences,officiel
RNCP36428,Pilote de ligne de production,1,1,correspondance_officielle_france_competences,officiel
RNCP37217,Impression 3D : opérateur de fabrication additive,1,1,correspondance_officielle_france_competences,officiel
RNCP39491,Outillages en outils à découper et à emboutir ,1,1,correspondance_officielle_france_competences,officiel
RNCP41829,Sciences et ingénierie - Génie Industriel et mécatronique,1,1,correspondance_officielle_france_competences,officiel
RNCP38576,Aéronautique,1,1,correspondance_officielle_france_competences,officiel
RNCP38787,CQP Technicien de maintenance et entretien des outillages en plasturgie,1,1,correspondance_officielle_france_competences,officiel
RNCP42213,Technicien en automatisme et interfaces associées,1,1,correspondance_officielle_france_competences,officiel
RNCP41783,"CQP Opérateur spécialisé en assemblage, parachèvement et finitions",2,1,correspondance_officielle_france_competences,officiel
RNCP37068,Manager du développement d'affaires en agrobusiness,4,2,correspondance_officielle_france_competences,officiel
RNCP38029,Expert en optimisation et transmission du patrimoine,3,1,correspondance_officielle_france_competences,officiel
RNCP38808,Responsable d'activité commerciale et marketing ,11,4,correspondance_officielle_france_competences,officiel
RNCP39122,Responsable technico-commercial,3,1,correspondance_officielle_france_competences,officiel
RNCP39368,CQP Animateur du développement commercial de la PME/PMI par l’international,3,1,correspondance_officielle_france_competences,officiel
RNCP39787,Directeur de la performance commerciale,3,1,correspondance_officielle_france_competences,officiel
RNCP39884,Manager du Développement Commercial,3,1,correspondance_officielle_france_competences,officiel
RNCP40568,Responsable de développement commercial,3,1,correspondance_officielle_france_competences,officiel
RNCP41037,Diplôme Supérieur en Stratégie et Gestion des Entreprises,3,1,correspondance_officielle_france_competences,officiel
RNCP41697,Dirigeant d'entreprise,3,1,correspondance_officielle_france_competences,officiel
RNCP41794,Responsable commercial et marketing dans la filière vins et spiritueux (MS),3,1,correspondance_officielle_france_competences,officiel
RNCP42180,Manager du transport de la logistique et du commerce international durables,3,1,correspondance_officielle_france_competences,officiel
RNCP42265,Diplôme d'études supérieures en management,10,3,correspondance_officielle_france_competences,officiel
RNCP42266,Diplôme en management international de la pâtisserie,4,2,correspondance_officielle_france_competences,officiel
RNCP42390,Développeur commercial et marketing,11,4,correspondance_officielle_france_competences,officiel
RNCP42396,Management et gestion des entreprises (Programme grande école),4,2,correspondance_officielle_france_competences,officiel
RNCP42666,Diplôme d’études avancées en management international des entreprises,4,2,correspondance_officielle_france_competences,officiel
RNCP42675,Programme grande école,4,2,correspondance_officielle_france_competences,officiel
RNCP42676,Programme grande école ,6,3,correspondance_officielle_france_competences,officiel
RNCP38399,Métiers du commerce et de la vente,2,1,correspondance_officielle_france_competences,officiel
RNCP36652,Responsable d'ingénierie pédagogique,3,1,correspondance_officielle_france_competences,officiel
RNCP38118,Conseiller en formation (DU),3,1,correspondance_officielle_france_competences,officiel
RNCP39402,"Sciences, Enseignement, Médiation (fiche nationale)",3,1,correspondance_officielle_france_competences,officiel
RNCP40120,"Langues, littératures et civilisations étrangères et régionales (fiche nationale)",3,1,correspondance_officielle_france_competences,officiel
RNCP40144,Coordinateur d'ingénierie de formation,3,1,correspondance_officielle_france_competences,officiel
RNCP39019,Économie de la santé (fiche nationale) ,1,1,correspondance_officielle_france_competences,officiel
RNCP39059,Sciences sociales (fiche nationale),1,1,correspondance_officielle_france_competences,officiel
RNCP39193,Gestion des territoires et développement local (fiche nationale),1,1,correspondance_officielle_france_competences,officiel
RNCP40598,Développeur économique territorial (MS),1,1,correspondance_officielle_france_competences,officiel
RNCP42502,Manager en ingénierie des politiques publiques,2,2,correspondance_officielle_france_competences,officiel
RNCP38617,Médiathécaire documentaliste,1,1,correspondance_officielle_france_competences,officiel
RNCP38671,Diplôme de premier cycle de l’Ecole du Louvre,1,1,correspondance_officielle_france_competences,officiel
RNCP39042,"Recherches comparatives en anthropologie, histoire, et sociologie (fiche nationale)",1,1,correspondance_officielle_france_competences,officiel
RNCP39183,"Techniques, Patrimoine, Territoires de l'industrie : histoire, valorisation didactique (fiche nationale)",1,1,correspondance_officielle_france_competences,officiel
RNCP39236,Assistant archiviste,1,1,correspondance_officielle_france_competences,officiel
RNCP39462,Lettres et humanités (fiche nationale),1,1,correspondance_officielle_france_competences,officiel
RNCP40114,Lettres (fiche nationale),1,1,correspondance_officielle_france_competences,officiel
RNCP40295,"Métiers de l'information : archives, médiation et patrimoine (fiche nationale)",1,1,correspondance_officielle_france_competences,officiel
RNCP40546,Histoire de l’art et archéologie (fiche nationale),1,1,correspondance_officielle_france_competences,officiel
RNCP40155,Manager en ingénierie et droit de l'environnement,1,1,correspondance_officielle_france_competences,officiel
RNCP42507,Chef de projet environnement,1,1,correspondance_officielle_france_competences,officiel
RNCP42660,Manager de la transition énergétique (MS),1,1,correspondance_officielle_france_competences,officiel
RNCP40502,Technico-commercial (fiche nationale),5,1,correspondance_officielle_france_competences,officiel
RNCP41051,Management Technologique,5,1,correspondance_officielle_france_competences,officiel
RNCP41624,Techniques de commercialisation : Marketing et management du point de vente,6,2,correspondance_officielle_france_competences,officiel
RNCP38349,Aménagements paysagers,1,1,correspondance_officielle_france_competences,officiel
RNCP39519,Technicien d'études du bâtiment en dessin de projet,1,1,correspondance_officielle_france_competences,officiel
RNCP40054,Métiers du BTP : génie civil et construction (fiche nationale),1,1,correspondance_officielle_france_competences,officiel
RNCP40700,Sciences et ingénierie - Génie Industriel pour le Bâtiment ,1,1,correspondance_officielle_france_competences,officiel
RNCP40250,CQP Enquêteur civil,1,1,correspondance_officielle_france_competences,officiel
RNCP36350,EBP international - Diplôme de l'école multinationale des affaires,1,1,correspondance_officielle_france_competences,officiel
RNCP37698,Maintenance nautique ,1,1,correspondance_officielle_france_competences,officiel
RNCP39817,Brevet de second mécanicien 8 000 kW,1,1,correspondance_officielle_france_competences,officiel
RNCP35946,Sciences et techniques des activités physiques et sportives : entraînement sportif (fiche nationale),1,1,correspondance_officielle_france_competences,officiel
RNCP38001,Cavalier de pré-entrainement ,1,1,correspondance_officielle_france_competences,officiel
RNCP38200,Droit pénal et sciences criminelles (fiche nationale),2,1,correspondance_officielle_france_competences,officiel
RNCP38205,Droit des libertés (fiche nationale),2,1,correspondance_officielle_france_competences,officiel
RNCP38206,Droit privé (fiche nationale),2,1,correspondance_officielle_france_competences,officiel
RNCP38210,Droit public des affaires (fiche nationale),2,1,correspondance_officielle_france_competences,officiel
RNCP39262,Diplôme d'études supérieures de notariat,2,1,correspondance_officielle_france_competences,officiel
RNCP40844,Juriste d'entreprise,2,1,correspondance_officielle_france_competences,officiel
RNCP42006,Droit du marché et du patrimoine artistiques (fiche nationale),2,1,correspondance_officielle_france_competences,officiel
RNCP35370,Génie Biologique : Sciences de l'environnement et écotechnologies,1,1,correspondance_officielle_france_competences,officiel
RNCP35405,Science et génie des matériaux : Métiers de la caractérisation et de l’expertise des matériaux et des produits ,1,1,correspondance_officielle_france_competences,officiel
RNCP37850,Créateur - Manager en parfumerie et cosmétique,1,1,correspondance_officielle_france_competences,officiel
RNCP38883,Biotechnologie  en recherche et en production,1,1,correspondance_officielle_france_competences,officiel
RNCP40338,Préleveur en milieu naturel,1,1,correspondance_officielle_france_competences,officiel
RNCP41018,"Ingénieur spécialisé en Modélisation Complexe des infrastructures de la construction, diplômé de l'Institut Supérieur du Bâtiment et des Travaux Publics",1,1,correspondance_officielle_france_competences,officiel
RNCP41384,Analyse des milieux biologiques (fiche nationale),1,1,correspondance_officielle_france_competences,officiel
RNCP41566,Génie biologique : Agronomie,1,1,correspondance_officielle_france_competences,officiel
RNCP41832,Métiers de la mesure,1,1,correspondance_officielle_france_competences,officiel
RNCP41955,Biologie analytique et expérimentale (fiche nationale),1,1,correspondance_officielle_france_competences,officiel
RNCP40877,Responsable green IT,13,1,correspondance_officielle_france_competences,officiel
RNCP39610,Conseiller de clientèle particulier et professionnel en banque et assurance,2,2,correspondance_officielle_france_competences,officiel
RNCP39866,CQP Chargé d'accueil et de relation clients/adhérents,1,1,correspondance_officielle_france_competences,officiel
RNCP40255,Conseiller bancassurance du secteur agricole,2,2,correspondance_officielle_france_competences,officiel
RNCP42104,Agent technique en prothèses et orthèses,1,1,correspondance_officielle_france_competences,officiel
RNCP37461,Monteur dépanneur en climatisation ,1,1,correspondance_officielle_france_competences,officiel
RNCP38361,"Fluides-énergies-domotique (option A « génie climatique et fluidique », option B « froid et conditionnement d'air », option C « domotique et bâtiments communicants »)",1,1,correspondance_officielle_france_competences,officiel
RNCP38744,Agent de maintenance CVC,1,1,correspondance_officielle_france_competences,officiel
RNCP38869,Technicien d'intervention en froid industriel,1,1,correspondance_officielle_france_competences,officiel
RNCP38894,Responsable exploitation et maintenance sur navire de 3.000 kW,3,3,correspondance_officielle_france_competences,officiel
RNCP42136,Maintenance des installations oléohydrauliques et pneumatiques,1,1,correspondance_officielle_france_competences,officiel
RNCP42493,Mécanicien robinetier en environnement nucléaire,1,1,correspondance_officielle_france_competences,officiel
RNCP42746,"Maintenance des systèmes » (option A : systèmes de production, option B : systèmes énergétiques et fluidiques, option C : systèmes éoliens, option D : systèmes ascenseurs et élévateurs)",2,2,correspondance_officielle_france_competences,officiel
RNCP35375,"Gestion des entreprises et des administrations : gestion comptable, fiscale et financière",10,4,correspondance_officielle_france_competences,officiel
RNCP35492,Carrières Juridiques : Patrimoine et Finance,8,3,correspondance_officielle_france_competences,officiel
RNCP38542,"Monnaie, banque, finance, assurance (fiche nationale)",6,3,correspondance_officielle_france_competences,officiel
RNCP41353,Employé polyvalent du commerce et de la distribution,1,1,correspondance_officielle_france_competences,officiel
RNCP39254,Community manager,2,1,correspondance_officielle_france_competences,officiel
RNCP39159,Comptabilité et Gestion,4,1,correspondance_officielle_france_competences,officiel
RNCP38921,Chef de projet en rénovation énergétique performante,1,1,correspondance_officielle_france_competences,officiel
RNCP40738,Sciences et ingénierie - Génie civil et environnement,1,1,correspondance_officielle_france_competences,officiel
RNCP42516,Chef de projet en rénovation énergétique,1,1,correspondance_officielle_france_competences,officiel
RNCP37491,Boulanger,1,1,correspondance_officielle_france_competences,officiel
RNCP38250,CQP Boulanger ,1,1,correspondance_officielle_france_competences,officiel
RNCP42130,Boulangerie spécialisée,1,1,correspondance_officielle_france_competences,officiel
RNCP41200,ESSEC - Programme Grande Ecole,1,1,correspondance_officielle_france_competences,officiel
RNCP36285,Conseiller patrimonial agence,1,1,correspondance_officielle_france_competences,officiel
RNCP37294,Technicien de maintenance et de travaux en systèmes de sécurité incendie,1,1,correspondance_officielle_france_competences,officiel
RNCP38509,Technicien des réseaux spécialisé,1,1,correspondance_officielle_france_competences,officiel
RNCP35910,Management de l’innovation (fiche nationale),28,4,correspondance_officielle_france_competences,officiel
RNCP39092,Expert en création digitale,6,1,correspondance_officielle_france_competences,officiel
RNCP40157,Styliste Modéliste,6,1,correspondance_officielle_france_competences,officiel
RNCP41202,Diplôme d’études supérieures en marketing du luxe,13,2,correspondance_officielle_france_competences,officiel
RNCP41421,Chargé de communication et de relations presse,6,1,correspondance_officielle_france_competences,officiel
RNCP42403,Mode et matière,14,3,correspondance_officielle_france_competences,officiel
RNCP42485,Manager de la communication de marque,6,1,correspondance_officielle_france_competences,officiel
RNCP42500,Manager international en marketing du luxe,13,2,correspondance_officielle_france_competences,officiel
RNCP35402,"Science des données : visualisation, conception d'outils décisionnels",288,5,correspondance_officielle_france_competences,officiel
RNCP35458,Réseaux & Télécommunications : Pilotage de projets de réseaux,276,5,correspondance_officielle_france_competences,officiel
RNCP35511,Réseaux & Télécommunications : Développement système et Cloud ,309,5,correspondance_officielle_france_competences,officiel
RNCP35799,"Ingénieur diplôme de l’école nationale supérieure de Bretagne sud (ENSIBS), spécialité : Sécurité des systèmes d'information ",309,5,correspondance_officielle_france_competences,officiel
RNCP35970,Chef de projet informatique,301,5,correspondance_officielle_france_competences,officiel
RNCP37903,"Ingénieur diplômé de l’école supérieure de Chimie Physique Electronique de Lyon (CPE Lyon), spécialité informatique et cybersécurité",301,5,correspondance_officielle_france_competences,officiel
RNCP38047,Chef de projet web et stratégie digitale,251,1,correspondance_officielle_france_competences,officiel
RNCP38097,"ingénieur diplômé de l'école polytechnique universitaire de Marseille de l'université d'Aix-Marseille, spécialité ""Génie industriel et informatique""",254,3,correspondance_officielle_france_competences,officiel
RNCP38108,Administrateur de systèmes et réseaux sécurisés,301,5,correspondance_officielle_france_competences,officiel
RNCP38293,Architecte digital d'entreprise (MS),264,2,correspondance_officielle_france_competences,officiel
RNCP38591,Manager de la transformation digitale,251,1,correspondance_officielle_france_competences,officiel
RNCP39097,Architecte des systèmes d'information (type PLM) dans les processus industriels,284,5,correspondance_officielle_france_competences,officiel
RNCP39126,"Ingénieur diplômé du Conservatoire national des arts et métiers, spécialité Informatique",280,4,correspondance_officielle_france_competences,officiel
RNCP39388,Responsable green IT,290,3,correspondance_officielle_france_competences,officiel
RNCP39977,Responsable green IT,264,2,correspondance_officielle_france_competences,officiel
RNCP40531,Ingénieur Diplômé de l'Ecole Pour l'Informatique et les Techniques Avancées,293,5,correspondance_officielle_france_competences,officiel
RNCP40572,Architecte Internet des objets (IoT),290,3,correspondance_officielle_france_competences,officiel
RNCP40875,Expert en ingénierie de données,292,4,correspondance_officielle_france_competences,officiel
RNCP40930,"Ingénieur diplômé de l’Institut Polytechnique UniLaSalle, spécialité Systèmes numériques et Energétique",255,3,correspondance_officielle_france_competences,officiel
RNCP41030,Diplôme d'ingénieur d'Efrei Paris (Université Paris- Panthéon Assas),292,4,correspondance_officielle_france_competences,officiel
RNCP41354,Manager du développement de projets transversaux et innovants,258,2,correspondance_officielle_france_competences,officiel
RNCP41377,Ingénieur diplômé de l'école spéciale de mécanique et d’électricité,304,4,correspondance_officielle_france_competences,officiel
RNCP41527,Ingénieur diplômé de l'Ecole publique d'Ingénieurs de la santé et du numérique (EPISEN) de l'université Paris Est Créteil Val-de-Marne Spécialité Informatique et santé ,304,4,correspondance_officielle_france_competences,officiel
RNCP41562,Gestion des entreprises et des administrations : Contrôle de gestion et pilotage de la performance,255,3,correspondance_officielle_france_competences,officiel
RNCP41612,Réseaux & télécommunications : Développement système et Cloud,309,5,correspondance_officielle_france_competences,officiel
RNCP41617,"Science des données : Visualisation, conception d'outils décisionnels",288,5,correspondance_officielle_france_competences,officiel
RNCP41678,Opérateur en cybersécurité,283,4,correspondance_officielle_france_competences,officiel
RNCP41922,"Ingénieur diplômé de l'école supérieure d'ingénieurs Réunion océan Indien de l'université de La Réunion, spécialité informatique",301,5,correspondance_officielle_france_competences,officiel
RNCP41976,Expert en cybersécurité et sécurité informatique,309,5,correspondance_officielle_france_competences,officiel
RNCP42058,Manager du numérique responsable,264,2,correspondance_officielle_france_competences,officiel
RNCP42148,Product builder no code,277,2,correspondance_officielle_france_competences,officiel
RNCP42439,"Ingénieur diplômé du Conservatoire national des arts et métiers, spécialité Informatique et systèmes d’information ",280,4,correspondance_officielle_france_competences,officiel
RNCP42651,Manager de projets de transformation numérique,264,2,correspondance_officielle_france_competences,officiel
RNCP36096,Eco-épidémiologie (fiche nationale),18,3,correspondance_officielle_france_competences,officiel
RNCP36843,Sciences de l’univers et technologies spatiales (fiche nationale),17,2,correspondance_officielle_france_competences,officiel
RNCP38328,"Ingénieur diplômé de l’Institut national d’enseignement supérieur et de recherche en alimentation, santé animale, sciences agronomiques et de l’environnement",6,3,correspondance_officielle_france_competences,officiel
RNCP38481,Attaché de recherche clinique,17,2,correspondance_officielle_france_competences,officiel
RNCP38540,Ingénieur diplômé de l’École et observatoire des sciences de la terre de l'Université de Strasbourg,3,1,correspondance_officielle_france_competences,officiel
RNCP38698,STAPS : entraînement et optimisation de la performance sportive (fiche nationale),4,2,correspondance_officielle_france_competences,officiel
RNCP40459,Ingénieur diplômé de l’École nationale de la météorologie,4,2,correspondance_officielle_france_competences,officiel
RNCP41251,"Ingénieur diplômé de l'institut national des sciences appliquées de toulouse, spécialité génie physique",17,2,correspondance_officielle_france_competences,officiel
RNCP42273,Ingénieur diplômé de l'école centrale de Lyon,17,2,correspondance_officielle_france_competences,officiel
RNCP42397,"Ingénieur de l'école nationale supérieure d'ingénieurs du Mans de l'université du Mans, spécialité acoustique et instrumentation",18,3,correspondance_officielle_france_competences,officiel
RNCP42414,Ethologie (fiche nationale),4,2,correspondance_officielle_france_competences,officiel
RNCP42731,"Ingénieur diplômé de l’Institut national d’enseignement supérieur et de recherche en alimentation, santé animale, sciences agronomiques et de l’environnement",9,4,correspondance_officielle_france_competences,officiel
RNCP36391,Manager des achats et la chaîne logistique - Supply chain (MS),4,2,correspondance_officielle_france_competences,officiel
RNCP38750,Diplôme de Gestion et de Management des Entreprises,10,3,correspondance_officielle_france_competences,officiel
RNCP39465,Programme Grande École de l'EM Strasbourg,12,4,correspondance_officielle_france_competences,officiel
RNCP42361,"Gestion de production, logistique, achats (fiche nationale)",4,2,correspondance_officielle_france_competences,officiel
RNCP36352,Diplôme - Programme Grande Ecole (ESSCA),18,4,correspondance_officielle_france_competences,officiel
RNCP38236,Directeur financier,4,2,correspondance_officielle_france_competences,officiel
RNCP38353,Diplôme supérieur en marketing commerce et gestion,9,4,correspondance_officielle_france_competences,officiel
RNCP40252,Manager financier et contrôleur de gestion,20,4,correspondance_officielle_france_competences,officiel
RNCP42371,Diplôme d’études supérieures en management international,6,2,correspondance_officielle_france_competences,officiel
RNCP42672,Diplôme Programme grande école,11,4,correspondance_officielle_france_competences,officiel
RNCP37604,Primeur,1,1,correspondance_officielle_france_competences,officiel
RNCP39989,CQP Vendeur conseil crémier-fromager,1,1,correspondance_officielle_france_competences,officiel
RNCP42214,Boucher charcutier traiteur (CTM),1,1,correspondance_officielle_france_competences,officiel
RNCP35387,Gestion administrative et commerciale des organisations : Management des fonctions supports,5,2,correspondance_officielle_france_competences,officiel
RNCP38147,Gestionnaire de paie,4,1,correspondance_officielle_france_competences,officiel
RNCP38899,Chargé de gestion des ressources humaines,8,3,correspondance_officielle_france_competences,officiel
RNCP39529,Gestionnaire des ressources humaines,4,1,correspondance_officielle_france_competences,officiel
RNCP41655,Gestionnaire de paie,10,4,correspondance_officielle_france_competences,officiel
RNCP41179,Ingénieur diplômé de l’Ecole navale,1,1,correspondance_officielle_france_competences,officiel
RNCP41389,Dirigeant de services opérationnels et fonctionnels de sécurité,1,1,correspondance_officielle_france_competences,officiel
RNCP41498,Ingénieur diplômé de l'Ecole de l'air et de l'espace,4,2,correspondance_officielle_france_competences,officiel
RNCP35353,"Qualité, Logistique Industrielle et Organisation : Management de la transformation digitale",41,3,correspondance_officielle_france_competences,officiel
RNCP35711,"Ingénieur diplômé de l’école polytechnique Universitaire de Savoie de l'Université de Chambéry, Spécialité Systèmes Numériques - Instrumentation",45,4,correspondance_officielle_france_competences,officiel
RNCP36757,Informatique d’organisation et systèmes d’information (fiche nationale),36,2,correspondance_officielle_france_competences,officiel
RNCP36961,Systèmes d’information numérique et électronique (fiche nationale),26,1,correspondance_officielle_france_competences,officiel
RNCP37578,"Ingénieur diplômé de l'Ecole polytechnique universitaire de l'Université d'Aix-Marseille, spécialité Systèmes numériques",41,3,correspondance_officielle_france_competences,officiel
RNCP37674,Développeur web et web mobile,26,1,correspondance_officielle_france_competences,officiel
RNCP37925,"Ingénieur diplômé de l’école polytechnique de l'université de Lorraine, spécialité systèmes et technologies de l’information",57,5,correspondance_officielle_france_competences,officiel
RNCP37950,"Ingénieur diplômé de Télécom Physique Strasbourg de l'Université de Strasbourg, spécialité électronique et systèmes numériques",42,3,correspondance_officielle_france_competences,officiel
RNCP37955,"Ingénieur diplômé de l'Université de technologie de Troyes, spécialité Automatique et informatique industrielle",45,4,correspondance_officielle_france_competences,officiel
RNCP38068,"Diplôme d’études supérieures en IA, Data et Management",47,4,correspondance_officielle_france_competences,officiel
RNCP38202,"Audiovisuel, médias interactifs numériques, jeux (fiche nationale)",26,1,correspondance_officielle_france_competences,officiel
RNCP38207,Humanités numériques (fiche nationale),27,2,correspondance_officielle_france_competences,officiel
RNCP38463,Expert en développement de solutions de cybersécurité ,58,4,correspondance_officielle_france_competences,officiel
RNCP38616,Concepteur développeur en intelligence artificielle et analyse big data,27,2,correspondance_officielle_france_competences,officiel
RNCP38822,Expert en architecture et développement logiciel,26,1,correspondance_officielle_france_competences,officiel
RNCP39024,Economie et management publics (fiche nationale),27,2,correspondance_officielle_france_competences,officiel
RNCP39046,"Ingénieur diplômé de l’école d’ingénieurs de l’université de Caen, spécialité mécatronique et systèmes embarqués ",43,3,correspondance_officielle_france_competences,officiel
RNCP39237,Concepteur intégrateur de solutions en Internet des objets (IoT),39,2,correspondance_officielle_france_competences,officiel
RNCP39460,Traitement automatique des langues (fiche nationale),56,5,correspondance_officielle_france_competences,officiel
RNCP39609,Concepteur développeur web full-stack,26,1,correspondance_officielle_france_competences,officiel
RNCP39715,Designer IoT/IoE (objets connectés intelligents),26,1,correspondance_officielle_france_competences,officiel
RNCP39762,Expert en transformation digitale et technologique no-code,26,1,correspondance_officielle_france_competences,officiel
RNCP39893,"Ingénieur diplômé de l'Ecole Supérieure d'Informatique, Electronique, Automatique",54,5,correspondance_officielle_france_competences,officiel
RNCP39899,Ingénieur diplômé de l'Institut supérieur de l’électronique et du numérique Yncréa Ouest,42,4,correspondance_officielle_france_competences,officiel
RNCP40122,"Ingénieur diplômé de l’école polytechnique universitaire de l’université de Tours, spécialité informatique ",60,5,correspondance_officielle_france_competences,officiel
RNCP40164,Directeur artistique en stratégie et design de marque,26,1,correspondance_officielle_france_competences,officiel
RNCP40235,Ingénieur en intelligence artificielle (MS),26,1,correspondance_officielle_france_competences,officiel
RNCP40288,Métiers du décisionnel et de la statistique (fiche nationale),49,4,correspondance_officielle_france_competences,officiel
RNCP40435,"Sciences et ingénierie, Sciences du management - Sciences des données pour une entreprise responsable",27,2,correspondance_officielle_france_competences,officiel
RNCP40448,Sciences et Ingénierie - Systèmes Numériques pour la Santé,50,4,correspondance_officielle_france_competences,officiel
RNCP40964,"Ingénieur diplômé de l’Institut national universitaire Jean-François-Champollion, spécialité informatique pour la santé",42,4,correspondance_officielle_france_competences,officiel
RNCP41198,Ingénieur diplômé de l'Ecole Nationale Supérieure de l'Electronique et de ses applications,56,5,correspondance_officielle_france_competences,officiel
RNCP41238,Sciences et Ingénierie - informatique et Cybersécurité,49,4,correspondance_officielle_france_competences,officiel
RNCP41278,Sciences et ingénierie - Cybersécurité des systèmes numériques,45,3,correspondance_officielle_france_competences,officiel
RNCP41282,"Ingénieur diplômé de l’École nationale supérieure d’informatique pour l’industrie et l’entreprise, spécialité informatique",50,4,correspondance_officielle_france_competences,officiel
RNCP41459,Product builder no-code,26,1,correspondance_officielle_france_competences,officiel
RNCP41844,Services numériques aux organisations,27,2,correspondance_officielle_france_competences,officiel
RNCP42191,Product builder no code,39,2,correspondance_officielle_france_competences,officiel
RNCP42226,"Ingénieur diplômé de Télécom Saint-Etienne de l'Université Jean Monnet, spécialité systèmes numériques et écologie industrielle",55,4,correspondance_officielle_france_competences,officiel
RNCP42381,Ingénieur diplômé de l'Ecole centrale d'électronique,53,3,correspondance_officielle_france_competences,officiel
RNCP42505,Expert en ingénierie logicielle,26,1,correspondance_officielle_france_competences,officiel
RNCP42708,Ingénieur diplômé de l'école nationale supérieure des mines d'Alès de l'Institut Mines Télécom,42,3,correspondance_officielle_france_competences,officiel
RNCP42714," Ingénieur diplômé de l'École nationale supérieure des mines de Saint-Étienne de l'institut Mines-Télécom, spécialité microélectronique et informatique",55,4,correspondance_officielle_france_competences,officiel
RNCP35481,Mesures Physiques : Mesures et Analyses Environnementales,15,2,correspondance_officielle_france_competences,officiel
RNCP35495,Chimie : Synthèse,15,2,correspondance_officielle_france_competences,officiel
RNCP35496,Chimie : Matériaux et produits formulés,15,2,correspondance_officielle_france_competences,officiel
RNCP35836,"Ingénieur de l'école nationale supérieure des sciences appliquées et de technologie, spécialité photonique",16,2,correspondance_officielle_france_competences,officiel
RNCP36032,"Ingénieur diplômé de l'École nationale vétérinaire, agroalimentaire et de l'alimentation de Nantes-Atlantique (ONIRIS)",24,4,correspondance_officielle_france_competences,officiel
RNCP36375,Responsable de projet packaging et écoconception,14,1,correspondance_officielle_france_competences,officiel
RNCP37594,"Ingénieur diplômé de l'Université de technologie de Troyes, spécialité Matériaux et Mécanique",17,3,correspondance_officielle_france_competences,officiel
RNCP37814,Manager marketing et développement de solutions innovantes pour les industries et technologies de santé (MS),25,4,correspondance_officielle_france_competences,officiel
RNCP37926,"Ingénieur diplômé de l'Ecole polytechnique universitaire de l'Université d'Aix-Marseille, spécialité Génie biomédical",15,2,correspondance_officielle_france_competences,officiel
RNCP38179,Génie des procédés et des bio-procédés (fiche nationale),15,2,correspondance_officielle_france_competences,officiel
RNCP38221,"Ingénieur diplômé de l'école d'ingénieurs en sciences industrielles et numérique de l'université de Reims, spécialité matériaux et mécanique",17,3,correspondance_officielle_france_competences,officiel
RNCP38647,Ingénieur diplômé de l’École nationale supérieure des sciences agronomiques de Bordeaux Aquitaine (Bordeaux Sciences Agro),17,3,correspondance_officielle_france_competences,officiel
RNCP39054,"Ingénieur diplômé du Conservatoire national des arts et métiers, spécialité Énergétique",14,1,correspondance_officielle_france_competences,officiel
RNCP39060,Automatique et systèmes électriques (fiche nationale),15,2,correspondance_officielle_france_competences,officiel
RNCP39130,"Ingénieur diplômé du Conservatoire national des arts et métiers, spécialité Génie industriel",17,3,correspondance_officielle_france_competences,officiel
RNCP39276,"Titre ingénieur - Titre ingénieur diplômé de l’école polytechnique universitaire de Sorbonne Université, spécialité Génie Mécanique",17,3,correspondance_officielle_france_competences,officiel
RNCP39293,"Ingénieur diplômé de l'Ecole Supérieure d'Ingénieurs de Rennes de l'Université de Rennes, spécialité Technologies de l'Information pour la Santé",21,2,correspondance_officielle_france_competences,officiel
RNCP39299,Ingénieur diplômé de l'Institut Catholique d'Arts et Métiers,17,3,correspondance_officielle_france_competences,officiel
RNCP39304,"Ingénieur diplômé de l’École nationale supérieure d'arts et métiers, spécialité mécanique et mécatronique",17,3,correspondance_officielle_france_competences,officiel
RNCP39329,"Ingénieur diplômé de l'Université de Technologie de Belfort - Montbéliard, spécialité : Énergie et Génie Électrique",16,2,correspondance_officielle_france_competences,officiel
RNCP39335,"Ingénieur diplômé de l’École Polytechnique Universitaire de Sorbonne Université, spécialité Sciences de la Terre",14,1,correspondance_officielle_france_competences,officiel
RNCP39433, Ingénierie de la santé (fiche nationale),16,2,correspondance_officielle_france_competences,officiel
RNCP39559,"Ingénieur diplômé de l’école polytechnique universitaire de l’institut national polytechnique Clermont Auvergne, spécialité génie physique",17,3,correspondance_officielle_france_competences,officiel
RNCP39564,Ingénieur diplômé de l'institut supérieur des matériaux du Mans,14,1,correspondance_officielle_france_competences,officiel
RNCP39773,Expert en digitalisation et exploitation des bâtiments,14,1,correspondance_officielle_france_competences,officiel
RNCP39802,"Ingénieur diplômé du Conservatoire national des arts et métiers, spécialité Chimie",16,2,correspondance_officielle_france_competences,officiel
RNCP39922,Diplôme d'ingénieur de l'Ecole Nationale Supérieure de Mécanique et d'Aérotechnique (ENSMA),17,3,correspondance_officielle_france_competences,officiel
RNCP40113,Mathématiques (fiche nationale),16,3,correspondance_officielle_france_competences,officiel
RNCP40127,"Ingénieur diplômé de l'Ecole internationale du papier, de la communication imprimée et des biomatériaux de l’Institut polytechnique de Grenoble",17,3,correspondance_officielle_france_competences,officiel
RNCP40261,Technicien en conception d'études et développement électronique,14,1,correspondance_officielle_france_competences,officiel
RNCP40348,Expert en accompagnement à la transition par la bioinspiration et le design (MS),15,2,correspondance_officielle_france_competences,officiel
RNCP40422,Ingénieur diplômé de l’École nationale supérieure agronomique de Toulouse de l'Institut national polytechnique de Toulouse,17,3,correspondance_officielle_france_competences,officiel
RNCP40436,Sciences et ingénierie - Ingénierie responsable et transformations digitales,17,3,correspondance_officielle_france_competences,officiel
RNCP40522,Ingénieur diplômé de l'Ecole Nationale Supérieure de Chimie de Montpellier,16,2,correspondance_officielle_france_competences,officiel
RNCP40693,Ingénieur diplômé de l'Ecole d'ingénieurs en génie des systèmes industriels (EIGSI),17,3,correspondance_officielle_france_competences,officiel
RNCP40702,Ingénieur diplômé du CESI spécialité Systèmes électriques et électroniques embarqués,18,3,correspondance_officielle_france_competences,officiel
RNCP40749,"Ingénieur diplômé de l’Ecole polytechnique universitaire de l'université de Lille, spécialité instrumentation",14,1,correspondance_officielle_france_competences,officiel
RNCP40754,Ingénieur diplômé de l'Ecole Supérieure des Technologies Industrielles Avancées (ESTIA),17,3,correspondance_officielle_france_competences,officiel
RNCP40761,"Ingénieur diplômé de l’École nationale supérieure des mines de Nancy de l'université de Lorraine, spécialité génie mécanique",17,3,correspondance_officielle_france_competences,officiel
RNCP40782,Ingénieur diplômé de l’institut d’optique théorique et appliquée,16,2,correspondance_officielle_france_competences,officiel
RNCP40936,"Ingénieur diplômé de l'Institut Polytechnique UniLaSalle, spécialité Génie de l'environnement",14,1,correspondance_officielle_france_competences,officiel
RNCP40958,"Ingénieur spécialisé en Transition écologique et climatique des territoires et des organisations, diplômé de l'Ecole nationale supérieure des mines de Saint-Etienne, de l'Institut Mines-Télécom",14,1,correspondance_officielle_france_competences,officiel
RNCP41020,"Ingénieur diplômé de l’Institut supérieur de mécanique de Paris, spécialité Génie Industriel pour l’Aéronautique et l’Espace",17,3,correspondance_officielle_france_competences,officiel
RNCP41026,"Ingénieur spécialisé pour une industrie digitalisée, écoresponsable et efficiente des polymères et composites, diplômé de l’institut national des sciences appliquées de Lyon",17,3,correspondance_officielle_france_competences,officiel
RNCP41071,Physique appliquée et capteurs industriels,18,3,correspondance_officielle_france_competences,officiel
RNCP41102,Expert en stratégie d'innovation durable par le design (MS),15,2,correspondance_officielle_france_competences,officiel
RNCP41173,"Ingénieur de l'institut des sciences et techniques des Yvelines de l'université de Versailles-Saint-Quentin-en-Yvelines, spécialité systèmes numériques et production industrielle",17,3,correspondance_officielle_france_competences,officiel
RNCP41207,"Ingénieur diplômé de l'École supérieure de Chimie, Physique, Electronique de Lyon, spécialité Biotechnologies et génie des procédés biologiques",17,3,correspondance_officielle_france_competences,officiel
RNCP41212,"Ingénieur diplômé de l'institut national des sciences appliquées de Toulouse, spécialité génie mécanique",16,2,correspondance_officielle_france_competences,officiel
RNCP41269," Ingénieur diplômé de l’ENSIL-ENSCI de l'Université de Limoges, Spécialité Matériaux",17,3,correspondance_officielle_france_competences,officiel
RNCP41372,"Ingénieur diplômé de l'institut national des sciences appliquées de Rennes, spécialité génie physique et matériaux",17,3,correspondance_officielle_france_competences,officiel
RNCP41567,Génie biologique : Science de l'aliment et biotechnologie,16,2,correspondance_officielle_france_competences,officiel
RNCP41595,Mesures physiques : Techniques d'instrumentation,15,2,correspondance_officielle_france_competences,officiel
RNCP41711,Manager expert du développement et de la production de produits de mode ,24,3,correspondance_officielle_france_competences,officiel
RNCP41824,"Ingénieur diplômé de l'institut national des sciences appliquées de Rennes, spécialité mathématiques appliquées",28,4,correspondance_officielle_france_competences,officiel
RNCP42007,"Ingénieur diplômé de CentraleSupélec, spécialité Electronique",14,1,correspondance_officielle_france_competences,officiel
RNCP42168,Expert en digitalisation et exploitation des bâtiments,17,2,correspondance_officielle_france_competences,officiel
RNCP42225,"Ingénieur diplômé de l’EPF, spécialité production et robotique",15,2,correspondance_officielle_france_competences,officiel
RNCP42279,"Ingénieur diplômé de l’École nationale supérieure d’ingénieurs de Bretagne Sud de l’université de Bretagne-Sud, spécialité  génie industriel",17,3,correspondance_officielle_france_competences,officiel
RNCP42288,"Ingénieur diplômé de l’École polytechnique universitaire de l'université Lyon-I, spécialité génie industriel ",17,3,correspondance_officielle_france_competences,officiel
RNCP42337,Expert en management et stratégie de l’innovation technologique responsable (MS),21,2,correspondance_officielle_france_competences,officiel
RNCP42433, Ingénieur diplômé du Conservatoire national des arts et métiers spécialité Génie biologique,16,2,correspondance_officielle_france_competences,officiel
RNCP42448,"Ingénieur diplômé du Conservatoire national des arts et métiers, spécialité Génie électrique",15,2,correspondance_officielle_france_competences,officiel
RNCP42452,"Ingénieur diplômé de l’École nationale supérieure d'arts et métiers, spécialité mécanique et mécatronique",17,3,correspondance_officielle_france_competences,officiel
RNCP42457,"Ingénieur diplômé d'ECAM LaSalle, spécialité génie industriel et mécanique",17,3,correspondance_officielle_france_competences,officiel
RNCP42561,"Ingénieur spécialisé pour l'industrie des polymères et composites – Eco-responsabilité, efficience et digitalisation",17,3,correspondance_officielle_france_competences,officiel
RNCP42570,"Ingénieur diplômé du Conservatoire national des arts et métiers, spécialité Production et systèmes numériques ",17,3,correspondance_officielle_france_competences,officiel
RNCP42575,"Ingénieur diplômé du Conservatoire national des arts et métiers, spécialité Matériaux ",17,3,correspondance_officielle_france_competences,officiel
RNCP42585,Ingénieur diplômé de l’Institut supérieur d’études logistiques de l’Université Le Havre Normandie spécialité Mécanique et production,17,3,correspondance_officielle_france_competences,officiel
RNCP42602,Ingénieur diplômé de l’Ecole nationale supérieure de génie industriel de l’Institut polytechnique de Grenoble,17,3,correspondance_officielle_france_competences,officiel
RNCP42607,Ingénieur diplômé de l’Institut supérieur d’études logistiques de l’Université du Havre spécialité Génie énergétique et électrique,16,2,correspondance_officielle_france_competences,officiel
RNCP42692,"Ingénieur diplômé de l'Ecole nationale supérieure des ingénieurs en arts chimiques et technologiques, spécialité matériaux",17,3,correspondance_officielle_france_competences,officiel
RNCP42722,"Ingénieur diplômé de l’École d’ingénieurs SIGMA Clermont de l’Institut National Polytechnique Clermont Auvergne, spécialité mécanique",17,3,correspondance_officielle_france_competences,officiel
RNCP39045,"Ingénieur diplômé de l’école d’ingénieurs de l’université de Caen, spécialité génie nucléaire",3,2,correspondance_officielle_france_competences,officiel
RNCP39411,"Chef d'atelier de maintenance des matériels de parachutage et de largage : option ""Superviser la visite et le conditionnement des matériels de parachutage et de largage"" - option ""Superviser le contrôle et la réparation des matériels de parachutage et de largage""",2,1,correspondance_officielle_france_competences,officiel
RNCP39972,CQP Responsable d'équipe du secteur alimentaire,2,1,correspondance_officielle_france_competences,officiel
RNCP40722,Maintenance et technologie : organisation de la maintenance (fiche nationale),3,2,correspondance_officielle_france_competences,officiel
RNCP41596,"Ingénieur diplômé de l'école polytechnique universitaire de l'université d'Orléans, spécialité Génie industriel",3,2,correspondance_officielle_france_competences,officiel
RNCP41774,Manager de business unit,7,2,correspondance_officielle_france_competences,officiel
RNCP42580,Ingénieur diplômé de l’Institut supérieur d’études logistiques de l’Université du Havre spécialité Génie industriel,2,1,correspondance_officielle_france_competences,officiel
RNCP42742,Responsable de production et de transformation d'énergie de propulsion nucléaire,2,1,correspondance_officielle_france_competences,officiel
RNCP36061,Administrateur système DevOps,22,2,correspondance_officielle_france_competences,officiel
RNCP36164,Technicien veilleur de cybersécurité,20,3,correspondance_officielle_france_competences,officiel
RNCP41807,"Administrateur des systèmes, réseaux et sécurité",19,2,correspondance_officielle_france_competences,officiel
RNCP42617,Chargé des ressources humaines ,13,3,correspondance_officielle_france_competences,officiel
RNCP40547,Histoire et philosophie des sciences (fiche nationale),1,1,correspondance_officielle_france_competences,officiel
RNCP41997,Manager de projets événementiels et touristiques,22,3,correspondance_officielle_france_competences,officiel
RNCP36368,Manager du développement d’affaires à l’international,11,3,correspondance_officielle_france_competences,officiel
RNCP37341,Manager des achats  (MS),3,1,correspondance_officielle_france_competences,officiel
RNCP42667,Manager mode et luxe,11,3,correspondance_officielle_france_competences,officiel
RNCP40487,Maintenance et technologie : systèmes pluritechniques (fiche nationale),2,2,correspondance_officielle_france_competences,officiel
RNCP42240,"ingénieur diplômé de l’Ecole polytechnique universitaire de Savoie de l’université de Chambéry, spécialité  mécanique",1,1,correspondance_officielle_france_competences,officiel
RNCP35924,Gestion (fiche nationale),6,3,correspondance_officielle_france_competences,officiel
RNCP40811,Diplôme d'études supérieures en management international des entreprises (DESMIE),6,3,correspondance_officielle_france_competences,officiel
RNCP39400,Expert des marchés et instruments financiers,12,1,correspondance_officielle_france_competences,officiel
RNCP39481,Programme grande école,16,3,correspondance_officielle_france_competences,officiel
RNCP41035,Diplôme Supérieur en Finance des Marchés et des Entreprises,13,2,correspondance_officielle_france_competences,officiel
RNCP41224,Diplôme en économie et finance,13,2,correspondance_officielle_france_competences,officiel
RNCP41793,Expert en management des risques,12,1,correspondance_officielle_france_competences,officiel
RNCP41881,Expert en finance de marché,24,2,correspondance_officielle_france_competences,officiel
RNCP42071,Expert en banque et ingénierie financière (MS),24,2,correspondance_officielle_france_competences,officiel
RNCP37215,Développement et exploitation de parcs informatiques,11,2,correspondance_officielle_france_competences,officiel
RNCP39253,Auteur réalisateur,3,1,correspondance_officielle_france_competences,officiel
RNCP41244,Diplôme d’études supérieures en film d’animation (Desfa),3,1,correspondance_officielle_france_competences,officiel
RNCP41660,Cadreur - opérateur de prises de vues,3,1,correspondance_officielle_france_competences,officiel
RNCP35878,Chargé des ressources humaines,4,2,correspondance_officielle_france_competences,officiel
RNCP36143,Chargé des ressources humaines,4,2,correspondance_officielle_france_competences,officiel
RNCP36210,Responsable de projets de formation,6,2,correspondance_officielle_france_competences,officiel
RNCP36500,Chargé de recrutement et conseils en ressources humaines,3,1,correspondance_officielle_france_competences,officiel
RNCP38836,Responsable du développement des ressources humaines ,4,2,correspondance_officielle_france_competences,officiel
RNCP39786,Coach professionnel,3,1,correspondance_officielle_france_competences,officiel
RNCP39997,Manager du développement des ressources humaines,4,2,correspondance_officielle_france_competences,officiel
RNCP40663,Coach professionnel,7,3,correspondance_officielle_france_competences,officiel
RNCP40908,Chargé de développement ressources humaines,3,1,correspondance_officielle_france_competences,officiel
RNCP41347,Coach Professionnel,6,2,correspondance_officielle_france_competences,officiel
RNCP42638,Manager des ressources humaines,4,2,correspondance_officielle_france_competences,officiel
RNCP40053,Métiers du BTP : performance énergétique et environnementale des bâtiments (fiche nationale),1,1,correspondance_officielle_france_competences,officiel
RNCP35377,Gestion des entreprises et des administrations : gestion entrepreneuriat et management d’activités,10,3,correspondance_officielle_france_competences,officiel
RNCP35915,Management et commerce international (fiche nationale),15,3,correspondance_officielle_france_competences,officiel
RNCP35961,Manager de Business Unit,7,1,correspondance_officielle_france_competences,officiel
RNCP37074,Manager du développement dans la filière vins et spiritueux,10,2,correspondance_officielle_france_competences,officiel
RNCP37164,Manager Marketing,9,3,correspondance_officielle_france_competences,officiel
RNCP38092,Programme Grande Ecole,12,2,correspondance_officielle_france_competences,officiel
RNCP38756,Diplôme en Management International des Affaires,12,2,correspondance_officielle_france_competences,officiel
RNCP39078,Management et Organisation,10,2,correspondance_officielle_france_competences,officiel
RNCP39211,Manager responsable des organisations sportives (MS),10,2,correspondance_officielle_france_competences,officiel
RNCP39913,"Ingénieur diplômé de l’Institut Agro Rennes-Angers de l’Institut national d’enseignement supérieur pour l’agriculture, l’alimentation et l’environnement (Institut Agro), spécialité horticulture",8,2,correspondance_officielle_france_competences,officiel
RNCP40727,Diplôme d'études supérieures en management,13,3,correspondance_officielle_france_competences,officiel
RNCP40893,Chef de projets marketing et communication,7,1,correspondance_officielle_france_competences,officiel
RNCP41107,Responsable marketing et communication,10,2,correspondance_officielle_france_competences,officiel
RNCP41141,Product manager,7,1,correspondance_officielle_france_competences,officiel
RNCP41641,Manager expert de la filière équine (MS),10,2,correspondance_officielle_france_competences,officiel
RNCP42081,Laveur de citernes alimentaires,1,1,correspondance_officielle_france_competences,officiel
RNCP37398,Conducteur d'installation et de machines automatisées,1,1,correspondance_officielle_france_competences,officiel
RNCP40101,"Systèmes automatisés, réseaux et informatique industrielle (fiche nationale)",1,1,correspondance_officielle_france_competences,officiel
RNCP40384,CQP Technicien de maintenance en hydraulique,1,1,correspondance_officielle_france_competences,officiel
RNCP41893,Chef d’équipe d’exploitation et de maintenance des systèmes d’armes et installations automatisées,2,2,correspondance_officielle_france_competences,officiel
RNCP40171,Opérateur de production,2,1,correspondance_officielle_france_competences,officiel
RNCP36555,Diplôme d'études supérieures en management,10,3,correspondance_officielle_france_competences,officiel
RNCP37968,Diplôme d'Etudes Supérieures en Gestion,8,2,correspondance_officielle_france_competences,officiel
RNCP38755,Diplôme supérieur en développement digital et commercial ,9,3,correspondance_officielle_france_competences,officiel
RNCP38830,Chargé d'affaires commerciales,9,3,correspondance_officielle_france_competences,officiel
RNCP39135,Gestion et Développement Commercial,5,2,correspondance_officielle_france_competences,officiel
RNCP39270,Diplôme de gestion et d'administration des affaires,3,1,correspondance_officielle_france_competences,officiel
RNCP40257,Manager d'affaires,8,2,correspondance_officielle_france_competences,officiel
RNCP41688,Manager en ingénierie d'affaires et performance commerciale,8,2,correspondance_officielle_france_competences,officiel
RNCP42267,Diplôme en management international des arts culinaires,3,1,correspondance_officielle_france_competences,officiel
RNCP42677,Programme grande école,4,2,correspondance_officielle_france_competences,officiel
RNCP38404,Vendeur conseil en produits techniques pour l'habitat,2,1,correspondance_officielle_france_competences,officiel
RNCP39859,Photographe entrepreneur,3,2,correspondance_officielle_france_competences,officiel
RNCP42662,Employé de vente polyvalent en magasin,2,1,correspondance_officielle_france_competences,officiel
RNCP40699,Opérateur régleur en usinage assisté par ordinateur,1,1,correspondance_officielle_france_competences,officiel
RNCP41287,Technicien reconstructeur de moteurs thermiques et d'organes,1,1,correspondance_officielle_france_competences,officiel
RNCP38681,Formateur aux métiers de la sécurité,3,1,correspondance_officielle_france_competences,officiel
RNCP39506,Français langue étrangère (fiche nationale),3,1,correspondance_officielle_france_competences,officiel
RNCP40098,"Langues, littératures et civilisations étrangères et régionales (fiche nationale)",3,1,correspondance_officielle_france_competences,officiel
RNCP39136,Diplôme des Instituts d’Études Politiques – Sciences Po,1,1,correspondance_officielle_france_competences,officiel
RNCP39194,"Géographie, aménagement, environnement et développement (fiche nationale)",2,2,correspondance_officielle_france_competences,officiel
RNCP39275,Diplôme Supérieur en Management Stratégique des Transitions,1,1,correspondance_officielle_france_competences,officiel
RNCP39810,"Economie, Science Politique (fiche nationale)",2,2,correspondance_officielle_france_competences,officiel
RNCP39867,"Expert analyste en relations internationales, intelligence stratégique et diplomatique ",1,1,correspondance_officielle_france_competences,officiel
RNCP40647,Consultant en intelligence économique,1,1,correspondance_officielle_france_competences,officiel
RNCP40855,Expert en science des données pour la connaissance client (MS),1,1,correspondance_officielle_france_competences,officiel
RNCP41383,Ville et environnements urbains (fiche nationale),1,1,correspondance_officielle_france_competences,officiel
RNCP41629,"Territoires, espaces, sociétés (fiche nationale)",1,1,correspondance_officielle_france_competences,officiel
RNCP42253,Humanités médicales (fiche nationale),1,1,correspondance_officielle_france_competences,officiel
RNCP42262,"Sciences, humanités et société",2,2,correspondance_officielle_france_competences,officiel
RNCP42727,Sciences cognitives (fiche nationale),2,2,correspondance_officielle_france_competences,officiel
RNCP37232,Artisanat et métiers d’art option communication visuelle pluri-média,1,1,correspondance_officielle_france_competences,officiel
RNCP41089,Graphiste Eco-concepteur,1,1,correspondance_officielle_france_competences,officiel
RNCP39466,"Histoire, civilisations, patrimoine (fiche nationale)",1,1,correspondance_officielle_france_competences,officiel
RNCP39478,Droit canonique (fiche nationale),1,1,correspondance_officielle_france_competences,officiel
RNCP40143,Auxiliaire de bibliothèque,1,1,correspondance_officielle_france_competences,officiel
RNCP40861,Documentaliste multimédia ,1,1,correspondance_officielle_france_competences,officiel
RNCP36058,Ingénieur diplômé de l'ISTOM,1,1,correspondance_officielle_france_competences,officiel
RNCP38212,Ingénieur diplômé de l'Ecole nationale du génie de l'eau et de l'environnement de Strasbourg,2,2,correspondance_officielle_france_competences,officiel
RNCP38299,"Economie de l’environnement, de l’énergie et des transports (fiche nationale)",1,1,correspondance_officielle_france_competences,officiel
RNCP38610,Technicien de rivière GEMAPI,1,1,correspondance_officielle_france_competences,officiel
RNCP39184,Gestion de l'environnement (fiche nationale),1,1,correspondance_officielle_france_competences,officiel
RNCP39281,Sciences de l'eau (fiche nationale),1,1,correspondance_officielle_france_competences,officiel
RNCP40542,Sciences et Ingénierie - Environnement et développement durable,1,1,correspondance_officielle_france_competences,officiel
RNCP41263,Géographie (fiche nationale),1,1,correspondance_officielle_france_competences,officiel
RNCP41513,Élevage et transitions,1,1,correspondance_officielle_france_competences,officiel
RNCP41728,Coordinateur de projets à impact social et environnemental,1,1,correspondance_officielle_france_competences,officiel
RNCP42048,Expert en stratégie et négociation pour le management des écosystèmes à l’international (MS),1,1,correspondance_officielle_france_competences,officiel
RNCP42301,Sciences et Ingénierie - Agronomie,1,1,correspondance_officielle_france_competences,officiel
RNCP42576,Ingénieur diplômé de l'ISTOM,1,1,correspondance_officielle_france_competences,officiel
RNCP39612,"Responsable développement commercial mode, luxe, beauté ",7,2,correspondance_officielle_france_competences,officiel
RNCP40843,Directeur de création en design graphique,2,1,correspondance_officielle_france_competences,officiel
RNCP36239,Technicien d'études en agencement intérieur,1,1,correspondance_officielle_france_competences,officiel
RNCP37293,Dessinateur projeteur d'ouvrages de métallerie,1,1,correspondance_officielle_france_competences,officiel
RNCP41531,Technicien d'études en construction bois,1,1,correspondance_officielle_france_competences,officiel
RNCP41606,Métiers de la transition et de l'efficacité énergétiques : Réalisation des installations énergétiques pour le bâtiment et l’industrie,1,1,correspondance_officielle_france_competences,officiel
RNCP42103,Dessinateur projeteur en électricité du bâtiment ,1,1,correspondance_officielle_france_competences,officiel
RNCP41406,Responsable d'administration communale (DU),1,1,correspondance_officielle_france_competences,officiel
RNCP42091,Manager d'unité fonctionnelle et opérationnelle,1,1,correspondance_officielle_france_competences,officiel
RNCP42245,EBP international - Diplôme de l'école multinationale des affaires,1,1,correspondance_officielle_france_competences,officiel
RNCP39405,Certificat de matelot électrotechnicien ,1,1,correspondance_officielle_france_competences,officiel
RNCP39406,Certificat d'aptitude professionnelle maritime,1,1,correspondance_officielle_france_competences,officiel
RNCP39815,Certificat de mécanicien de quart machine ,1,1,correspondance_officielle_france_competences,officiel
RNCP39821,Brevet de chef mécanicien 3 000 kW,1,1,correspondance_officielle_france_competences,officiel
RNCP39933,Brevet d'officier électrotechnicien,1,1,correspondance_officielle_france_competences,officiel
RNCP40190,Brevet de capitaine de 1re classe de navigation maritime,1,1,correspondance_officielle_france_competences,officiel
RNCP41522,Chef d'équipe d'exploitation et de maintenance de systèmes énergie propulsion,1,1,correspondance_officielle_france_competences,officiel
RNCP42019,Education et travail des jeunes équidés,1,1,correspondance_officielle_france_competences,officiel
RNCP38158,Droit (fiche nationale) ,2,1,correspondance_officielle_france_competences,officiel
RNCP38973,Droit notarial (fiche nationale),2,1,correspondance_officielle_france_competences,officiel
RNCP40652,Délégué à la protection des données (DPO),2,1,correspondance_officielle_france_competences,officiel
RNCP42328,Juriste d'affaires,2,1,correspondance_officielle_france_competences,officiel
RNCP42557,Juriste européen (fiche nationale),2,1,correspondance_officielle_france_competences,officiel
RNCP35407,Génie Électrique et Informatique Industrielle : Électricité et Maîtrise de l'Énergie,1,1,correspondance_officielle_france_competences,officiel
RNCP36772,"Analyses biologiques, biotechnologiques, agricoles et environnementales (ANABIOTEC)",1,1,correspondance_officielle_france_competences,officiel
RNCP38701,Chimie (fiche nationale),1,1,correspondance_officielle_france_competences,officiel
RNCP38979,"Physique, chimie (fiche nationale)",1,1,correspondance_officielle_france_competences,officiel
RNCP39084,Technicien supérieur physicien chimiste,1,1,correspondance_officielle_france_competences,officiel
RNCP40476,"Analyse, qualité et contrôle des matériaux produits (fiche nationale)",1,1,correspondance_officielle_france_competences,officiel
RNCP40500," Industries pharmaceutiques, cosmétologiques et de santé : gestion, production et valorisation (fiche nationale)",1,1,correspondance_officielle_france_competences,officiel
RNCP41600,Génie biologique : Diététique et nutrition,1,1,correspondance_officielle_france_competences,officiel
RNCP42013,Management et innovation dans les métiers de bouche (fiche nationale),1,1,correspondance_officielle_france_competences,officiel
RNCP36171,Agent d'assemblage et de maintenance de batteries d'accumulateurs,1,1,correspondance_officielle_france_competences,officiel
RNCP40669,Monteur-câbleur de circuit imprimé équipé ,1,1,correspondance_officielle_france_competences,officiel
RNCP39500,Docteur en médecine ,1,1,correspondance_officielle_france_competences,officiel
RNCP36287,Expert en stratégie digitale ,13,1,correspondance_officielle_france_competences,officiel
RNCP36473,CQP Préparateur méthodes de fabrication,1,1,correspondance_officielle_france_competences,officiel
RNCP39439,Management et nouvelles technologies,9,3,correspondance_officielle_france_competences,officiel
RNCP39581,Ingénieur projet construction,1,1,correspondance_officielle_france_competences,officiel
RNCP39014,Economie du développement (fiche nationale),13,2,correspondance_officielle_france_competences,officiel
RNCP38359,Assurance,3,2,correspondance_officielle_france_competences,officiel
RNCP41650,Conseiller gestionnaire banque assurance,2,2,correspondance_officielle_france_competences,officiel
RNCP40038,Orthoprothésiste,1,1,correspondance_officielle_france_competences,officiel
RNCP41303,Monteur en ventilation,1,1,correspondance_officielle_france_competences,officiel
RNCP41871,Installateur en pompe à chaleur et climatisation,1,1,correspondance_officielle_france_competences,officiel
RNCP41581,Génie mécanique et productique : Conception et production durables,1,1,correspondance_officielle_france_competences,officiel
RNCP40743,Auxiliaire de puériculture,1,1,correspondance_officielle_france_competences,officiel
RNCP41435,CQP Directeur de caisse ou d'agence,3,2,correspondance_officielle_france_competences,officiel
RNCP37912,Analyste opérationnel de renseignement,1,1,correspondance_officielle_france_competences,officiel
RNCP38161,Droit de l'économie (fiche nationale),3,2,correspondance_officielle_france_competences,officiel
RNCP38991,Psychologie : Neuropsychologie (fiche nationale),1,1,correspondance_officielle_france_competences,officiel
RNCP39241,Manager opérationnel en hôtellerie de luxe ,2,1,correspondance_officielle_france_competences,officiel
RNCP35801,Conseil et commercialisation de solutions techniques ,1,1,correspondance_officielle_france_competences,officiel
RNCP36710,Expert en efficacité énergétique dans la rénovation des bâtiments (MS),1,1,correspondance_officielle_france_competences,officiel
RNCP38086,"Ingénieur diplômé de l’école nationale d'ingénieurs de Saint-Étienne de l’école centrale de Lyon, spécialité génie civil",1,1,correspondance_officielle_france_competences,officiel
RNCP42030,"ingénieur diplômé de l’Ecole polytechnique universitaire de Savoie de l’université de Chambéry, spécialité bâtiment",1,1,correspondance_officielle_france_competences,officiel
RNCP38762,Techniques du tour en boulangerie et en pâtisserie,1,1,correspondance_officielle_france_competences,officiel
RNCP37548,Diplome d’études avancées en management durable,1,1,correspondance_officielle_france_competences,officiel
RNCP38128,Chargé d'affaires réseaux,1,1,correspondance_officielle_france_competences,officiel
RNCP38042,Conseiller financier de clientèle professionnelle,1,1,correspondance_officielle_france_competences,officiel
RNCP38381,Banque,1,1,correspondance_officielle_france_competences,officiel
RNCP41400,CQP Chargé d'affaires agriculture/viticulture ,1,1,correspondance_officielle_france_competences,officiel
RNCP42621,Conseiller financier de clientèle professionnelle,1,1,correspondance_officielle_france_competences,officiel
RNCP37445,Technicien d'intervention de réseaux de télécommunications en fibre optique,1,1,correspondance_officielle_france_competences,officiel
RNCP37252,Diplôme d’études supérieures de management stratégique d’activités internationales,16,3,correspondance_officielle_france_competences,officiel
RNCP35908, Management des systèmes d’information (fiche nationale),288,4,correspondance_officielle_france_competences,officiel
RNCP35994,"Ingénieur diplômé de l’Ecole Polytechnique Universitaire de Savoie de l'Université de Chambéry, Spécialité Informatique",301,5,correspondance_officielle_france_competences,officiel
RNCP36793,"Ingénieur diplômé de l’école nationale supérieure d'électronique, informatique, télécommunications, mathématique et mécanique de Bordeaux de l’institut polytechnique de Bordeaux, spécialité réseaux et informatique",281,5,correspondance_officielle_france_competences,officiel
RNCP36909,Manager du numérique et du système d’information,266,3,correspondance_officielle_france_competences,officiel
RNCP37744,Expert en ingénierie informatique,292,4,correspondance_officielle_france_competences,officiel
RNCP37843,Directeur de la donnée (chief data officer),289,5,correspondance_officielle_france_competences,officiel
RNCP38355,Intelligence économique (fiche nationale),279,4,correspondance_officielle_france_competences,officiel
RNCP38637,"Ingénieur diplômé de l'Ecole nationale supérieure Mines-Télécom Atlantique Bretagne-Pays de la Loire de l'Institut Mines-Télécom, spécialité réseaux et télécommunications",291,4,correspondance_officielle_france_competences,officiel
RNCP38958,"Ingénieur diplômé de l'Université de Technologie de Belfort - Montbéliard, spécialité Informatique",293,5,correspondance_officielle_france_competences,officiel
RNCP39279,"Calcul haute performance, simulation (fiche nationale)",291,3,correspondance_officielle_france_competences,officiel
RNCP39775,Expert en ingénierie et science des données,293,5,correspondance_officielle_france_competences,officiel
RNCP40167,Expert en ingénierie de données massives et intelligence artificielle,292,4,correspondance_officielle_france_competences,officiel
RNCP40239,Directeur de projets informatiques,253,2,correspondance_officielle_france_competences,officiel
RNCP40574,Chef de projet en management de l'information stratégique,252,2,correspondance_officielle_france_competences,officiel
RNCP40637,"Ingénieur spécialisé en Management électricité et numérique, diplômé de l'Ecole nationale supérieure du pétrole et des moteurs",280,5,correspondance_officielle_france_competences,officiel
RNCP40745,Sciences et ingénierie - Cybersécurité et réseaux,286,5,correspondance_officielle_france_competences,officiel
RNCP40757,"Ingénieur diplômé de l'Ecole Polytechnique Universitaire de l'Université de Montpellier, spécialité Informatique",298,5,correspondance_officielle_france_competences,officiel
RNCP40791,"Systèmes d’information, Réseaux et Numérique",252,2,correspondance_officielle_france_competences,officiel
RNCP40859,Expert en architecture green IT et solutions applicatives écoresponsables,301,5,correspondance_officielle_france_competences,officiel
RNCP40873,Expert en solution connectée (IoT),292,4,correspondance_officielle_france_competences,officiel
RNCP40971,"ingénieur diplômé de l'Institut national des sciences appliquées de Lyon, spécialité informatique",309,5,correspondance_officielle_france_competences,officiel
RNCP41265,"Ingénieur diplômé de l'institut national des sciences appliquées de Rennes, spécialité informatique",309,5,correspondance_officielle_france_competences,officiel
RNCP41450,Expert en développement numérique responsable,290,3,correspondance_officielle_france_competences,officiel
RNCP41614,Réseaux & télécommunications : Pilotage de projets de réseaux,276,5,correspondance_officielle_france_competences,officiel
RNCP41772,Expert en transformation digitale et optimisation des systèmes industriels (MSc CGE),253,2,correspondance_officielle_france_competences,officiel
RNCP41847,"Responsable d’ingénierie des systèmes numériques, option « analyste et développement », option « systèmes et réseaux », option « télécommunications »",289,5,correspondance_officielle_france_competences,officiel
RNCP41878,Responsable green IT,290,3,correspondance_officielle_france_competences,officiel
RNCP42098,"Ingénieur diplômé de l’Ecole nationale supérieure Mines-Télécom Atlantique Bretagne Pays de la Loire de l’Institut Mines-Télécom, spécialité Informatique",292,4,correspondance_officielle_france_competences,officiel
RNCP42198,Responsable green IT,290,3,correspondance_officielle_france_competences,officiel
RNCP42658,Expert en ingénierie informatique,277,2,correspondance_officielle_france_competences,officiel
RNCP35973,Sciences et techniques des activités physiques et sportives : ergonomie du sport et performance motrice (fiche nationale),17,2,correspondance_officielle_france_competences,officiel
RNCP36178,"Ingénieur diplômé de l'École nationale supérieure d’électronique, informatique, télécommunications, mathématique et mécanique de Bordeaux de l’Institut polytechnique de Bordeaux, spécialité mathématiques appliquées et mécanique",17,2,correspondance_officielle_france_competences,officiel
RNCP37929,"Ingénieur diplômé de l'école polytechnique universitaire d'Université Côte d’Azur, spécialité Mathématiques Appliquées  ",68,5,correspondance_officielle_france_competences,officiel
RNCP38083,Ingénieur diplômé de l'Ecole Nationale Supérieure des Industries Chimiques de l'Université de Lorraine,19,3,correspondance_officielle_france_competences,officiel
RNCP38691,Nanosciences et nanotechnologies (fiche nationale),19,3,correspondance_officielle_france_competences,officiel
RNCP38708,Sciences et génie des matériaux (fiche nationale),19,3,correspondance_officielle_france_competences,officiel
RNCP38970,Biologie-Santé  (fiche nationale),17,2,correspondance_officielle_france_competences,officiel
RNCP39890,Santé (fiche nationale),4,2,correspondance_officielle_france_competences,officiel
RNCP40544,Sciences et Ingénierie- Biotechnologies,19,4,correspondance_officielle_france_competences,officiel
RNCP40618,Éthique (fiche nationale),3,1,correspondance_officielle_france_competences,officiel
RNCP41214, Ingénieur diplômé de CY Tech de CY Cergy Paris Université Spécialité Génie Civil,3,1,correspondance_officielle_france_competences,officiel
RNCP41284,Ingénieur diplômé de l’École supérieure de chimie organique et minérale,19,3,correspondance_officielle_france_competences,officiel
RNCP42223,"Ingénieur diplômé de l'Institut national des sciences appliquées de Lyon, spécialité biotechnologies et bioinformatique",18,3,correspondance_officielle_france_competences,officiel
RNCP35355,Techniques de commercialisation : business international : achat et vente,2,2,correspondance_officielle_france_competences,officiel
RNCP38488,Manager achats et supply chain,4,2,correspondance_officielle_france_competences,officiel
RNCP40456,"Ingénieur diplômé de l'ECAM Rennes - Louis de Broglie, spécialité Génie Industriel",18,4,correspondance_officielle_france_competences,officiel
RNCP42628,"Chef de produits mode, luxe et textile",8,2,correspondance_officielle_france_competences,officiel
RNCP36437,Diplôme d’études supérieures en management des affaires internationales (CESEM),7,3,correspondance_officielle_france_competences,officiel
RNCP37988,"Diplôme supérieur en marketing, vente et gestion",9,4,correspondance_officielle_france_competences,officiel
RNCP38071,Programme Grande Ecole,16,3,correspondance_officielle_france_competences,officiel
RNCP38759,"Diplôme d'études supérieures en management, sciences humaines et sciences appliquées",10,2,correspondance_officielle_france_competences,officiel
RNCP40108,Métiers de la gestion et de la comptabilité : contrôle de gestion (fiche nationale),7,3,correspondance_officielle_france_competences,officiel
RNCP41191,"Diplôme Supérieur en Marketing, Commerce et Gestion",7,3,correspondance_officielle_france_competences,officiel
RNCP41231,Diplôme Supérieur en Finance Internationale,15,2,correspondance_officielle_france_competences,officiel
RNCP41822,"Diplôme de responsable en marketing, commercialisation et gestion",7,3,correspondance_officielle_france_competences,officiel
RNCP42357,Contrôle de gestion et audit organisationnel (fiche nationale),16,3,correspondance_officielle_france_competences,officiel
RNCP35185,Technicien conseil vente en alimentation (produits alimentaires et boissons),1,1,correspondance_officielle_france_competences,officiel
RNCP35863,"Sommelier-conseil, caviste",1,1,correspondance_officielle_france_competences,officiel
RNCP37213,Commercialisation éco-responsable,1,1,correspondance_officielle_france_competences,officiel
RNCP37566,Employé traiteur,1,1,correspondance_officielle_france_competences,officiel
RNCP37602,Boucher-charcutier-traiteur ,1,1,correspondance_officielle_france_competences,officiel
RNCP38247,CQP Employé de magasin,2,2,correspondance_officielle_france_competences,officiel
RNCP38853,Commercialisation des vins,1,1,correspondance_officielle_france_competences,officiel
RNCP35493,Carrières Juridiques : Entreprise et Association,10,3,correspondance_officielle_france_competences,officiel
RNCP36628,Gestionnaire paie et administration sociale ,8,2,correspondance_officielle_france_competences,officiel
RNCP37177,Chargé des Ressources Humaines,8,3,correspondance_officielle_france_competences,officiel
RNCP39049,Conseiller en recrutement,8,3,correspondance_officielle_france_competences,officiel
RNCP39526,Assistant de gestion et d'administration du personnel,4,1,correspondance_officielle_france_competences,officiel
RNCP40110,Métiers de la GRH : assistant (fiche nationale),8,3,correspondance_officielle_france_competences,officiel
RNCP40988,Activités juridiques : métiers du droit social (fiche nationale),4,1,correspondance_officielle_france_competences,officiel
RNCP42405,Diplôme d'affaires internationales,5,2,correspondance_officielle_france_competences,officiel
RNCP37406,Directeur ingénierie sécuritaire,1,1,correspondance_officielle_france_competences,officiel
RNCP38176,Administration publique (fiche nationale),3,2,correspondance_officielle_france_competences,officiel
RNCP35795,"Ingénieur diplômé de l’institut national des sciences appliquées de Rouen, spécialité informatique industrielle",42,3,correspondance_officielle_france_competences,officiel
RNCP36146,Concepteur développeur de solutions digitales ,39,2,correspondance_officielle_france_competences,officiel
RNCP36855,Expert en gouvernance de la sécurité des réseaux et des systèmes (MS),39,2,correspondance_officielle_france_competences,officiel
RNCP36949,Numérique,26,1,correspondance_officielle_france_competences,officiel
RNCP37264,Architecte de solutions digitales pour le transport et la mobilité (MS),26,1,correspondance_officielle_france_competences,officiel
RNCP37625,Concepteur-développeur d'applications web et mobile,26,1,correspondance_officielle_france_competences,officiel
RNCP38319,"Ingénieur diplômé de Télécom Physique Strasbourg de l'université de Strasbourg, spécialité informatique et réseaux",63,5,correspondance_officielle_france_competences,officiel
RNCP38998,"Optique, image, vision, multimédia (fiche nationale)",55,4,correspondance_officielle_france_competences,officiel
RNCP39103,Chargé de développement de solutions applicatives ou logicielles,26,1,correspondance_officielle_france_competences,officiel
RNCP39234,Manager entrepreneurial de projet numérique et stratégie digitale,28,2,correspondance_officielle_france_competences,officiel
RNCP39333,"Ingénieur diplômé de l’École Polytechnique Universitaire de Sorbonne Université, spécialité Mathématiques Appliquées et Informatique",54,4,correspondance_officielle_france_competences,officiel
RNCP39783,Concepteur développeur de solutions informatiques,26,1,correspondance_officielle_france_competences,officiel
RNCP40116,Informatique (fiche nationale),59,5,correspondance_officielle_france_competences,officiel
RNCP40146,Chef de projets en solutions blockchain,26,1,correspondance_officielle_france_competences,officiel
RNCP40496,"Ingénieur diplômé de l'Institut national des sciences appliquées Centre Val de Loire, spécialité sécurité informatique",60,5,correspondance_officielle_france_competences,officiel
RNCP40551,Chef de projets en intelligence artificielle et sciences des données (MS),54,4,correspondance_officielle_france_competences,officiel
RNCP40704,"Ingénieur diplômé de l’école supérieure des techniques aéronautiques et de construction automobile, spécialité systèmes embarqués et numériques",40,2,correspondance_officielle_france_competences,officiel
RNCP40939,"Ingénieur diplômé de l'Ecole Nationale Supérieure d'Electrotechnique, d'Electronique, d'Informatique, d'Hydraulique et des Télécommunications, de l'Institut National Polytechnique de Toulouse- Spécialité Informatique et Télécommunications",40,3,correspondance_officielle_france_competences,officiel
RNCP40962,"Ingénieur diplômé de l’Ecole Polytechnique Universitaire de l’Institut polytechnique de Grenoble, Spécialité Informatique et Electronique",42,3,correspondance_officielle_france_competences,officiel
RNCP41312,Concepteur développeur de solutions blockchain ,49,3,correspondance_officielle_france_competences,officiel
RNCP41455,Concepteur développeur - Mainframe,26,1,correspondance_officielle_france_competences,officiel
RNCP41588,"Informatique : Réalisation d'applications : conception, développement, validation",39,2,correspondance_officielle_france_competences,officiel
RNCP41626,"Son, option son à l’image, option sonorisation, option arts sonores",26,1,correspondance_officielle_france_competences,officiel
RNCP41718,Manager de la transformation digitale et technologique no code,26,1,correspondance_officielle_france_competences,officiel
RNCP41813,Chef de projet data et intelligence artificielle,41,3,correspondance_officielle_france_competences,officiel
RNCP42015, Diplôme de l'Ecole Polytechnique - Science et technologie (délivré à titre international),53,4,correspondance_officielle_france_competences,officiel
RNCP42591,"Ingénieur diplômé de l’université de Toulouse, spécialité Robotique",43,3,correspondance_officielle_france_competences,officiel
RNCP42641,Développeur full stack,26,1,correspondance_officielle_france_competences,officiel
RNCP42724,"Ingénieur diplômé de l'Ecole nationale supérieure d'électrotechnique, d'électronique, d'informatique, d'hydraulique et des télécommunications, de l'Institut national polytechnique de Toulouse - Spécialité informatique et télécommunications",36,3,correspondance_officielle_france_competences,officiel
RNCP36051,Maintenance aéronautique (fiche nationale),15,2,correspondance_officielle_france_competences,officiel
RNCP36781,Géoénergies (fiche nationale),16,2,correspondance_officielle_france_competences,officiel
RNCP36856,Manager de la performance énergétique (MS),14,1,correspondance_officielle_france_competences,officiel
RNCP37047,Manager en biotechnologies,24,4,correspondance_officielle_france_competences,officiel
RNCP37592,"Ingénieur diplômé de l’université des Antilles, spécialité Environnement et matériaux",14,1,correspondance_officielle_france_competences,officiel
RNCP37626,Eco-énergéticien,16,3,correspondance_officielle_france_competences,officiel
RNCP37959,"Ingénieur diplômé de l'Ecole nationale supérieure d’agronomie et des industries alimentaires de l'Université de Lorraine, spécialité Industries alimentaires",17,3,correspondance_officielle_france_competences,officiel
RNCP37961,"Ingénieur diplômé de l’école polytechnique de l'université de Lorraine, spécialité Energétique et mécanique",17,3,correspondance_officielle_france_competences,officiel
RNCP38061,"Ingénieur diplômé de l'institut national des sciences appliquées de Strasbourg, spécialité génie énergétique",15,2,correspondance_officielle_france_competences,officiel
RNCP38321,"Ingénieur diplômé de l'Institut Supérieur de l'Electronique et du Numérique, spécialité électronique et informatique industrielle",30,4,correspondance_officielle_france_competences,officiel
RNCP38407,"Ingénieur diplômé de l'Institut Agro Dijon de l'Institut national d'enseignement supérieur pour l'agriculture, l'alimentation et l'environnement spécialité agroalimentaire",23,3,correspondance_officielle_france_competences,officiel
RNCP38688,"Energétique, thermique (fiche nationale)",16,2,correspondance_officielle_france_competences,officiel
RNCP38764,Management et Sciences de l'Ingénieur,14,1,correspondance_officielle_france_competences,officiel
RNCP38882,Développement et réalisation bois,14,1,correspondance_officielle_france_competences,officiel
RNCP38887,Ingénieur diplômé de l'école nationale supérieure de techniques avancées Bretagne,14,1,correspondance_officielle_france_competences,officiel
RNCP38932,Responsable de la numérisation des systèmes et processus de production,20,4,correspondance_officielle_france_competences,officiel
RNCP38975,"Electronique, énergie électrique, automatique (fiche nationale)",14,1,correspondance_officielle_france_competences,officiel
RNCP39027,"Ingénieur diplômé de l’Ecole d’ingénieurs de l’université de Caen, spécialité Agroalimentaire ",14,1,correspondance_officielle_france_competences,officiel
RNCP39057,"Ingénieur diplômé du Conservatoire national des arts et métiers, spécialité Matériaux, emballage et conditionnement",17,3,correspondance_officielle_france_competences,officiel
RNCP39094,Manager de l’innovation et du développement entrepreneurial (MS),14,1,correspondance_officielle_france_competences,officiel
RNCP39302,"Ingénieur diplômé de l’École nationale supérieure en génie des technologies industrielles de l’université de Pau, spécialité génie électrique et informatique industrielle ",19,3,correspondance_officielle_france_competences,officiel
RNCP39307,"Ingénieur diplômé du Conservatoire national des art et métiers, spécialité Aéronautique et espace ",17,3,correspondance_officielle_france_competences,officiel
RNCP39509,"Sciences de l'océan, de l'atmosphère et du climat (fiche nationale)",15,2,correspondance_officielle_france_competences,officiel
RNCP39517,Sciences de la vie (fiche nationale),15,2,correspondance_officielle_france_competences,officiel
RNCP39550,Sciences et Ingénierie - Génie énergétique et environnement ,14,1,correspondance_officielle_france_competences,officiel
RNCP39562,Ingénieur diplômé de l'École nationale supérieure des mines de Saint Étienne de l'institut Mines-Télécom ,16,2,correspondance_officielle_france_competences,officiel
RNCP39567,"Ingénieur diplômé de l’Ecole Polytechnique Universitaire de l’Université Lyon 1, spécialité Mécanique",17,3,correspondance_officielle_france_competences,officiel
RNCP39668,"Ingénieur Diplômé de l'Ecole Nationale de Mécanique et d'Aérotechnique, spécialité Génie industriel pour l'Aéronautique et l'Espace",17,3,correspondance_officielle_france_competences,officiel
RNCP39848,Chargé de projet en ingénierie numérique dans l'industrie,16,3,correspondance_officielle_france_competences,officiel
RNCP39850,Manager de la sécurité dans le système du transport aérien (MS),15,2,correspondance_officielle_france_competences,officiel
RNCP39880,Expert en digitalisation et exploitation des bâtiments,14,1,correspondance_officielle_france_competences,officiel
RNCP39895,"Ingénieur diplômé de l'institut national des sciences appliquées de Rouen, spécialité Génie Energétique",16,2,correspondance_officielle_france_competences,officiel
RNCP39896,"Ingénieur diplômé de l'institut national des sciences appliquées de Rouen, spécialité génie des procédés et gestion des risques",14,1,correspondance_officielle_france_competences,officiel
RNCP39910,Ingénieur diplômé de l’école supérieure du bois,14,1,correspondance_officielle_france_competences,officiel
RNCP39915,"Ingénieur diplômé de l’Institut Agro Rennes-Angers de l’Institut national d’enseignement supérieur pour l’agriculture, l’alimentation et l’environnement (Institut Agro), spécialité agronomie",16,3,correspondance_officielle_france_competences,officiel
RNCP39916,"Titre ingénieur - Ingénieur diplômé de l’École polytechnique universitaire de l’université Lyon-I, spécialité Matériaux",17,3,correspondance_officielle_france_competences,officiel
RNCP40021,Ingénieur diplômé de l’École Nationale Supérieure de Mécanique et des Microtechniques spécialité Microtechniques,15,2,correspondance_officielle_france_competences,officiel
RNCP40199,Ingénieur diplômé de CentraleSupélec,14,1,correspondance_officielle_france_competences,officiel
RNCP40455,Ingénieur diplômé de l'ECAM Rennes - Louis de Broglie,30,4,correspondance_officielle_france_competences,officiel
RNCP40752,"Ingénieur diplômé de l'institut national des sciences appliquées Centre Val de Loire, spécialité génie industriel",16,2,correspondance_officielle_france_competences,officiel
RNCP40768,"Ingénieur spécialisé en Ingénierie des projets éoliens offshore, diplômé de l'Ecole nationale supérieure du pétrole et des moteurs ",16,2,correspondance_officielle_france_competences,officiel
RNCP40784,Ingénieur diplômé de l’Institut Supérieur de l’Automobile et des Transports de l'Université Bourgogne Europe  - spécialité  Génie Industriel,17,3,correspondance_officielle_france_competences,officiel
RNCP40821,"Ingénieur diplômé de l'Institut national des sciences appliquées Hauts-de-France, spécialité Mécatronique ",17,3,correspondance_officielle_france_competences,officiel
RNCP40933,"Ingénieur diplômé de l’Institut Polytechnique UniLaSalle, spécialité Agronomie et Agro-Industries",20,4,correspondance_officielle_france_competences,officiel
RNCP40951,"Ingénieur diplômé de l'école polytechnique universitaire de Nantes Université, spécialité Thermique-Energétique",14,1,correspondance_officielle_france_competences,officiel
RNCP41029,"Ingénieur diplômé de l'Ecole nationale supérieure de l’énergie, de l’eau et de l’environnement de l’Institut polytechnique de Grenoble, spécialité énergie électrique et énergétique",16,2,correspondance_officielle_france_competences,officiel
RNCP41148,Ingénieur diplômé de l'école nationale supérieure Mines-Telecom Lille Douai de l'Institut Mines Telecom,16,2,correspondance_officielle_france_competences,officiel
RNCP41151,"Ingénieur diplômé de l’école nationale supérieure Mines-Télécom Lille Douai de l'Instutit Mines-Télécom, spécialité plasturgie et matériaux composites",17,3,correspondance_officielle_france_competences,officiel
RNCP41170,"Ingénieur diplômé de l'institut national des sciences appliquées de Toulouse, spécialité génie des procédés et environnement",17,3,correspondance_officielle_france_competences,officiel
RNCP41204,"Ingénieur diplômé de l’institut supérieur aquitain du bâtiment et des travaux publics de l'université de Pau, spécialité bâtiment et travaux publics",15,2,correspondance_officielle_france_competences,officiel
RNCP41247,Ingénieur diplômé de l’Ecole d’Ingénieurs du Littoral Côte d’Opale de l'Université du Littoral Côte d'Opale spécialité Génie Industriel,17,3,correspondance_officielle_france_competences,officiel
RNCP41260,"Ingénieur diplômé de l’école nationale supérieure en génie des technologies industrielles de l’université de Pau, spécialité énergétique",17,3,correspondance_officielle_france_competences,officiel
RNCP41271,"Ingénieur diplômé de l’École d’ingénieurs SIGMA Clermont de l’Institut National Polytechnique Clermont Auvergne, spécialité mécanique",17,3,correspondance_officielle_france_competences,officiel
RNCP41380,Ingénieur diplômé de l'Université Paris XIII spécialité Énergétique,14,1,correspondance_officielle_france_competences,officiel
RNCP41386,Créateur industriel,16,3,correspondance_officielle_france_competences,officiel
RNCP41403,Expert en hydrogène énergie (MS),14,1,correspondance_officielle_france_competences,officiel
RNCP41439,Responsable amélioration continue en industrie,17,3,correspondance_officielle_france_competences,officiel
RNCP41593,Mesures physiques : Matériaux et contrôles physico-chimiques,15,2,correspondance_officielle_france_competences,officiel
RNCP41924,"Sciences et ingénierie – Spécialité : Génie Mécanique, des matériaux et aérospatial",17,3,correspondance_officielle_france_competences,officiel
RNCP42010,"Ingénieur diplômé de l'Institut national des sciences appliquées de Lyon, spécialité génie électrique",17,3,correspondance_officielle_france_competences,officiel
RNCP42033,"ingénieur diplômé de l’Ecole polytechnique universitaire de Savoie de l’université de Chambéry, spécialité écologie industrielle",14,1,correspondance_officielle_france_competences,officiel
RNCP42229,"Ingénieur diplômé de l'Ecole nationale supérieure Mines-Télécom Atlantique Bretagne Pays de la Loire de l'Institut Mines-Télécom, spécialité écologie industrielle",18,4,correspondance_officielle_france_competences,officiel
RNCP42249,"Ingénieur diplômé de l’école polytechnique universitaire de l’institut national polytechnique Clermont Auvergne, spécialité génie biologique ",17,3,correspondance_officielle_france_competences,officiel
RNCP42275," Ingénieur diplômé de l’école polytechnique universitaire de l'université d'Angers, spécialité génie biologique et santé",16,2,correspondance_officielle_france_competences,officiel
RNCP42352,Management stratégique (fiche nationale),14,1,correspondance_officielle_france_competences,officiel
RNCP42378,"Ingénieur diplômé de l’école d'ingénieurs ENSIL- ENSCI de l'université de Limoges, spécialité électronique et télécommunications",18,4,correspondance_officielle_france_competences,officiel
RNCP42394,Ingénieur diplômé d'ECAM LaSalle,30,4,correspondance_officielle_france_competences,officiel
RNCP42406,Installations frigorifiques et de conditionnement d'air (Fiche nationale),15,2,correspondance_officielle_france_competences,officiel
RNCP42417,Ingénieur diplômé de l'école supérieure des agricultures ,15,2,correspondance_officielle_france_competences,officiel
RNCP42441,"Ingénieur diplômé du Conservatoire national des arts et métiers, spécialité Génie industriel",17,3,correspondance_officielle_france_competences,officiel
RNCP42472,Manager marketing et commercial dans les industries de santé (MS),25,4,correspondance_officielle_france_competences,officiel
RNCP42554,"Ingénieur diplômé de l’Ecole Polytechnique Universitaire de l’Institut polytechnique de Grenoble, spécialité Matériaux",19,3,correspondance_officielle_france_competences,officiel
RNCP42579,"Ingénieur diplômé du Conservatoire national des arts et métiers, spécialité Génie nucléaire ",14,1,correspondance_officielle_france_competences,officiel
RNCP42604,"Ingénieur diplômé de l'Ecole nationale supérieure des ingénieurs en arts chimiques et technologiques, spécialité génie chimique",18,4,correspondance_officielle_france_competences,officiel
RNCP42694,Ingénieur diplômé de l'Ecole nationale supérieure de mécanique et d'aérotechnique,17,3,correspondance_officielle_france_competences,officiel
RNCP42712,"Ingénieur diplômé de l'Institut supérieur de l'automobile et des transports de Nevers de l'université Bourgogne Europe, spécialité génie mécanique",15,2,correspondance_officielle_france_competences,officiel
RNCP42717,Ingénieur diplômé de l'Ecole nationale supérieure des mines de Saint-Etienne de l'Institut Mines-Télécom,16,2,correspondance_officielle_france_competences,officiel
RNCP42738, ingénieur diplômé de l’Ecole nationale supérieure de mécanique et des microtechniques,17,3,correspondance_officielle_france_competences,officiel
RNCP35350,"Qualité, Logistique Industrielle et Organisation : Management de la production",2,1,correspondance_officielle_france_competences,officiel
RNCP37812,"Ingénieur diplômé de l’école polytechnique de l'université de Lorraine, spécialité génie industriel et gestion des risques",3,2,correspondance_officielle_france_competences,officiel
RNCP38453,CQP Animateur d'équipe (CQPI),2,1,correspondance_officielle_france_competences,officiel
RNCP39218,Manager de l'amélioration continue (MS),3,2,correspondance_officielle_france_competences,officiel
RNCP39255,Manager de la chaîne logistique,2,1,correspondance_officielle_france_competences,officiel
RNCP39435,Diplôme de Direction des activités et des projets dans un contexte international,4,2,correspondance_officielle_france_competences,officiel
RNCP40524,"Ingénieur diplômé de l'institut national des sciences appliquées de Rennes, spécialité génie mécanique et automatique",3,2,correspondance_officielle_france_competences,officiel
RNCP40818,"Ingénieur diplômé de l'Institut national des sciences appliquées Hauts-de-France, spécialité Génie Industriel ",3,2,correspondance_officielle_france_competences,officiel
RNCP40967," Ingénieur diplômé de l’école polytechnique universitaire de l’institut national polytechnique Clermont Auvergne, spécialité génie industriel",3,2,correspondance_officielle_france_competences,officiel
RNCP41603,Métiers de la transition et de l'efficacité energétiques : Exploitation des installations énergétiques pour le bâtiment et l’industrie,2,1,correspondance_officielle_france_competences,officiel
RNCP41609,"Qualité, logistique industrielle et organisation : Organisation et supply chain",2,1,correspondance_officielle_france_competences,officiel
RNCP42492,Chargé de recyclage et écoconception en production plasturgie,3,2,correspondance_officielle_france_competences,officiel
RNCP35922,Entrepreneuriat et management de projets (fiche nationale),9,1,correspondance_officielle_france_competences,officiel
RNCP36118,"Ingénieur diplômé ECAM LaSalle, spécialité Systèmes Numériques et Génie Industriel",23,3,correspondance_officielle_france_competences,officiel
RNCP36462,Technicien systèmes réseaux et sécurité,20,3,correspondance_officielle_france_competences,officiel
RNCP38867,Infrastructures numériques (fiche nationale),11,3,correspondance_officielle_france_competences,officiel
RNCP40318,Technicien des médias interactifs et communicants (fiche nationale),12,4,correspondance_officielle_france_competences,officiel
RNCP41979,Technicien informatique systèmes et réseaux,20,3,correspondance_officielle_france_competences,officiel
RNCP42503,Spécialiste en cybersécurité,32,3,correspondance_officielle_france_competences,officiel
RNCP39022,"Psychologie clinique, psychopathologie et psychologie de la santé (fiche nationale)",4,2,correspondance_officielle_france_competences,officiel
RNCP38491,Manager des activités du tourisme et des voyages,20,3,correspondance_officielle_france_competences,officiel
RNCP38937,Manager des hébergements touristiques,12,1,correspondance_officielle_france_competences,officiel
RNCP35499,"Génie Industriel et Maintenance : Management, Méthodes et Maintenance Innovante",2,2,correspondance_officielle_france_competences,officiel
RNCP37391,"Cybersécurité, Informatique et réseaux, Électronique  - Option A : « Informatique et réseaux », Option B : « Électronique et réseaux »",1,1,correspondance_officielle_france_competences,officiel
RNCP39017,Economie (fiche nationale),14,3,correspondance_officielle_france_competences,officiel
RNCP41599,Gestion administrative et commerciale des organisations : Management responsable de projet et entrepreneuriat,1,1,correspondance_officielle_france_competences,officiel
RNCP42435,Communication multimédia et outils numériques ,1,1,correspondance_officielle_france_competences,officiel
RNCP35913, Finance (fiche nationale),25,3,correspondance_officielle_france_competences,officiel
RNCP36021,Expert en ingénierie financière et fiscale (MS),12,1,correspondance_officielle_france_competences,officiel
RNCP36845,Diplôme d’études supérieures d’analyste financier,25,3,correspondance_officielle_france_competences,officiel
RNCP39273,"Diplôme Supérieur en Analyse, Intelligence et Sécurité des Données",26,3,correspondance_officielle_france_competences,officiel
RNCP39436,Diplôme d'enseignement supérieur en management international,12,1,correspondance_officielle_france_competences,officiel
RNCP41227,Diplôme en finance internationale,24,2,correspondance_officielle_france_competences,officiel
RNCP41266,Ingénieur diplômé de l'École Nationale de la Statistique et de l'Administration Économique ,26,4,correspondance_officielle_france_competences,officiel
RNCP41385,Diplôme d’expertise comptable (DEC),13,2,correspondance_officielle_france_competences,officiel
RNCP41790,Conseiller d'entreprise agricole,16,3,correspondance_officielle_france_competences,officiel
RNCP42016,Diplôme spécialisé en finance,12,1,correspondance_officielle_france_competences,officiel
RNCP42264,Programme grande école,16,3,correspondance_officielle_france_competences,officiel
RNCP42674,Diplôme d’études supérieures en management global,15,2,correspondance_officielle_france_competences,officiel
RNCP36594,Technicien d’exploitation des équipements audiovisuels,3,1,correspondance_officielle_france_competences,officiel
RNCP40581,Monteur truquiste,3,1,correspondance_officielle_france_competences,officiel
RNCP40666,Chef de projet audiovisuel multi technique,3,1,correspondance_officielle_france_competences,officiel
RNCP40846,Directeur de la photographie,3,1,correspondance_officielle_france_competences,officiel
RNCP41242,Diplôme d’études supérieures de réalisation audiovisuelle (Desra),3,1,correspondance_officielle_france_competences,officiel
RNCP36012,Manager de l'assurance,1,1,correspondance_officielle_france_competences,officiel
RNCP42270,Domotique (fiche nationale),5,3,correspondance_officielle_france_competences,officiel
RNCP36190,Chargé de projets en développement des compétences,6,2,correspondance_officielle_france_competences,officiel
RNCP38137,Directeur des ressources humaines,4,2,correspondance_officielle_france_competences,officiel
RNCP38438,Chargé de développement des ressources humaines,4,2,correspondance_officielle_france_competences,officiel
RNCP38460,Manager en ressources humaines,4,2,correspondance_officielle_france_competences,officiel
RNCP38824,Manager en ressources humaines,4,2,correspondance_officielle_france_competences,officiel
RNCP38833,Manager des ressources humaines,4,2,correspondance_officielle_france_competences,officiel
RNCP39606,Consultant en recrutement ,3,1,correspondance_officielle_france_competences,officiel
RNCP39614,Coach professionnel,3,1,correspondance_officielle_france_competences,officiel
RNCP39864,Manager du développement des ressources humaines,4,2,correspondance_officielle_france_competences,officiel
RNCP40853,Chargé de missions en ressources humaines ,3,1,correspondance_officielle_france_competences,officiel
RNCP42477,Coach professionnel,3,1,correspondance_officielle_france_competences,officiel
RNCP37206,Assistant  d’architecte,1,1,correspondance_officielle_france_competences,officiel
RNCP38342,DEA - Diplôme d'Etat d'architecte ,1,1,correspondance_officielle_france_competences,officiel
RNCP41699,Designer architecte d'intérieur,1,1,correspondance_officielle_france_competences,officiel
RNCP36099,Sciences de la vigne et du vin (fiche nationale),8,2,correspondance_officielle_france_competences,officiel
RNCP39157,Digital et Business International,10,2,correspondance_officielle_france_competences,officiel
RNCP40724,Diplôme d’enseignement supérieure en management des affaires internationales,10,2,correspondance_officielle_france_competences,officiel
RNCP41222,Ingénieur diplômé de l'ITEEM de Centrale Lille Institut,7,1,correspondance_officielle_france_competences,officiel
RNCP41300,Créateur de produits technologiques et durables (MS),7,1,correspondance_officielle_france_competences,officiel
RNCP41564,Gestion des entreprises et des administrations : Gestion entrepreneuriat et management d’activités,10,3,correspondance_officielle_france_competences,officiel
RNCP42066,Conseiller commercial en vins et spiritueux,10,2,correspondance_officielle_france_competences,officiel
RNCP42568,Diplôme d’études en affaires et économie internationales du luxe,10,2,correspondance_officielle_france_competences,officiel
RNCP42106,Outillages en outils à découper et à emboutir,1,1,correspondance_officielle_france_competences,officiel
RNCP38543,Photonique : Technologies et Sciences de la Lumière,2,2,correspondance_officielle_france_competences,officiel
RNCP37219,Monteur-Installateur d’œuvres d’art ,2,1,correspondance_officielle_france_competences,officiel
RNCP36017,Manager marketing et communication (MS),3,1,correspondance_officielle_france_competences,officiel
RNCP36815,Programme Grande École,3,1,correspondance_officielle_france_competences,officiel
RNCP38753,Diplôme d’études supérieures en commerce et management opérationnel,11,4,correspondance_officielle_france_competences,officiel
RNCP39263,Langues étrangères appliquées (fiche nationale),4,2,correspondance_officielle_france_competences,officiel
RNCP39290,Diplôme en gestion des entreprises,3,1,correspondance_officielle_france_competences,officiel
RNCP39556,Responsable du développement commercial et marketing ,5,2,correspondance_officielle_france_competences,officiel
RNCP39738,Responsable commercial en agrobusiness,9,3,correspondance_officielle_france_competences,officiel
RNCP39856,Manager marketing et commercial en produits et services de luxe,8,2,correspondance_officielle_france_competences,officiel
RNCP41008,Sciences du management – Diplôme d’études supérieures en management,4,2,correspondance_officielle_france_competences,officiel
RNCP41033,Diplôme d’études avancées en management international des entreprises,4,2,correspondance_officielle_france_competences,officiel
RNCP41663,Chargé de développement commercial,11,4,correspondance_officielle_france_competences,officiel
RNCP41888,Manager dans le secteur hôtelier international,3,1,correspondance_officielle_france_competences,officiel
RNCP42243,Programme grande école,3,1,correspondance_officielle_france_competences,officiel
RNCP42388,Diplôme de responsable du marketing et du développement commercial ,10,3,correspondance_officielle_france_competences,officiel
RNCP42631,Chargé d'affaires commerciales et de développement à l'international,9,3,correspondance_officielle_france_competences,officiel
RNCP36236,Tourneur en réalisation de pièces mécaniques,1,1,correspondance_officielle_france_competences,officiel
RNCP38313,Technicien modeleur ,1,1,correspondance_officielle_france_competences,officiel
RNCP38789,Responsable de dispositifs de formation,3,1,correspondance_officielle_france_competences,officiel
RNCP40740,Histoire (fiche nationale),4,2,correspondance_officielle_france_competences,officiel
RNCP41510,Sciences et techniques de l'agronomie pour la formation,3,1,correspondance_officielle_france_competences,officiel
RNCP39043,Economie politique et institutions (fiche nationale),1,1,correspondance_officielle_france_competences,officiel
RNCP39591,Manager en data marketing,1,1,correspondance_officielle_france_competences,officiel
RNCP40503,Métiers du marketing opérationnel (fiche nationale),3,2,correspondance_officielle_france_competences,officiel
RNCP41954,Pharmacologie (fiche nationale),1,1,correspondance_officielle_france_competences,officiel
RNCP42161,Coordinateur de programme humanitaire,1,1,correspondance_officielle_france_competences,officiel
RNCP38567,Réalisation de produits imprimés et plurimédia - Option A Productions graphiques / Option B Productions imprimées,1,1,correspondance_officielle_france_competences,officiel
RNCP39605,Concepteur en communication graphique et numérique,1,1,correspondance_officielle_france_competences,officiel
RNCP40154,Graphiste concepteur,1,1,correspondance_officielle_france_competences,officiel
RNCP41258,Patrimoine et musées (fiche nationale),1,1,correspondance_officielle_france_competences,officiel
RNCP42100,Littérature générale et comparée (fiche nationale),1,1,correspondance_officielle_france_competences,officiel
RNCP37565,Sciences pour l'environnement (fiche nationale),1,1,correspondance_officielle_france_competences,officiel
RNCP35356,Techniques de Commercialisation : marketing et management du point de vente,6,2,correspondance_officielle_france_competences,officiel
RNCP36890,Manager d'unité opérationnelle,5,1,correspondance_officielle_france_competences,officiel
RNCP39063,Négociateur technico-commercial ,6,2,correspondance_officielle_france_competences,officiel
RNCP41764,Manager de la distribution et des services automobiles (BADGE CGE),5,1,correspondance_officielle_france_competences,officiel
RNCP40998,Diplôme supérieur de comptabilité et de gestion (DSCG),4,2,correspondance_officielle_france_competences,officiel
RNCP39503,Métiers du livre et de l'édition (fiche nationale),2,1,correspondance_officielle_france_competences,officiel
RNCP39789,"Arts, lettres et civilisations (fiche nationale)",2,1,correspondance_officielle_france_competences,officiel
RNCP40281,Journaliste,2,1,correspondance_officielle_france_competences,officiel
RNCP40301,Métiers du livre : édition et commerce du livre (fiche nationale),2,1,correspondance_officielle_france_competences,officiel
RNCP39520,BIM modeleur du bâtiment,1,1,correspondance_officielle_france_competences,officiel
RNCP42217,Agencement (fiche nationale),1,1,correspondance_officielle_france_competences,officiel
RNCP42281,Dessinateur projeteur en béton armé,1,1,correspondance_officielle_france_competences,officiel
RNCP37151,Directeur des établissements de santé,1,1,correspondance_officielle_france_competences,officiel
RNCP39819,Brevet de chef mécanicien,1,1,correspondance_officielle_france_competences,officiel
RNCP41516,Maintenance des systèmes électro-navals (MASEN),1,1,correspondance_officielle_france_competences,officiel
RNCP38168,Droit international (fiche nationale),2,1,correspondance_officielle_france_competences,officiel
RNCP38170,Droit bancaire et financier (fiche nationale),2,1,correspondance_officielle_france_competences,officiel
RNCP38198,"Justice, procès et procédures (fiche nationale)",2,1,correspondance_officielle_france_competences,officiel
RNCP39600,Collaborateur juriste notarial,2,1,correspondance_officielle_france_competences,officiel
RNCP39776,CQP Clerc assistant,2,1,correspondance_officielle_france_competences,officiel
RNCP40682,Juriste d'affaires,2,1,correspondance_officielle_france_competences,officiel
RNCP39469,Cadre technique production et valorisation des ressources marines,1,1,correspondance_officielle_france_competences,officiel
RNCP40115,Sciences de la vie et de la Terre (fiche nationale),1,1,correspondance_officielle_france_competences,officiel
RNCP40490, Technicien en qualité et distribution des produits alimentaires (fiche nationale),1,1,correspondance_officielle_france_competences,officiel
RNCP41578,Génie électrique et informatique industrielle : Électricité et maîtrise de l'énergie,1,1,correspondance_officielle_france_competences,officiel
RNCP41620,Science et génie des matériaux : Métiers du recyclage et de la valorisation des matériaux et des produits,1,1,correspondance_officielle_france_competences,officiel
RNCP37400,Monteur câbleur en aéronautique,1,1,correspondance_officielle_france_competences,officiel
RNCP38296,Economie des organisations (fiche nationale),14,2,correspondance_officielle_france_competences,officiel
RNCP40901,Architecte technique,13,1,correspondance_officielle_france_competences,officiel
RNCP41409,Délégué à la protection des données (DPO),15,2,correspondance_officielle_france_competences,officiel
RNCP35404,Science et génie des matériaux : Métiers de l’ingénierie des matériaux et des  produits,2,2,correspondance_officielle_france_competences,officiel
RNCP38270,Manager de la maintenance (MS),1,1,correspondance_officielle_france_competences,officiel
RNCP40621,Métiers de la qualité (fiche nationale),1,1,correspondance_officielle_france_competences,officiel
RNCP42497,Chef de projet de transformation digitale et industrielle (MS),1,1,correspondance_officielle_france_competences,officiel
RNCP36978,Responsable de clientèle banque finance assurance,2,2,correspondance_officielle_france_competences,officiel
RNCP39109,Conseiller clientèle en banque et assurance,2,2,correspondance_officielle_france_competences,officiel
RNCP40193,"Assurance, banque, finance : chargé de clientèle (fiche nationale)",2,2,correspondance_officielle_france_competences,officiel
RNCP40509,E-commerce et marketing numérique (fiche nationale),4,2,correspondance_officielle_france_competences,officiel
RNCP42509,Prothésiste dentaire,1,1,correspondance_officielle_france_competences,officiel
RNCP35488,Métiers de la Transition et de l'Efficacité Energétiques : Management de l’énergie pour le bâtiment et l’industrie,1,1,correspondance_officielle_france_competences,officiel
RNCP40071,"Métiers de l'énergétique, de l'environnement et du génie climatique (fiche nationale)",1,1,correspondance_officielle_france_competences,officiel
RNCP41067,"Ingénieur diplômé de l'ECAM-EPMI, spécialité génie énergétique",1,1,correspondance_officielle_france_competences,officiel
RNCP42276,"Métiers de l'énergétique, de l'environnement et du génie climatique (fiche nationale)",1,1,correspondance_officielle_france_competences,officiel
RNCP42744,Responsable technique en machines thermiques,3,3,correspondance_officielle_france_competences,officiel
RNCP36968,"Maintenance des systèmes (option A : systèmes de production, option B : systèmes énergétiques et fluidiques, option C : systèmes éoliens, option D : systèmes ascenseurs et élévateurs)",2,2,correspondance_officielle_france_competences,officiel
RNCP41895,Technicien d'exploitation et de maintenance des systèmes d'armes et installations automatisées,2,2,correspondance_officielle_france_competences,officiel
RNCP41902,Technicien en maintenance des systèmes mécatroniques (fiche nationale),2,2,correspondance_officielle_france_competences,officiel
RNCP36760,Communication publique et politique (fiche nationale),1,1,correspondance_officielle_france_competences,officiel
RNCP38512, Conseiller commercial des gares RER et stations de métro.,1,1,correspondance_officielle_france_competences,officiel
RNCP36727,Responsable marketing opérationnel,2,1,correspondance_officielle_france_competences,officiel
RNCP38598,Manager du marketing de l'expérience client,2,1,correspondance_officielle_france_competences,officiel
RNCP41653,Assistant comptable,4,1,correspondance_officielle_france_competences,officiel
RNCP41625,Techniques de commercialisation : Stratégie de marque et événementiel,1,1,correspondance_officielle_france_competences,officiel
RNCP38288,Chef de projet en rénovation énergétique,1,1,correspondance_officielle_france_competences,officiel
RNCP38521,Chef de projet en rénovation énergétique ,1,1,correspondance_officielle_france_competences,officiel
RNCP38644,Sciences et ingénierie - Transition Ecologique et Territoires,1,1,correspondance_officielle_france_competences,officiel
RNCP38859,"Ingénieur diplômé de l’école polytechnique universitaire de Savoie de l'université de Chambéry, spécialité bâtiment",1,1,correspondance_officielle_france_competences,officiel
RNCP41917,"Ingénieur diplômé de l’ENSIL-ENSCI de l'Université de Limoges, Spécialité Génie Civil ",1,1,correspondance_officielle_france_competences,officiel
RNCP42454," Ingénieur diplômé de l’école polytechnique universitaire de l'université d'Angers, spécialité bâtiment et sécurité",1,1,correspondance_officielle_france_competences,officiel
RNCP37537,Boulanger,1,1,correspondance_officielle_france_competences,officiel
RNCP41648,Aide boulanger,1,1,correspondance_officielle_france_competences,officiel
RNCP37102,Technicien en détection et géoréférencement de réseaux,1,1,correspondance_officielle_france_competences,officiel
RNCP38613,Chargé de clientèle particuliers,1,1,correspondance_officielle_france_competences,officiel
RNCP41488,CQP Chargé d'affaires entreprises,1,1,correspondance_officielle_france_competences,officiel
RNCP36015,Manager en marketing du luxe,13,2,correspondance_officielle_france_competences,officiel
RNCP37651,Styliste designer de modes,6,1,correspondance_officielle_france_competences,officiel
RNCP39741,Chargé de communication,6,1,correspondance_officielle_france_competences,officiel
RNCP40729,"Diplôme en sciences des données, société et organisations",55,5,correspondance_officielle_france_competences,officiel
RNCP41225,Diplôme en Marketing,15,3,correspondance_officielle_france_competences,officiel
RNCP35478,Informatique : Intégration d'applications et management du système d'information,277,2,correspondance_officielle_france_competences,officiel
RNCP35781,"Ingénieur de l'école nationale supérieure des sciences appliquées et de technologie, spécialité informatique et technologies de l'information",291,4,correspondance_officielle_france_competences,officiel
RNCP35864,Manager/Designer de produits et services numériques,258,2,correspondance_officielle_france_competences,officiel
RNCP35887,"Ingénieur diplômé de l'Ecole nationale supérieure Mines-Télécom Atlantique Bretagne Pays de la Loire de l'Institut Mines-Télécom, spécialité Génie industriel",267,3,correspondance_officielle_france_competences,officiel
RNCP37726,"Ingénieur de l'Ecole Nationale Supérieure de Bretagne Sud (ENSIBS), spécialité Informatique et Cybersécurité",292,4,correspondance_officielle_france_competences,officiel
RNCP38478,"Coordinateur de projets informatiques (infrastructures cloud, applicatives ou data)",301,5,correspondance_officielle_france_competences,officiel
RNCP38823,"Expert en architectures systèmes, réseaux et sécurité informatique",264,2,correspondance_officielle_france_competences,officiel
RNCP39560,"Ingénieur diplômé de l'institut national des sciences appliquées de Rouen, spécialité informatique et technologies de l'information",301,5,correspondance_officielle_france_competences,officiel
RNCP39999,Expert en cybersécurité,309,5,correspondance_officielle_france_competences,officiel
RNCP40147,Expert en systèmes d'information,285,5,correspondance_officielle_france_competences,officiel
RNCP40165,Expert en architectures sécurisées des systèmes d'information,293,5,correspondance_officielle_france_competences,officiel
RNCP40166,Expert en développement et déploiement de solutions numériques sécurisées,292,4,correspondance_officielle_france_competences,officiel
RNCP40234,Expert big data engineer (MS),301,5,correspondance_officielle_france_competences,officiel
RNCP40561,Expert green IT,292,4,correspondance_officielle_france_competences,officiel
RNCP40573,Expert en informatique et systèmes d’information,290,3,correspondance_officielle_france_competences,officiel
RNCP40659,Manager green IT,290,3,correspondance_officielle_france_competences,officiel
RNCP41058,Diplôme d'études supérieures spécialisées en stratégie marketing et commerciale,254,2,correspondance_officielle_france_competences,officiel
RNCP41246,"Ingénieur diplômé de l'Institut supérieur d'informatique, de modélisation et de leurs applications de l'institut national polytechnique Clermont Auvergne",309,5,correspondance_officielle_france_competences,officiel
RNCP41283,Ingénieur diplômé de l’École Nationale Supérieure d’Informatique pour l’Industrie et l’Entreprise ,305,5,correspondance_officielle_france_competences,officiel
RNCP41654,Expert consultant blockchain,292,4,correspondance_officielle_france_competences,officiel
RNCP41825,"Ingénieur diplômé de l'Université de technologie de Troyes, spécialité Systèmes Numériques",290,3,correspondance_officielle_france_competences,officiel
RNCP42224,"Ingénieur diplômé de l’école polytechnique universitaire de l'université d'Angers, spécialité automatique et informatique",291,5,correspondance_officielle_france_competences,officiel
RNCP42432,"Ingénieur diplômé du Conservatoire national des arts et métiers, spécialité Informatique et cybersécurité",300,5,correspondance_officielle_france_competences,officiel
RNCP42504,Expert en sécurité des systèmes d'information,275,4,correspondance_officielle_france_competences,officiel
RNCP42538,"Ingénieur diplômé de l’Ecole Polytechnique Universitaire de l’Institut polytechnique de Grenoble, spécialité Technologies de l’information pour la santé",290,3,correspondance_officielle_france_competences,officiel
RNCP42619,Expert en ingénierie de solutions logicielles,291,4,correspondance_officielle_france_competences,officiel
RNCP36611,Attaché de recherche clinique,17,2,correspondance_officielle_france_competences,officiel
RNCP37907,Ingénieur diplômé de l'Ecole Centrale de Marseille,17,2,correspondance_officielle_france_competences,officiel
RNCP38219,Ingénieur diplômé de Télécom Physique Strasbourg de l'Université de Strasbourg,32,4,correspondance_officielle_france_competences,officiel
RNCP38972, Neurosciences (fiche nationale),17,2,correspondance_officielle_france_competences,officiel
RNCP39001,Sciences économiques et sociales (fiche nationale),4,2,correspondance_officielle_france_competences,officiel
RNCP39185,"Biodiversité, écologie et évolution (fiche nationale)",18,3,correspondance_officielle_france_competences,officiel
RNCP39195,"Sciences et technologie de l'agriculture, de l'alimentation et de l'environnement (fiche nationale)",6,3,correspondance_officielle_france_competences,officiel
RNCP40771,"Ingénieur diplômé de l'École nationale supérieure de physique, électronique et matériaux de l’Institut polytechnique de Grenoble, spécialité Microélectronique et Télécommunications",44,4,correspondance_officielle_france_competences,officiel
RNCP40941,"Ingénieur diplômé de l'Université de Technologie de Compiègne, spécialité Génie Biologique",18,3,correspondance_officielle_france_competences,officiel
RNCP41213,Ingénieur diplômé de CY Tech de CY Cergy Paris Université Spécialité mathématiques appliquées,31,5,correspondance_officielle_france_competences,officiel
RNCP42760,Ingénieur diplômé de CY Tech de CY Cergy Paris Université Spécialité Mathématiques appliquées,19,4,correspondance_officielle_france_competences,officiel
RNCP39772,Responsable des achats,4,2,correspondance_officielle_france_competences,officiel
RNCP39987,Manager du développement international,9,3,correspondance_officielle_france_competences,officiel
RNCP41622,Techniques de commercialisation : Business international : achat et vente,2,2,correspondance_officielle_france_competences,officiel
RNCP42496,Manager achats et approvisionnement,4,2,correspondance_officielle_france_competences,officiel
RNCP35989,Contrôleur de gestion,3,1,correspondance_officielle_france_competences,officiel
RNCP36325,Diplôme d’études supérieures en management international,6,2,correspondance_officielle_france_competences,officiel
RNCP36326,Sciences du management  - Diplôme d'études supérieures en développement international et entrepreneuriat,6,2,correspondance_officielle_france_competences,officiel
RNCP36567,Diplôme Programme Grande Ecole,11,4,correspondance_officielle_france_competences,officiel
RNCP39763,Manager de la performance financière,18,3,correspondance_officielle_france_competences,officiel
RNCP39973,Gestionnaire comptable et financier,11,4,correspondance_officielle_france_competences,officiel
RNCP41048,Manager International,14,4,correspondance_officielle_france_competences,officiel
RNCP41331,Expert en audit et contrôle,4,2,correspondance_officielle_france_competences,officiel
RNCP42356,Comptabilité - contrôle - audit (fiche nationale),4,2,correspondance_officielle_france_competences,officiel
RNCP37099,Employé commercial,2,2,correspondance_officielle_france_competences,officiel
RNCP37105,Vendeur-conseil en alimentation,1,1,correspondance_officielle_france_competences,officiel
RNCP37844,CQP Préparateur-vendeur en produits de la mer,1,1,correspondance_officielle_france_competences,officiel
RNCP38245,CQP Conseiller de vente de produits alimentaires,1,1,correspondance_officielle_france_competences,officiel
RNCP38390,Services aux personnes et vente en espace rural,6,3,correspondance_officielle_france_competences,officiel
RNCP38636,Vente-conseil en boucherie,1,1,correspondance_officielle_france_competences,officiel
RNCP39257,Vendeur en boulangerie-pâtisserie (CTM) ,2,2,correspondance_officielle_france_competences,officiel
RNCP41797,Chargé des ressources humaines,8,3,correspondance_officielle_france_competences,officiel
RNCP42257,Diplôme en management international,4,1,correspondance_officielle_france_competences,officiel
RNCP42350,Gestionnaire de paie,8,2,correspondance_officielle_france_competences,officiel
RNCP42355,Administration économique et sociale (fiche nationale),6,2,correspondance_officielle_france_competences,officiel
RNCP39196,Géopolitique (fiche nationale),1,1,correspondance_officielle_france_competences,officiel
RNCP36759,Finances publiques (fiche nationale),1,1,correspondance_officielle_france_competences,officiel
RNCP35409,Génie Électrique et Informatique Industrielle : Électronique et Systèmes Embarqués,26,1,correspondance_officielle_france_competences,officiel
RNCP36094,Ingénieur diplômé de l'Institut National des Sciences Appliquées de Rennes- Spécialité Électronique,41,3,correspondance_officielle_france_competences,officiel
RNCP36166,Analyste développeur d'applications informatiques,36,3,correspondance_officielle_france_competences,officiel
RNCP36465,Expert en création numérique interactive,26,1,correspondance_officielle_france_competences,officiel
RNCP37600,"Ingénieur diplômé de l’école polytechnique universitaire de l'université de Nantes, spécialité électronique et technologies numériques",44,5,correspondance_officielle_france_competences,officiel
RNCP38018,Chef de projet digital,26,1,correspondance_officielle_france_competences,officiel
RNCP38345,Réalisateur de jeu vidéo,26,1,correspondance_officielle_france_competences,officiel
RNCP38678,"Ingénieur diplômé de l'école nationale supérieure des mines d'Alès de l'Institut Mines-Télécom, spécialité informatique et réseaux",60,5,correspondance_officielle_france_competences,officiel
RNCP38961,Technologies de l’information (fiche nationale),42,4,correspondance_officielle_france_competences,officiel
RNCP39148,Ingénieur diplômé de l’École nationale supérieure en systèmes avancés et réseaux de l’Institut polytechnique de Grenoble ,53,3,correspondance_officielle_france_competences,officiel
RNCP39300,"Ingénieur de l'Ecole nationale supérieure des sciences applicatives et du risque (ENSAR) , spécialité Science de la donnée",40,3,correspondance_officielle_france_competences,officiel
RNCP39334,"Ingénieur diplômé de l’École Polytechnique Universitaire de Sorbonne Université, spécialité Robotique",42,3,correspondance_officielle_france_competences,officiel
RNCP39548,Sciences et Ingénierie - Multimédia et technologie de l’information,39,2,correspondance_officielle_france_competences,officiel
RNCP39602,Chef de projet digital,33,2,correspondance_officielle_france_competences,officiel
RNCP39670,"Titre Ingénieur de l’Institut Polytechnique de Grenoble, spécialité génie énergétique et industriel",41,3,correspondance_officielle_france_competences,officiel
RNCP40018,Ingénieur diplômé de l’Institut Supérieur de l’Automobile et des Transports de Nevers de l’Université Bourgogne Europe,40,2,correspondance_officielle_france_competences,officiel
RNCP40041,"Ingénieur diplômé d’Aflokkat, spécialité robotique et informatique",46,5,correspondance_officielle_france_competences,officiel
RNCP40081,Ingénieur diplômé de l'école d'ingénieurs de l'université de Toulon,41,3,correspondance_officielle_france_competences,officiel
RNCP40117,Ingénieur diplômé de l’École nationale supérieure d'informatique et de mathématiques appliquées de l'Institut polytechnique de Grenoble,66,5,correspondance_officielle_france_competences,officiel
RNCP40129,"Ingénieur diplômé de Télécom Saint-Étienne de l'Université de Saint-Étienne, spécialité photonique et informatique industrielle",42,3,correspondance_officielle_france_competences,officiel
RNCP40293,Métiers de l'informatique : systèmes d'information et gestion de données (fiche nationale),48,3,correspondance_officielle_france_competences,officiel
RNCP40653,Développeur blockchain,27,2,correspondance_officielle_france_competences,officiel
RNCP40723,"Diplôme d'études supérieures en management international, data et IA",39,2,correspondance_officielle_france_competences,officiel
RNCP40747," Titre ingénieur - Ingénieur diplômé de l'Ecole Polytechnique universitaire de l'Université de Lille, spécialité Informatique et mathématiques appliquées",27,2,correspondance_officielle_france_competences,officiel
RNCP41066,Ingénieur diplômé de l'ECAM-EPMI,29,3,correspondance_officielle_france_competences,officiel
RNCP41168,"Ingénieur diplômé de l'Ecole polytechnique universitaire de l'Université Paris-Saclay, spécialité Electronique ",45,4,correspondance_officielle_france_competences,officiel
RNCP41220,"Ingénieur diplômé de l'institut national des sciences appliquées de Toulouse, spécialité informatique et réseaux",63,5,correspondance_officielle_france_competences,officiel
RNCP41411,Manager en business intelligence,40,3,correspondance_officielle_france_competences,officiel
RNCP41457,Développeur no code,35,2,correspondance_officielle_france_competences,officiel
RNCP41694,Expert en design d’expérience utilisateur,26,1,correspondance_officielle_france_competences,officiel
RNCP41993,Architecte en intelligence artificielle,40,3,correspondance_officielle_france_competences,officiel
RNCP42021,Réalisateur de jeu vidéo,26,1,correspondance_officielle_france_competences,officiel
RNCP42034,"ingénieur diplômé de l’Ecole polytechnique universitaire de Savoie de l’université de Chambéry, spécialité  systèmes embarqués - automatique",45,4,correspondance_officielle_france_competences,officiel
RNCP42238,"Ingénieur diplômé de Télécom Saint-Étienne de l'Université Jean Monnet, spécialité photonique et informatique industrielle",42,3,correspondance_officielle_france_competences,officiel
RNCP42263,Intelligence artificielle,36,2,correspondance_officielle_france_competences,officiel
RNCP42716,"Ingénieur diplômé de l'Ecole nationale supérieure des Mines de Saint-Etienne de l'institut Mines-Telecom, spécialité Systèmes électroniques embarqués",42,4,correspondance_officielle_france_competences,officiel
RNCP42743,"Ingénieur diplomé de l'école polytechnique de Nantes Université, spécialité électronique et technologies numériques",44,5,correspondance_officielle_france_competences,officiel
RNCP35373,Génie Chimique-Génie des Procédés : Conception des Procédés et Innovation technologique,15,2,correspondance_officielle_france_competences,officiel
RNCP35797,"Ingénieur diplômé de l’école nationale supérieure de Bretagne sud (ENSIBS), spécialité génie industriel",16,2,correspondance_officielle_france_competences,officiel
RNCP36181,"Ingénieur diplômé de l’école nationale supérieure en génie des technologies industrielles de l’université de pau, spécialité énergétique",17,3,correspondance_officielle_france_competences,officiel
RNCP36430,Ingénieur diplômé de l'École Nationale Supérieure de Technologie des Biomolécules de Bordeaux de l’Institut Polytechnique de Bordeaux (ENSTBB – Bordeaux INP),17,3,correspondance_officielle_france_competences,officiel
RNCP37581,"Ingénieur diplômé de l’École polytechnique universitaire de l'université d’Aix-Marseille, spécialité ""microélectronique et télécommunications""",17,3,correspondance_officielle_france_competences,officiel
RNCP37743,"Ingénieur diplômé de l'Université de technologie de Troyes, spécialité Génie industriel",17,3,correspondance_officielle_france_competences,officiel
RNCP37902,"Ingénieur diplômé de l'Université de technologie de Troyes, spécialité Génie mécanique",17,3,correspondance_officielle_france_competences,officiel
RNCP38084,Ingénieur diplômé de l'école nationale supérieure des technologies et industries du bois de l'université de lorraine,16,2,correspondance_officielle_france_competences,officiel
RNCP38378,"Ingénieur diplômé de l'Ecole nationale supérieure des ingénieurs en arts chimiques et technologiques de l'Institut national polytechnique de Toulouse, spécialité génie chimique",18,4,correspondance_officielle_france_competences,officiel
RNCP38428,"Ingénieur diplômé de l’Ecole Nationale Supérieure d’Ingénieurs Sud-Alsace de l’Université de Mulhouse, spécialité Mécanique",17,3,correspondance_officielle_france_competences,officiel
RNCP38544,Ergonomie (fiche nationale),14,1,correspondance_officielle_france_competences,officiel
RNCP38860,"Ingénieur diplômé de l’institut national des sciences appliquées de Rouen, spécialité génie des procédés",14,1,correspondance_officielle_france_competences,officiel
RNCP38908,Expert en digitalisation et exploitation des bâtiments,14,1,correspondance_officielle_france_competences,officiel
RNCP39050,"Titre ingénieur – Ingénieur diplômé de l'Université de Technologie de Belfort Montbéliard, spécialité Mécanique et transports",15,2,correspondance_officielle_france_competences,officiel
RNCP39055,"Ingénieur diplômé du Conservatoire national des arts et métiers, spécialité Mécatronique",17,2,correspondance_officielle_france_competences,officiel
RNCP39056,"Ingénieur diplômé du Conservatoire national des arts et métiers, spécialité Mécanique",17,3,correspondance_officielle_france_competences,officiel
RNCP39292,Ingénieur diplômé de l'Ecole Supérieure d'Ingénieurs de Rennes de l'Université de Rennes spécialité Systèmes Numériques et Réseaux,37,4,correspondance_officielle_france_competences,officiel
RNCP39305,Ingénieur diplômé de l’École nationale supérieure d'arts et métiers,17,3,correspondance_officielle_france_competences,officiel
RNCP39306,"Ingénieur diplômé de l'école nationale supérieure d'arts et métiers, spécialité génie mécanique",17,3,correspondance_officielle_france_competences,officiel
RNCP39341,"Ingénieur diplômé de l'Ecole Polytechnique Universitaire de l'université de Montpellier, spécialité Electronique et Informatique Industrielle",17,3,correspondance_officielle_france_competences,officiel
RNCP39458,"Titre ingénieur – Ingénieur diplômé de l'Université de Technologie de Belfort Montbéliard, spécialité Mécanique et Ergonomie",15,2,correspondance_officielle_france_competences,officiel
RNCP39552,"Ingénieur diplômé du Conservatoire national des arts et métiers, spécialité Systèmes électroniques",16,2,correspondance_officielle_france_competences,officiel
RNCP39565,Ingénieur diplômé de l'Ecole Nationale Supérieure de Chimie de Rennes,16,2,correspondance_officielle_france_competences,officiel
RNCP39897," Ingénieur diplômé de l’institut national des sciences appliquées de Rouen, spécialité génie industriel",16,2,correspondance_officielle_france_competences,officiel
RNCP39982,Manager en services et industries de santé (MS),25,4,correspondance_officielle_france_competences,officiel
RNCP40366,"Designer produits, services et innovation",14,1,correspondance_officielle_france_competences,officiel
RNCP40511,Ingénieur diplômé de l’Ecole de Biologie Industrielle (EBI),19,3,correspondance_officielle_france_competences,officiel
RNCP40703,Ingénieur diplômé de l’Ecole supérieure des Techniques Aéronautiques et de Construction Automobile,15,2,correspondance_officielle_france_competences,officiel
RNCP40731,"Ingénieur diplômé de l'institut national des sciences appliquées Centre Val de Loire, spécialité gestion des risques",15,2,correspondance_officielle_france_competences,officiel
RNCP40742,"Sciences et Ingénierie, Energétique et Environnement",14,1,correspondance_officielle_france_competences,officiel
RNCP40750,Ingénieur diplômé de l'EPF,29,3,correspondance_officielle_france_competences,officiel
RNCP40755,Chimie et physique des matériaux (fiche nationale),15,2,correspondance_officielle_france_competences,officiel
RNCP40756,"Ingénieur diplômé de l'Ecole Polytechnique Universitaire de l'Université de Montpellier, spécialité Génie de l'eau",15,2,correspondance_officielle_france_competences,officiel
RNCP40965,Ingénieur diplômé de l'école supérieure de fonderie et de forge,15,2,correspondance_officielle_france_competences,officiel
RNCP40966,"Ingénieur diplômé de l’école polytechnique universitaire de l’institut national polytechnique Clermont Auvergne, spécialité génie biologique (université clermont auvergne)",17,3,correspondance_officielle_france_competences,officiel
RNCP41098,Expert en éco-innovation et nouvelles technologies de l'énergie (MS),16,2,correspondance_officielle_france_competences,officiel
RNCP41172,"Ingénieur diplômé de l’institut des sciences et techniques des Yvelines de l’université de Versailles-Saint Quentin en Yvelines, spécialité mécatronique",20,4,correspondance_officielle_france_competences,officiel
RNCP41209,Ingénieur diplômé de l’École d’ingénieurs des sciences aérospatiales,18,4,correspondance_officielle_france_competences,officiel
RNCP41245,"Ingénieur diplômé de l'Ecole d'ingénieurs SIGMA Clermont de l'institut national polytechnique Clermont Auvergne, spécialité mécanique et génie industriel",15,2,correspondance_officielle_france_competences,officiel
RNCP41262,"Transport, mobilités, réseaux (fiche nationale)",24,3,correspondance_officielle_france_competences,officiel
RNCP41267,"Ingénieur diplômé de l'Ecole d'Ingénieurs du Littoral Côte d'Opale de l'Université du Littoral, spécialité Agroalimentaire",17,3,correspondance_officielle_france_competences,officiel
RNCP41316,Expert en management de projets de numérisation des systèmes et processus industriels,17,3,correspondance_officielle_france_competences,officiel
RNCP41373,"Ingénieur diplômé de l'institut national des sciences appliquées de Rennes, spécialité électronique et télécommunications",16,3,correspondance_officielle_france_competences,officiel
RNCP41379,Ingénieur diplômé de l'Université Paris XIII spécialité Mathématiques Appliquées,26,2,correspondance_officielle_france_competences,officiel
RNCP41500,Ingénieur diplômé de l'Université Paris XIII spécialité Instrumentation,14,1,correspondance_officielle_france_competences,officiel
RNCP41569,Génie chimique - Génie des procédés : Conception des procédés et innovation technologique,15,2,correspondance_officielle_france_competences,officiel
RNCP41594,Mesures physiques : Mesures et analyses environnementales,15,2,correspondance_officielle_france_competences,officiel
RNCP41634,Génie biologique : Biologie médicale et biotechnologie,17,3,correspondance_officielle_france_competences,officiel
RNCP41915,"Ingénieur diplômé de l’École polytechnique universitaire de Montpellier, spécialité Électronique et informatique industrielle",17,3,correspondance_officielle_france_competences,officiel
RNCP41916,"Ingénieur diplômé de l'ENSIL-ENSCI de l'Université de Limoges, spécialité Photonique",17,3,correspondance_officielle_france_competences,officiel
RNCP41923,"Ingénieur diplômé de l'école supérieure d'ingénieurs Réunion océan Indien de l'université de La Réunion, spécialité agroalimentaire",16,2,correspondance_officielle_france_competences,officiel
RNCP42009,"Ingénieur diplômé de l'Ecole polytechnique universitaire de Montpellier, spécialité Génie de l'eau",15,2,correspondance_officielle_france_competences,officiel
RNCP42272,"Ingénieur diplômé de l'École Centrale de Lyon, spécialité énergétique",14,1,correspondance_officielle_france_competences,officiel
RNCP42277,"Ingénieur diplômé de l’école nationale d'ingénieurs de Saint-Étienne de l’école centrale de Lyon, spécialité génie mécanique",16,2,correspondance_officielle_france_competences,officiel
RNCP42291,"Ingénieur diplômé de l'école nationale supérieure de techniques avancées, spécialité mécanique",15,2,correspondance_officielle_france_competences,officiel
RNCP42393,"Ingénieur diplômé de l'école nationale supérieure d’électronique, informatique, télécommunications, mathématique et mécanique de Bordeaux de l’institut polytechnique de Bordeaux, spécialité systèmes électroniques embarqués",15,2,correspondance_officielle_france_competences,officiel
RNCP42437,"Ingénieur diplômé de l'école nationale supérieure d'arts et métiers, spécialité mécanique et production",17,3,correspondance_officielle_france_competences,officiel
RNCP42453,"Ingénieur diplômé de l’École nationale supérieure d’arts et métiers, spécialité Génie électrique",16,2,correspondance_officielle_france_competences,officiel
RNCP42541," Ingénieur diplômé de l’école nationale supérieure d’ingénieurs de Reims de l’université de Reims, spécialité énergétique",16,2,correspondance_officielle_france_competences,officiel
RNCP42553,"Ingénieur diplômé de l'Ecole européenne de chimie, polymères et matériaux de Strasbourg de l'Université de Strasbourg, spécialité écologie industrielle des matériaux polymères",16,2,correspondance_officielle_france_competences,officiel
RNCP42603,"Ingénieur diplômé de l'Ecole nationale supérieure des ingénieurs en arts chimiques et technologiques, spécialité génie des procédés",17,3,correspondance_officielle_france_competences,officiel
RNCP42609,Diplôme d'études supérieures de gestion,28,3,correspondance_officielle_france_competences,officiel
RNCP42688,Ingénieur diplômé de l'École nationale d'ingénieurs de Tarbes de l'Université de technologie de Tarbes,17,3,correspondance_officielle_france_competences,officiel
RNCP42693,"Ingénieur diplômé de l'Ecole nationale supérieure de mécanique et d'aérotechnique, spécialité Génie industriel pour l'aéronautique et l'espace",17,3,correspondance_officielle_france_competences,officiel
RNCP42723,"Ingénieur diplômé de l'Ecole nationale supérieure d'électrotechnique, d'électronique, d'informatique, d'hydraulique et des télécommunications, de l'Institut national polytechnique de Toulouse- Spécialité électronique et génie électrique",15,2,correspondance_officielle_france_competences,officiel
RNCP42729,"Ingénieur diplômé de l'école nationale supérieure de chimie, de biologie et de physique de l'institut polytechnique de Bordeaux, spécialité matériaux",15,2,correspondance_officielle_france_competences,officiel
RNCP42751,Ingénieur diplômé de l'Ecole d'ingénieurs de Purpan,24,4,correspondance_officielle_france_competences,officiel
RNCP35352,"Qualité, Logistique Industrielle et Organisation : Qualité et management intégré",2,1,correspondance_officielle_france_competences,officiel
RNCP36165,Chef d'atelier de maintenance des systèmes automatisés et asservis,2,1,correspondance_officielle_france_competences,officiel
RNCP37954,Ingénieur spécialisé diplômé de l'Ecole supérieure du soudage et de ses applications,3,2,correspondance_officielle_france_competences,officiel
RNCP38405,"Ingénieur diplômé de l’Université de Technologie de Belfort - Montbéliard, spécialité Génie Industriel ",3,2,correspondance_officielle_france_competences,officiel
RNCP38866,"Ingénieur diplômé de l'Université de Technologie de Belfort Montbéliard, spécialité Logistique industrielle",2,1,correspondance_officielle_france_competences,officiel
RNCP40709,"Ingénieur diplômé de l’Ecole polytechnique universitaire de l'université de Lille, spécialité génie industriel",2,1,correspondance_officielle_france_competences,officiel
RNCP42416,"Ingénieur diplômé du Conservatoire national des arts et métiers, spécialité énergétique",2,1,correspondance_officielle_france_competences,officiel
RNCP42715,"Ingénieur diplômé de l'Ecole nationale supérieure des Mines de Saint-Etienne de l'institut Mines-Telecom, spécialité Génie industriel",3,2,correspondance_officielle_france_competences,officiel
RNCP37488,Cybersécurité,32,3,correspondance_officielle_france_competences,officiel
RNCP38579,Administrateur de systèmes d'information sécurisés,20,3,correspondance_officielle_france_competences,officiel
RNCP39620,Technicien d’infrastructure informatique et sécurité,21,4,correspondance_officielle_france_competences,officiel
RNCP40123,Métiers des réseaux informatiques et télécommunications (fiche nationale),21,4,correspondance_officielle_france_competences,officiel
RNCP41613,Réseaux & télécommunications : Internet des objets et mobilité,34,5,correspondance_officielle_france_competences,officiel
RNCP41315,"Manager des entreprises de l'hôtellerie, tourisme et de la restauration",12,1,correspondance_officielle_france_competences,officiel
RNCP42171,Manager des activités du tourisme et des voyages,20,3,correspondance_officielle_france_competences,officiel
RNCP38462,Manager de la supply chain et des achats (MS),3,1,correspondance_officielle_france_competences,officiel
RNCP38913,Ingénieur d’affaires,6,2,correspondance_officielle_france_competences,officiel
RNCP41708,Manager de la supply chain et des achats,3,1,correspondance_officielle_france_competences,officiel
RNCP42244,Programme grande école,4,2,correspondance_officielle_france_competences,officiel
RNCP38886,Diplôme en management,7,3,correspondance_officielle_france_competences,officiel
RNCP39626,Assistant de gestion des petites entreprises ,5,2,correspondance_officielle_france_competences,officiel
RNCP42613,Instructeur des autorisations du droit des sols,1,1,correspondance_officielle_france_competences,officiel
RNCP36562,Diplôme d'études supérieures en commerce et en entrepreneuriat,19,2,correspondance_officielle_france_competences,officiel
RNCP36647,Manager en gestion globale des risques,25,3,correspondance_officielle_france_competences,officiel
RNCP38500,Expert en données financières massives,24,2,correspondance_officielle_france_competences,officiel
RNCP39010,Actuariat (fiche nationale),17,4,correspondance_officielle_france_competences,officiel
RNCP39229,Expert en gestion patrimoniale et financière (MS),15,2,correspondance_officielle_france_competences,officiel
RNCP40662,Expert en stratégies financières et investissements responsables (MS),24,2,correspondance_officielle_france_competences,officiel
RNCP40842,Expert en contrôle de gestion et pilotage de la performance (MS),12,1,correspondance_officielle_france_competences,officiel
RNCP41034,Diplôme d’études spécialisées en management international (DESMI),16,3,correspondance_officielle_france_competences,officiel
RNCP41065,Statistique et économie du risque (fiche nationale),29,5,correspondance_officielle_france_competences,officiel
RNCP42710,Diplôme en comptabilité et gestion financière,17,3,correspondance_officielle_france_competences,officiel
RNCP41310,Technicien Valoriste du Réemploi d’appareils informatiques,1,1,correspondance_officielle_france_competences,officiel
RNCP41732,Réparateur de produits électroniques nomades,1,1,correspondance_officielle_france_competences,officiel
RNCP37021,Métiers de l’audiovisuel option métiers de l’image,3,1,correspondance_officielle_france_competences,officiel
RNCP39351,Opérateur de prise de vues - Cadreur,3,1,correspondance_officielle_france_competences,officiel
RNCP39404,Cinéma et audiovisuel (fiche nationale),3,1,correspondance_officielle_france_competences,officiel
RNCP39857,Technicien d'exploitation d'équipements culturels et évènementiels,3,1,correspondance_officielle_france_competences,officiel
RNCP37407,Chef d'équipe de maintenance des systèmes de détection et de communication,10,1,correspondance_officielle_france_competences,officiel
RNCP39239,Chargé d'intégration en robotique industrielle,4,2,correspondance_officielle_france_competences,officiel
RNCP40489," Métiers de l'instrumentation, de la mesure et du contrôle qualité (fiche nationale)",3,1,correspondance_officielle_france_competences,officiel
RNCP38297,Economie du travail et des ressources humaines (fiche nationale),5,3,correspondance_officielle_france_competences,officiel
RNCP39777,Manager des ressources humaines,4,2,correspondance_officielle_france_competences,officiel
RNCP41398,Manager des ressources humaines,4,2,correspondance_officielle_france_competences,officiel
RNCP41770,Responsable en gestion des ressources humaines,4,2,correspondance_officielle_france_competences,officiel
RNCP41803,Manager des ressources humaines,4,2,correspondance_officielle_france_competences,officiel
RNCP42470,Manager du developpement des ressources humaines,4,2,correspondance_officielle_france_competences,officiel
RNCP42559,Métiers du conseil et de la formation des adultes (fiche nationale) ,6,2,correspondance_officielle_france_competences,officiel
RNCP39803,"Ingénieur diplômé de l’Institut Agro Rennes-Angers de l’Institut national d’enseignement supérieur pour l’agriculture, l’alimentation et l’environnement (Institut Agro), spécialité paysage",2,2,correspondance_officielle_france_competences,officiel
RNCP40492,Ingénieur diplômé de l'ESTP - Grande école d'ingénieurs de la construction,1,1,correspondance_officielle_france_competences,officiel
RNCP37691,Langues et commerce international (fiche nationale),15,3,correspondance_officielle_france_competences,officiel
RNCP38368,Négociation et digitalisation de la relation client,14,3,correspondance_officielle_france_competences,officiel
RNCP38406,"Ingénieur diplômé de l'Institut Agro Dijon de l’Institut national d’enseignement supérieur pour l’agriculture, l’alimentation, et l’environnement spécialité agronomie",8,2,correspondance_officielle_france_competences,officiel
RNCP38763,Diplôme de Management International,17,4,correspondance_officielle_france_competences,officiel
RNCP39441,Diplôme d'études spécialisé en management des industries créatives,7,1,correspondance_officielle_france_competences,officiel
RNCP40351,Manager du marketing et du développement de produits de mode,7,1,correspondance_officielle_france_competences,officiel
RNCP42484,Manager international en industries du luxe et de la mode,12,2,correspondance_officielle_france_competences,officiel
RNCP37239,Pilote d'installations de production par procédés,1,1,correspondance_officielle_france_competences,officiel
RNCP38897,CQP Conducteur d'équipement industriel (CQPI),1,1,correspondance_officielle_france_competences,officiel
RNCP37941,Emballeur professionnel,2,1,correspondance_officielle_france_competences,officiel
RNCP38111,Opérateur de transformation en industrie alimentaire,2,1,correspondance_officielle_france_competences,officiel
RNCP39784,Equipier de production industrielle,2,1,correspondance_officielle_france_competences,officiel
RNCP35920,Management des PME-PMI (fiche nationale),6,2,correspondance_officielle_france_competences,officiel
RNCP36504,Ingénieur d’affaires international (MS),3,1,correspondance_officielle_france_competences,officiel
RNCP37667,Diplôme d'études supérieures spécialisées en management des organisations,3,1,correspondance_officielle_france_competences,officiel
RNCP37888,Diplôme d'Etudes Spécialisées en Management International,3,1,correspondance_officielle_france_competences,officiel
RNCP37995,Manager marketing et commercial spécialisé en acquisition numérique,3,1,correspondance_officielle_france_competences,officiel
RNCP38025,Chargé de développement commercial et marketing,3,1,correspondance_officielle_france_competences,officiel
RNCP38130,Directeur d'activités,3,1,correspondance_officielle_france_competences,officiel
RNCP38505,Responsable du développement commercial ,9,3,correspondance_officielle_france_competences,officiel
RNCP39016,Economie internationale (fiche nationale),4,2,correspondance_officielle_france_competences,officiel
RNCP39571,"Diplôme d’études supérieures en marketing, gestion commerciale et management international",4,2,correspondance_officielle_france_competences,officiel
RNCP40504,Management des activités commerciales (fiche nationale),10,3,correspondance_officielle_france_competences,officiel
RNCP40591,Manager de la stratégie commerciale,8,2,correspondance_officielle_france_competences,officiel
RNCP41060,Responsable du marketing et du développement commercial,10,3,correspondance_officielle_france_competences,officiel
RNCP41109,Manager du marketing digital,3,1,correspondance_officielle_france_competences,officiel
RNCP41302,Manager du développement commercial,4,2,correspondance_officielle_france_competences,officiel
RNCP41479,Responsable d’affaires commerciales et du développement à l’international,3,1,correspondance_officielle_france_competences,officiel
RNCP41809,Manager de la stratégie marketing digital,3,1,correspondance_officielle_france_competences,officiel
RNCP41981,Chef de projets marketing digital,5,2,correspondance_officielle_france_competences,officiel
RNCP42183,Directeur de projets (MS),3,1,correspondance_officielle_france_competences,officiel
RNCP42669,Diplôme d'études supérieures spécialisées en management des organisations,3,1,correspondance_officielle_france_competences,officiel
RNCP42673,Diplôme supérieur en management,4,2,correspondance_officielle_france_competences,officiel
RNCP38668,Fraiseur d'outillages en usinage conventionnel et numérique,1,1,correspondance_officielle_france_competences,officiel
RNCP41763,CQP Opérateur régleur sur machines-outils à commande numérique de transformation de la tôle,1,1,correspondance_officielle_france_competences,officiel
RNCP37175,"Formateur d'enseignants, de formateurs et de cadres pédagogiques",3,1,correspondance_officielle_france_competences,officiel
RNCP38049,Consultant formateur,3,1,correspondance_officielle_france_competences,officiel
RNCP39026,"Métiers de la formation et du conseil pour les transitions agricoles, environnementales et sociales (fiche nationale)",4,2,correspondance_officielle_france_competences,officiel
RNCP40057,"Métiers de la relation à l'animal-compagnon : médiation, éducation, comportement (fiche nationale)",3,1,correspondance_officielle_france_competences,officiel
RNCP39015,Economie (fiche nationale),1,1,correspondance_officielle_france_competences,officiel
RNCP39020,Economie du droit (fiche nationale),3,2,correspondance_officielle_france_competences,officiel
RNCP39039,Démographie (fiche nationale),2,2,correspondance_officielle_france_competences,officiel
RNCP39171,Etudes du développement (fiche nationale),2,2,correspondance_officielle_france_competences,officiel
RNCP39691,Sociologie (fiche nationale),1,1,correspondance_officielle_france_competences,officiel
RNCP40667,Chargé de mission en organisations européennes et internationales,1,1,correspondance_officielle_france_competences,officiel
RNCP40789,Affaires Internationales et Développement,2,2,correspondance_officielle_france_competences,officiel
RNCP41404,Expert RSE et développement durable,1,1,correspondance_officielle_france_competences,officiel
RNCP37207,Assistant Designer Graphique Multimédia,1,1,correspondance_officielle_france_competences,officiel
RNCP38209,Information et médiation scientifique et technique (fiche nationale),1,1,correspondance_officielle_france_competences,officiel
RNCP39432,Etudes asiatiques (fiche nationale),1,1,correspondance_officielle_france_competences,officiel
RNCP39464,Sciences des religions et sociétés (fiche nationale),1,1,correspondance_officielle_france_competences,officiel
RNCP40160,Assistant bibliothécaire : médiations numériques et culturelles,1,1,correspondance_officielle_france_competences,officiel
RNCP40549,Médiateur de l'information numérique,1,1,correspondance_officielle_france_competences,officiel
RNCP41541,Information-Communication : Métiers du livre et du patrimoine,3,2,correspondance_officielle_france_competences,officiel
RNCP41627,Photographie,1,1,correspondance_officielle_france_competences,officiel
RNCP42216,Etudes culturelles (fiche nationale),1,1,correspondance_officielle_france_competences,officiel
RNCP40380,Expert en analyse et stratégie pour l'environnement (MS),1,1,correspondance_officielle_france_competences,officiel
RNCP40461,Métiers des ressources naturelles et de la forêt (fiche nationale),1,1,correspondance_officielle_france_competences,officiel
RNCP41356,Responsable d'entreprise de culture végétale,1,1,correspondance_officielle_france_competences,officiel
RNCP42476,Expert-conseil en stratégie des filières agricoles et agroalimentaires,1,1,correspondance_officielle_france_competences,officiel
RNCP38754,Diplôme en management général et international,5,1,correspondance_officielle_france_competences,officiel
RNCP42252,IA & Management,6,2,correspondance_officielle_france_competences,officiel
RNCP40153,Éditeur multisupport,2,1,correspondance_officielle_france_competences,officiel
RNCP37292,"Technicien d'études en chauffage, ventilation et climatisation",1,1,correspondance_officielle_france_competences,officiel
RNCP39033,Technicien d'études du bâtiment ,1,1,correspondance_officielle_france_competences,officiel
RNCP41382,Gestion et maîtrise de l'eau,1,1,correspondance_officielle_france_competences,officiel
RNCP42415,Bâtiment et travaux publics,1,1,correspondance_officielle_france_competences,officiel
RNCP36421,Programme Grande Ecole de TBS Education ,2,2,correspondance_officielle_france_competences,officiel
RNCP36888,Responsable d’établissements médicaux et médico-sociaux,1,1,correspondance_officielle_france_competences,officiel
RNCP41441,Responsable paie et administration du personnel,1,1,correspondance_officielle_france_competences,officiel
RNCP39651,Brevet de capitaine 200 pêche,1,1,correspondance_officielle_france_competences,officiel
RNCP39814,Certificat de mécanicien,1,1,correspondance_officielle_france_competences,officiel
RNCP39932,Brevet de second mécanicien,1,1,correspondance_officielle_france_competences,officiel
RNCP41846,Technicien réparateur en mécanique de marine de plaisance,1,1,correspondance_officielle_france_competences,officiel
RNCP36779,Droit des espaces et des activités maritimes (fiche nationale),2,1,correspondance_officielle_france_competences,officiel
RNCP35403,Science et génie des matériaux : Métiers du recyclage et de la valorisation des matériaux et des produits,1,1,correspondance_officielle_france_competences,officiel
RNCP35494,"Chimie : Analyse, contrôle-qualité, environnement",1,1,correspondance_officielle_france_competences,officiel
RNCP37711,Sciences de la vigne et du vin (fiche nationale),1,1,correspondance_officielle_france_competences,officiel
RNCP38977,Mécanique (fiche nationale),1,1,correspondance_officielle_france_competences,officiel
RNCP40411,Bio-industries et biotechnologies (fiche nationale),1,1,correspondance_officielle_france_competences,officiel
RNCP40543,Chimie : formulation (fiche nationale) ,1,1,correspondance_officielle_france_competences,officiel
RNCP40718,Productions animales (fiche nationale),1,1,correspondance_officielle_france_competences,officiel
RNCP38172,Droit du numérique (fiche nationale),15,2,correspondance_officielle_france_competences,officiel
RNCP39233,"Designer d’expériences immersives, interactives et ludiques pour le jeu vidéo, la culture et la communication (MS)",13,1,correspondance_officielle_france_competences,officiel
RNCP39758,CQP Expert technique en création numérique,13,1,correspondance_officielle_france_competences,officiel
RNCP40897,Expert en cybersécurité,13,1,correspondance_officielle_france_competences,officiel
RNCP41776,Administrateur système et réseau,13,1,correspondance_officielle_france_competences,officiel
RNCP38467,CQP Chargé d'intégration de la productique industrielle,1,1,correspondance_officielle_france_competences,officiel
RNCP39093,Manager de l'amélioration continue (MS),1,1,correspondance_officielle_france_competences,officiel
RNCP41619,Science et génie des matériaux : Métiers de l’ingénierie des matériaux et des produits,2,2,correspondance_officielle_france_competences,officiel
RNCP38771,CQP Conseiller mutualiste individuel,1,1,correspondance_officielle_france_competences,officiel
RNCP39619,Conseiller financier,2,2,correspondance_officielle_france_competences,officiel
RNCP40253,Chargé de clientèles en assurance et banque,2,2,correspondance_officielle_france_competences,officiel
RNCP36857,Manager stratégique de l'information et des technologies (MS),2,1,correspondance_officielle_france_competences,officiel
RNCP36436,Monteur dépanneur frigoriste,1,1,correspondance_officielle_france_competences,officiel
RNCP38560,Installateur en froid et conditionnement d'air,1,1,correspondance_officielle_france_competences,officiel
RNCP38635, Installateur dépanneur en froid et conditionnement d'air,1,1,correspondance_officielle_france_competences,officiel
RNCP39437,Technicien d'intervention en froid commercial et climatisation,1,1,correspondance_officielle_france_competences,officiel
RNCP41523,Technicien d'exploitation et de maintenance de systèmes énergie propulsion,2,2,correspondance_officielle_france_competences,officiel
RNCP41604,Métiers de la transition et de l'efficacité énergétiques : Management de l’énergie pour le bâtiment et l’industrie,1,1,correspondance_officielle_france_competences,officiel
RNCP42407,Gestion et maintenance des installations énergétiques (fiche nationale),1,1,correspondance_officielle_france_competences,officiel
RNCP37165,CQP Mécanicien de maintenance en robinetterie industrielle,1,1,correspondance_officielle_france_competences,officiel
RNCP37670,Maintenance nautique ,2,2,correspondance_officielle_france_competences,officiel
RNCP41563,"Gestion des entreprises et des administrations : Gestion comptable, fiscale et financière",10,4,correspondance_officielle_france_competences,officiel
RNCP35357,Techniques de Commercialisation : Business développement et management de la relation client,3,2,correspondance_officielle_france_competences,officiel
RNCP39274,"Diplôme Supérieur en Management des Industries Culturelles, Créatives et du Luxe ",2,1,correspondance_officielle_france_competences,officiel
RNCP37121,Comptable assistant,4,1,correspondance_officielle_france_competences,officiel
RNCP38506,Assistant de comptabilité et d'administration en PME/TPE,4,1,correspondance_officielle_france_competences,officiel
RNCP39361,Collaborateur comptable,4,1,correspondance_officielle_france_competences,officiel
RNCP40630,Chef d'équipe d'exploitation et de maintenance des systèmes d'opérations navales,4,2,correspondance_officielle_france_competences,officiel
RNCP38135,Manager commercial clients grands comptes,1,1,correspondance_officielle_france_competences,officiel
RNCP38441,Manager de centre de profit ,1,1,correspondance_officielle_france_competences,officiel
RNCP41512,"Entreprendre, accompagner et manager en agriculture",1,1,correspondance_officielle_france_competences,officiel
RNCP36254,Conducteur de travaux ,1,1,correspondance_officielle_france_competences,officiel
RNCP36762,Génie Urbain (fiche nationale),1,1,correspondance_officielle_france_competences,officiel
RNCP39631,Chef de projet en rénovation énergétique,1,1,correspondance_officielle_france_competences,officiel
RNCP40685,Chef de projet en rénovation énergétique performante,1,1,correspondance_officielle_france_competences,officiel
RNCP40783,Ingénieur diplômé de l'Ecole Supérieure d'Ingénieurs des Travaux de la Construction de Paris,1,1,correspondance_officielle_france_competences,officiel
RNCP42399,Sciences et ingénierie – Génie de l’aménagement,1,1,correspondance_officielle_france_competences,officiel
RNCP38026,CQP Chargé de clientèle de professionnels,1,1,correspondance_officielle_france_competences,officiel
RNCP39613,Conseiller clientèle des professionnels et agriculteurs ,1,1,correspondance_officielle_france_competences,officiel
RNCP41452,Expert en stratégie patrimoniale,1,1,correspondance_officielle_france_competences,officiel
RNCP36948,Mode,6,1,correspondance_officielle_france_competences,officiel
RNCP35455,Réseaux & Télécommunications : Cybersécurité,284,5,correspondance_officielle_france_competences,officiel
RNCP35456,Réseaux & Télécommunications : Réseaux Opérateurs et Multimédia ,284,5,correspondance_officielle_france_competences,officiel
RNCP35702,"Ingénieur diplômé de l’école polytechnique universitaire de l'université d'Angers, spécialité automatique et informatique ",291,5,correspondance_officielle_france_competences,officiel
RNCP35782,"Ingénieur de l'école nationale supérieure des sciences appliquées et de technologie, spécialité informatique",293,5,correspondance_officielle_france_competences,officiel
RNCP36399,Expert en sécurité digitale,266,3,correspondance_officielle_france_competences,officiel
RNCP36963,Sciences des systèmes communicants  (fiche nationale),261,2,correspondance_officielle_france_competences,officiel
RNCP38004,Expert en ingénierie informatique,296,4,correspondance_officielle_france_competences,officiel
RNCP38105,"Ingénieur systèmes, réseaux et cybersécurité",292,4,correspondance_officielle_france_competences,officiel
RNCP38112,Manager des ressources humaines,255,3,correspondance_officielle_france_competences,officiel
RNCP38182,Économie de l’entreprise et des marchés (fiche nationale),252,2,correspondance_officielle_france_competences,officiel
RNCP38325,"Ingénieur diplômé de l'école polytechnique universitaire de l'Université Côte d’Azur, spécialité Informatique",299,4,correspondance_officielle_france_competences,officiel
RNCP38474,Architecte internet des objets,290,3,correspondance_officielle_france_competences,officiel
RNCP38599,Manager de programmes et projets SI,253,2,correspondance_officielle_france_competences,officiel
RNCP39278,Informatique (fiche nationale),301,5,correspondance_officielle_france_competences,officiel
RNCP39394,Expert en systèmes d’information et sécurité,302,5,correspondance_officielle_france_competences,officiel
RNCP39577,Consultant en stratégie d'entreprise,251,1,correspondance_officielle_france_competences,officiel
RNCP39851,"Administrateur systèmes, réseaux et sécurité",284,5,correspondance_officielle_france_competences,officiel
RNCP40741,Sciences et Ingénierie - Informatique et Cybersécurité,299,4,correspondance_officielle_france_competences,officiel
RNCP40813,Ingénieur diplômé de l'IG2I de Centrale Lille Institut,313,5,correspondance_officielle_france_competences,officiel
RNCP40947,"Ingénieur diplômé de l’école d’ingénieurs Jules Verne de l’université d’Amiens, spécialité cybersécurité",285,5,correspondance_officielle_france_competences,officiel
RNCP41155,"Ingénieur diplômé de Télécom SudParis de l'Institut Mines-Télécom, spécialité informatique et réseaux (Institut Polytechnique de Paris)",293,5,correspondance_officielle_france_competences,officiel
RNCP41171,"Ingénieur diplômé de l’institut des sciences et techniques des Yvelines de l’université de Versailles-Saint-Quentin-en-Yvelines, spécialité informatique",302,5,correspondance_officielle_france_competences,officiel
RNCP41381,Ingénieur diplômé de l'Université Paris XIII spécialité Télécommunications et réseaux,293,5,correspondance_officielle_france_competences,officiel
RNCP41412,Architecte IoT et sécurité des systèmes connectés,290,3,correspondance_officielle_france_competences,officiel
RNCP41483,Product builder no-code,293,4,correspondance_officielle_france_competences,officiel
RNCP41589,Management de la logistique et des transports : Mobilité et supply chain connectées,251,1,correspondance_officielle_france_competences,officiel
RNCP41879,Consultant en assistance à maîtrise d'ouvrage informatique,292,4,correspondance_officielle_france_competences,officiel
RNCP41889,Expert en stratégie et solutions no code/low code,301,5,correspondance_officielle_france_competences,officiel
RNCP42011,Diplôme d'études supérieures en intelligence artificielle et sciences des données,291,4,correspondance_officielle_france_competences,officiel
RNCP42022,"ingénieur diplômé de l’Ecole polytechnique universitaire de Savoie de l’université de Chambéry, spécialité  informatique",301,5,correspondance_officielle_france_competences,officiel
RNCP42099,"Ingénieur diplômé de l'Institut national des sciences appliquées de Lyon, spécialité Télécommunications",300,5,correspondance_officielle_france_competences,officiel
RNCP42204,Responsable green IT,265,3,correspondance_officielle_france_competences,officiel
RNCP42285,"Ingénieur de l'école nationale supérieure des sciences appliquées et de technologie, spécialité informatique",293,5,correspondance_officielle_france_competences,officiel
RNCP42317,Expert en informatique et système d'information ,275,4,correspondance_officielle_france_competences,officiel
RNCP42325,Manager de projets en informatique et systèmes d'information (MS),301,5,correspondance_officielle_france_competences,officiel
RNCP42547,"Ingénieur diplômé de l’école supérieure de Chimie Physique Electronique de Lyon (CPE Lyon), spécialité informatique et cybersécurité",301,5,correspondance_officielle_france_competences,officiel
RNCP42578,Intelligence artificielle et société,290,3,correspondance_officielle_france_competences,officiel
RNCP36050,Sciences et numérique pour la santé (fiche nationale),43,3,correspondance_officielle_france_competences,officiel
RNCP36226,Manager de biobanques,17,2,correspondance_officielle_france_competences,officiel
RNCP38772,Chargé d'expériences en recherche scientifique,4,2,correspondance_officielle_france_competences,officiel
RNCP38962,"Biochimie, biologie moléculaire (fiche nationale)",18,3,correspondance_officielle_france_competences,officiel
RNCP38971,Génétique (fiche nationale),17,2,correspondance_officielle_france_competences,officiel
RNCP38984,Génie mécanique (fiche nationale),20,4,correspondance_officielle_france_competences,officiel
RNCP39489,Sciences du numérique et sport (fiche nationale),54,5,correspondance_officielle_france_competences,officiel
RNCP39508,Immunologie (fiche nationale),18,3,correspondance_officielle_france_competences,officiel
RNCP39692,Biologie végétale (fiche nationale),19,3,correspondance_officielle_france_competences,officiel
RNCP39905,"Ingénieur diplômé de l'Ecole d'ingénieurs Denis-Diderot de l'Université Paris Cité, spécialité Matériaux et Nanotechnologies",19,3,correspondance_officielle_france_competences,officiel
RNCP40020,"Ingénieur diplômé de l’école polytechnique universitaire de l’université de Tours, spécialité mécanique et génie mécanique",20,4,correspondance_officielle_france_competences,officiel
RNCP40772,"Ingénieur diplômé de l'École nationale supérieure de Physique, Électronique et Matériaux de l’Institut polytechnique de Grenoble, spécialité Micro et Nanotechnologies pour les systèmes intégrés",20,4,correspondance_officielle_france_competences,officiel
RNCP40825,"Ingénieur diplômé de l’école Institut Agro Montpellier de l’institut national d’enseignement supérieur pour l’agriculture, l’alimentation et l’environnement, spécialité agronomie",6,3,correspondance_officielle_france_competences,officiel
RNCP40976,"ingénieur diplômé de l'Institut national des sciences appliquées de Lyon, spécialité biotechnologies et bioinformatique",20,4,correspondance_officielle_france_competences,officiel
RNCP41028,"Ingénieur diplômé de l'institut national des sciences appliquées de Toulouse, spécialité génie biologique",18,3,correspondance_officielle_france_competences,officiel
RNCP41253,Ingénieur diplômé de  l’institut national des sciences et industries  du vivant et de l’environnement  (AgroParisTech),20,4,correspondance_officielle_france_competences,officiel
RNCP42234,"Ingénieur diplômé de l’Ecole Polytechnique Universitaire de l’Université Lyon-I, spécialité mathématiques appliquées ",32,4,correspondance_officielle_france_competences,officiel
RNCP42706,"Ingénieur diplômé de l'Institut national des sciences appliquées de Toulouse, spécialité génie biologique",18,3,correspondance_officielle_france_competences,officiel
RNCP36695,Responsable marketing et commercial de la mode et du luxe,8,2,correspondance_officielle_france_competences,officiel
RNCP37131,Diplôme en management international,8,3,correspondance_officielle_france_competences,officiel
RNCP37975,Diplôme de gestion et de management des entreprises,10,4,correspondance_officielle_france_competences,officiel
RNCP38066,"Diplôme Supérieur en Affaires Internationales, Négociation et Géopolitique",7,4,correspondance_officielle_france_competences,officiel
RNCP38496,Manager des achats et de la supply Chain,4,2,correspondance_officielle_france_competences,officiel
RNCP40446,Gestion des achats et des approvisionnements  (fiche nationale),4,2,correspondance_officielle_france_competences,officiel
RNCP35918,Contrôle de gestion et audit organisationnel  (fiche nationale),16,3,correspondance_officielle_france_competences,officiel
RNCP36543,Programme Grande Ecole,18,4,correspondance_officielle_france_competences,officiel
RNCP36677,"Responsable en marketing, commercialisation et gestion",6,2,correspondance_officielle_france_competences,officiel
RNCP37970,Programme grande école,8,2,correspondance_officielle_france_competences,officiel
RNCP39268,Diplôme d’Etudes Spécialisées en Management International,6,2,correspondance_officielle_france_competences,officiel
RNCP39289,Diplôme d'études supérieures en Management Stratégique International,18,3,correspondance_officielle_france_competences,officiel
RNCP39483,"Diplôme d'études supérieures spécialisées en audit, finance et contrôle de gestion",4,2,correspondance_officielle_france_competences,officiel
RNCP40999,Diplôme de comptabilité et de gestion (DCG),7,2,correspondance_officielle_france_competences,officiel
RNCP41054,SKEMA Programme Grande Ecole,9,3,correspondance_officielle_france_competences,officiel
RNCP41195,"Diplôme Supérieur en Marketing, Commerce et Gestion",7,3,correspondance_officielle_france_competences,officiel
RNCP41235,"Diplôme Supérieur en marketing, commerce et gestion",14,4,correspondance_officielle_france_competences,officiel
RNCP41301,Contrôleur de gestion expert,3,1,correspondance_officielle_france_competences,officiel
RNCP41685,Chargé de gestion comptable et financière,7,2,correspondance_officielle_france_competences,officiel
RNCP42524,Contrôleur de gestion,3,1,correspondance_officielle_france_competences,officiel
RNCP40141,Employé commercial ,2,2,correspondance_officielle_france_competences,officiel
RNCP36612,Assistant en ressources humaines,8,2,correspondance_officielle_france_competences,officiel
RNCP37474,Programme en Management International ,4,1,correspondance_officielle_france_competences,officiel
RNCP38289,Adjoint de dirigeant d'entreprise artisanale,5,2,correspondance_officielle_france_competences,officiel
RNCP38442,Responsable ressources humaines ,8,3,correspondance_officielle_france_competences,officiel
RNCP36834,Coordinateur en intervention et/ou en situation d’urgence,1,1,correspondance_officielle_france_competences,officiel
RNCP42636,Expert en renseignement et anticipation des risques et menaces (MS),1,1,correspondance_officielle_france_competences,officiel
RNCP36296,Expert en architectures systèmes-réseaux et en sécurité informatique,41,3,correspondance_officielle_france_competences,officiel
RNCP36490,Concepteur développeur d'applications,39,2,correspondance_officielle_france_competences,officiel
RNCP37873,Concepteur développeur d'applications,26,1,correspondance_officielle_france_competences,officiel
RNCP37901,"Ingénieur diplômé de l’école d’ingénieurs de l’université de Toulon, spécialité systèmes numériques",53,3,correspondance_officielle_france_competences,officiel
RNCP38038,Développeur concepteur logiciel,26,1,correspondance_officielle_france_competences,officiel
RNCP38461,"Concepteur intégrateur d'infrastructures informatiques  (systèmes et réseaux, applicatives, ou de sécurité)",35,2,correspondance_officielle_france_competences,officiel
RNCP38587,Expert en ingénierie de l'intelligence artificielle,51,4,correspondance_officielle_france_competences,officiel
RNCP38656,Ingénieur diplômé d'EURECOM,51,5,correspondance_officielle_france_competences,officiel
RNCP38845,"Ingénieur diplômé de l’école polytechnique universitaire de l’institut national polytechnique Clermont Auvergne, spécialité  génie électrique",42,3,correspondance_officielle_france_competences,officiel
RNCP38942,Directeur artistique,26,1,correspondance_officielle_france_competences,officiel
RNCP38959,"Ingénieur diplômé de l’Institut polytechnique de Grenoble, École nationale supérieure de Physique, Électronique et Matériaux",43,4,correspondance_officielle_france_competences,officiel
RNCP38999,Systèmes de calculs embarqués (fiche nationale),38,4,correspondance_officielle_france_competences,officiel
RNCP39108,Product builder no-code,26,1,correspondance_officielle_france_competences,officiel
RNCP39128,"Ingénieur diplômé du Conservatoire national des arts et métiers, spécialité Informatique et multimédia",26,1,correspondance_officielle_france_competences,officiel
RNCP39162,Ingénieur diplômé de l'Ecole Centrale d'Electronique,53,3,correspondance_officielle_france_competences,officiel
RNCP39583,Expert en développement logiciel,26,1,correspondance_officielle_france_competences,officiel
RNCP39590,Data scientist,26,1,correspondance_officielle_france_competences,officiel
RNCP40103,"Métiers du numérique : conception, rédaction et réalisation web (fiche nationale)",26,1,correspondance_officielle_france_competences,officiel
RNCP40202,Ingénieur diplômé de l’École Centrale de Nantes spécialité Systèmes Embarqués,41,3,correspondance_officielle_france_competences,officiel
RNCP40227,Informatique des organisations ,45,3,correspondance_officielle_france_competences,officiel
RNCP40247,Product builder no-code,26,1,correspondance_officielle_france_competences,officiel
RNCP40319,"Métiers de l'informatique : conception, développement et tests de logiciels (fiche nationale)",38,3,correspondance_officielle_france_competences,officiel
RNCP40672,Product builder no code,26,1,correspondance_officielle_france_competences,officiel
RNCP40677,Product builder no-code,39,2,correspondance_officielle_france_competences,officiel
RNCP41003,Sciences et Ingénierie - Technologie de l'information et multimédia,35,2,correspondance_officielle_france_competences,officiel
RNCP41073,"Ingénieur diplômé de l’université de Toulouse, spécialité Robotique",43,3,correspondance_officielle_france_competences,officiel
RNCP41122,Product builder no code,26,1,correspondance_officielle_france_competences,officiel
RNCP41143,Concepteur de solutions no code,26,1,correspondance_officielle_france_competences,officiel
RNCP41156,Ingénieur diplômé de l'Ecole publique d'Ingénieurs de la santé et du numérique (EPISEN) de l'université Paris Est Créteil Val-de-Marne Spécialité Systèmes d’information ,58,4,correspondance_officielle_france_competences,officiel
RNCP41164,"Ingénieur diplômé de CentraleSupélec, spécialité Systèmes numériques",53,5,correspondance_officielle_france_competences,officiel
RNCP41579,Génie électrique et informatique industrielle : Électronique et systèmes embarqués,26,1,correspondance_officielle_france_competences,officiel
RNCP41608,"Qualité, logistique industrielle et organisation : Management de la transformation digitale",41,3,correspondance_officielle_france_competences,officiel
RNCP41643,Expert en transformation digitale et technologique no code,26,1,correspondance_officielle_france_competences,officiel
RNCP41719,Concepteur développeur de solutions blockchain,26,1,correspondance_officielle_france_competences,officiel
RNCP41726,Product builder no-code,26,1,correspondance_officielle_france_competences,officiel
RNCP41791,Product builder no code,39,2,correspondance_officielle_france_competences,officiel
RNCP42055,Product builder no code,26,1,correspondance_officielle_france_competences,officiel
RNCP42073,Product builder no code,33,2,correspondance_officielle_france_competences,officiel
RNCP42157,Expert en ingénierie des données,39,2,correspondance_officielle_france_competences,officiel
RNCP42193,Expert en stratégie et solutions blockchain,26,1,correspondance_officielle_france_competences,officiel
RNCP42228,"Ingénieur diplômé de l'institut national des sciences appliquées de Rouen, spécialité technologies de l'information et intelligence artificielle",39,2,correspondance_officielle_france_competences,officiel
RNCP42248,"Ingénieur diplômé de l’école polytechnique universitaire de l’institut national polytechnique clermont auvergne, spécialité génie électrique et systèmes embarqués",42,3,correspondance_officielle_france_competences,officiel
RNCP42563,"Ingénieur diplômé de l'Ecole supérieure de chimie physique électronique de Lyon (CPE), spécialité électronique et informatique",28,3,correspondance_officielle_france_competences,officiel
RNCP42590,"Ingénieur diplômé de l'université de Toulouse, spécialité Télécommunications et réseaux",51,5,correspondance_officielle_france_competences,officiel
RNCP42595,"Ingénieur de l’Institut Polytechnique de Grenoble, spécialité génie énergétique et industriel",41,3,correspondance_officielle_france_competences,officiel
RNCP35367,Génie Biologique : Biologie Médicale et Biotechnologie,17,3,correspondance_officielle_france_competences,officiel
RNCP35463,Génie Mécanique et productique : Innovation pour l'industrie,15,2,correspondance_officielle_france_competences,officiel
RNCP35909,Management stratégique (fiche nationale),14,1,correspondance_officielle_france_competences,officiel
RNCP36098,"Ingénieur diplômé de l’école nationale supérieure en génie des technologies industrielles de l’université de pau et des pays de l'adour, spécialité génie des procédés",17,3,correspondance_officielle_france_competences,officiel
RNCP36179,"Ingénieur de l'École nationale supérieure de chimie, de biologie et de physique, de l'Institut polytechnique de Bordeaux (ENSCBP - Bordeaux INP) spécialité Agroalimentaire et génie biologique",17,3,correspondance_officielle_france_competences,officiel
RNCP36182,"Ingénieur de l'École nationale supérieure de chimie, de biologie et de physique, de l'Institut polytechnique de Bordeaux (ENSCBP - Bordeaux INP) spécialité Matériaux",15,2,correspondance_officielle_france_competences,officiel
RNCP37201,"Ingénieur diplômé de l’école nationale supérieure d'électronique, informatique, télécommunications, mathématique et mécanique de Bordeaux de l’institut polytechnique de Bordeaux, spécialité électronique",19,3,correspondance_officielle_france_competences,officiel
RNCP37582,"Ingénieur diplômé de l'Ecole polytechnique universitaire de l'Université Aix Marseille, spécialité ""Matériaux""",24,4,correspondance_officielle_france_competences,officiel
RNCP37702,Ingénieur diplômé de l'école nationale supérieure d'ingénieurs de Bretagne-Sud de l'Université de Bretagne -Sud spécialité génie énergétique et génie électrique,17,3,correspondance_officielle_france_competences,officiel
RNCP38265,Manager du changement et de l'innovation durable (MS),14,1,correspondance_officielle_france_competences,officiel
RNCP38326,"Ingénieur diplômé de l’Université de Perpignan, spécialité énergétique",16,2,correspondance_officielle_france_competences,officiel
RNCP38537,"Ingénieur diplômé de l’Institut National des Sciences Appliquées de Strasbourg, spécialité Mécatronique",20,4,correspondance_officielle_france_competences,officiel
RNCP38582,Expert en ingénierie et gestion du gaz (MS),16,2,correspondance_officielle_france_competences,officiel
RNCP38674,"Ingénieur diplômé de l'école polytechnique universitaire de l'Université de Nantes, spécialité Génie Electrique",17,3,correspondance_officielle_france_competences,officiel
RNCP38683,Ingénierie nucléaire (fiche nationale),14,1,correspondance_officielle_france_competences,officiel
RNCP38689,Energie (fiche nationale),16,2,correspondance_officielle_france_competences,officiel
RNCP38703,Chimie (fiche nationale),15,2,correspondance_officielle_france_competences,officiel
RNCP38709,Chimie physique et analytique (fiche nationale),15,2,correspondance_officielle_france_competences,officiel
RNCP38858," Ingénieur diplômé de l’école polytechnique universitaire de Savoie de l'université de Chambéry, spécialité mécanique",17,3,correspondance_officielle_france_competences,officiel
RNCP38967,Sciences cognitives (fiche nationale),14,1,correspondance_officielle_france_competences,officiel
RNCP38993,Génie civil (fiche nationale),14,1,correspondance_officielle_france_competences,officiel
RNCP39167,"Ingénieur diplômé de l’École nationale supérieure d'arts et métiers, spécialité génie industriel",16,2,correspondance_officielle_france_competences,officiel
RNCP39669,Titre ingénieur – ingénieur diplômé de l’Ecole Nationale Supérieure de Mécanique et des Microtechniques,17,3,correspondance_officielle_france_competences,officiel
RNCP40042,Ingénieur diplômé de l'Ecole polytechnique universitaire de l'Université d'Aix-Marseille spécialité Génie  civil,14,1,correspondance_officielle_france_competences,officiel
RNCP40179,Ingénieur diplômé de l’Institut supérieur d’agriculture Rhône-Alpes,17,3,correspondance_officielle_france_competences,officiel
RNCP40198,Ingénieur diplômé de l'Ecole Centrale de Nantes,14,1,correspondance_officielle_france_competences,officiel
RNCP40324,Sciences de la vision (fiche nationale),15,2,correspondance_officielle_france_competences,officiel
RNCP40345,Concepteur de systèmes IoT sécurisés (MS),14,1,correspondance_officielle_france_competences,officiel
RNCP40467,"Ingénieur diplômé de CentraleSupélec, spécialité Génie Electrique",16,2,correspondance_officielle_france_competences,officiel
RNCP40533,"Ingénieur spécialisé en économie régénérative, diplômé de l’École nationale supérieure d'informatique et de mathématiques appliquées de l’Institut polytechnique de Grenoble",14,1,correspondance_officielle_france_competences,officiel
RNCP40613,"Ingénieur diplômé de l’institut national des sciences appliquées de Rouen, spécialité Mécanique",17,3,correspondance_officielle_france_competences,officiel
RNCP40737,Ingénieur diplômé des hautes études d’ingénieur – JUNIA,17,3,correspondance_officielle_france_competences,officiel
RNCP40763,"Ingénieur spécialisé en Procédés et polymères, diplômé de l'Ecole nationale supérieure du pétrole et des moteurs",17,3,correspondance_officielle_france_competences,officiel
RNCP40769,"Ingénieur spécialisé en Développement et exploitation des gisements, diplômé de l'Ecole nationale supérieure du pétrole et des moteurs ",16,2,correspondance_officielle_france_competences,officiel
RNCP40777,Ingénieur diplômé de l'École nationale d'ingénieurs de Metz de l’université de Lorraine,17,3,correspondance_officielle_france_competences,officiel
RNCP40820,"Ingénieur diplômé de l'Institut national des sciences appliquées Hauts-de- France, spécialité Mécanique et Energétique ",17,3,correspondance_officielle_france_competences,officiel
RNCP40826,"Ingénieur diplômé d'ECAM LaSalle, spécialité mécanique et génie électrique",28,3,correspondance_officielle_france_competences,officiel
RNCP40884,Expert en numérisation des systèmes et processus de production,17,3,correspondance_officielle_france_competences,officiel
RNCP40906,CQP Chargé de projets industriels,14,1,correspondance_officielle_france_competences,officiel
RNCP40938,"Ingénieur diplômé de l'Ecole Nationale Supérieure d'Electrotechnique, d'Electronique, d'Informatique, d'Hydraulique et des Télécommunications, de l'Institut National Polytechnique de Toulouse- Spécialité Mécanique et Génie Hydraulique",16,2,correspondance_officielle_france_competences,officiel
RNCP40950,"Ingénieur diplômé de l'école polytechnique universitaire de Nantes Université, spécialité Génie des Procédés",17,3,correspondance_officielle_france_competences,officiel
RNCP40955,"Ingénieur diplômé de l’Ecole polytechnique universitaire de l'université de Lille, spécialité Génie électrique et mécatronique",18,3,correspondance_officielle_france_competences,officiel
RNCP40956,Ingénieur diplômé de l'Institut Polytechnique des Sciences Avancées,16,2,correspondance_officielle_france_competences,officiel
RNCP40975,"ingénieur diplômé de l'Institut national des sciences appliquées de Lyon, spécialité génie mécanique",17,3,correspondance_officielle_france_competences,officiel
RNCP41149,"Ingénieur diplômé de l’école nationale supérieure Mines-Télécom Lille Douai de l'Institut Mines-Télécom, spécialité génie énergétique",15,2,correspondance_officielle_france_competences,officiel
RNCP41150,"Ingénieur diplômé de l’école nationale supérieure Mines-Télécom Lille Douai de l'Institut Mines-Télécom, spécialité Systèmes ferroviaires",15,2,correspondance_officielle_france_competences,officiel
RNCP41236,"Ingénieur diplômé de l’École d’ingénieurs SIGMA Clermont de l’Institut National Polytechnique Clermont Auvergne, spécialité chimie",16,2,correspondance_officielle_france_competences,officiel
RNCP41259,"Ingénieur diplômé de l’école nationale supérieure en génie des technologies industrielles de l’université de Pau, spécialité génie des procédés",17,3,correspondance_officielle_france_competences,officiel
RNCP41270,Ingénieur diplômé de l’Ecole nationale des ponts et chaussées,15,2,correspondance_officielle_france_competences,officiel
RNCP41557,Chimie : Chimie industrielle,15,2,correspondance_officielle_france_competences,officiel
RNCP42286,Ingénieur diplômé de l'école nationale supérieure de technologie des biomolécules de Bordeaux de l’institut polytechnique de Bordeaux,17,3,correspondance_officielle_france_competences,officiel
RNCP42292,"Ingénieur diplômé de l'école nationale supérieure de techniques avancées, spécialité systèmes embarqués",16,2,correspondance_officielle_france_competences,officiel
RNCP42373,"Ingénieur diplômé de l'école nationale supérieure d’électronique, informatique, télécommunications, mathématique et mécanique de Bordeaux de l’institut polytechnique de Bordeaux, spécialité mathématiques appliquées et mécanique",14,1,correspondance_officielle_france_competences,officiel
RNCP42379,"Ingénieur diplômé de l’ENSIL-ENSCI de l'Université de Limoges, spécialité mécatronique",19,4,correspondance_officielle_france_competences,officiel
RNCP42440,"Ingénieur diplômé du Conservatoire national des arts et métiers, spécialité Agroalimentaire ",16,2,correspondance_officielle_france_competences,officiel
RNCP42445,"Ingénieur diplômé du Conservatoire national des art et métiers, spécialité Aéronautique et espace",17,3,correspondance_officielle_france_competences,officiel
RNCP42446,"Ingénieur diplômé du Conservatoire national des arts et métiers, spécialité Systèmes électroniques",16,2,correspondance_officielle_france_competences,officiel
RNCP42534,"Ingénieur diplômé du Conservatoire national des arts et métiers, spécialité Mécanique",17,3,correspondance_officielle_france_competences,officiel
RNCP42569,"Ingénieur diplômé du Conservatoire national des arts et métiers, spécialité Chimie",16,2,correspondance_officielle_france_competences,officiel
RNCP42700,"Ingénieur diplômé de l'Institut national des sciences appliquées de Toulouse, spécialité mathématiques appliquées",28,4,correspondance_officielle_france_competences,officiel
RNCP42705,"Ingénieur diplômé de l'Institut national des sciences appliquées de Toulouse, spécialité génie des procédés et environnement",17,3,correspondance_officielle_france_competences,officiel
RNCP42733,"Ingénieur de l'école nationale supérieure des sciences appliquées et de technologie, spécialité Systèmes numériques",18,4,correspondance_officielle_france_competences,officiel
RNCP42752,"Ingénieur diplômé de l’Ecole supérieure d’ingénieurs en agroalimentaire de Bretagne Atlantique de Bretagne INP, spécialité agroalimentaire",17,3,correspondance_officielle_france_competences,officiel
RNCP35351,"Qualité, Logistique Industrielle et Organisation : Organisation et supply chain",2,1,correspondance_officielle_france_competences,officiel
RNCP35489,Métiers de la Transition et de l'Efficacité Energétiques : Exploitation des installations énergétiques pour le bâtiment et l’industrie,2,1,correspondance_officielle_france_competences,officiel
RNCP37657,Manager de proximité,2,1,correspondance_officielle_france_competences,officiel
RNCP37960,"Ingénieur de l'Ecole nationale supérieure d'agronomie et des industries alimentaires, spécialité Production agroalimentaire",3,2,correspondance_officielle_france_competences,officiel
RNCP37976,"Ingénieur diplômé de l’Ecole Nationale Supérieure d’Ingénieurs Sud-Alsace de l'Université de Mulhouse, spécialité Génie Industriel",3,2,correspondance_officielle_france_competences,officiel
RNCP38266,Manager de la performance industrielle (MS),3,2,correspondance_officielle_france_competences,officiel
RNCP38690,Génie industriel (fiche nationale),4,2,correspondance_officielle_france_competences,officiel
RNCP39911,"Ingénieur diplômé de l’École nationale supérieure d'ingénieurs de Bretagne Sud de l'université de Bretagne-Sud, spécialité génie civil",3,2,correspondance_officielle_france_competences,officiel
RNCP40300,Métiers de l'industrie : gestion de la production industrielle (fiche nationale),2,1,correspondance_officielle_france_competences,officiel
RNCP40417,"Ingénieur diplômé de l'Ecole Nationale Supérieure des Mines de Saint-Etienne de l'institut Mines-Telecom, spécialité Génie Industriel",3,2,correspondance_officielle_france_competences,officiel
RNCP40562,CQP Responsable de secteur d'activités industrielles,2,1,correspondance_officielle_france_competences,officiel
RNCP40970,"Ingénieur diplômé de l'Institut national des sciences appliquées de Lyon, spécialité Génie Industriel",3,2,correspondance_officielle_france_competences,officiel
RNCP38413,Architecte des systèmes d'information dans les processus industriels,24,3,correspondance_officielle_france_competences,officiel
RNCP38171,Histoire du droit et des institutions (fiche nationale),3,2,correspondance_officielle_france_competences,officiel
RNCP42093,Responsable traduction et exploitation en langues étrangères,7,3,correspondance_officielle_france_competences,officiel
RNCP40279,Chargé de développement d'activités touristiques,12,1,correspondance_officielle_france_competences,officiel
RNCP36380,Manager du développement international mode et luxe,7,3,correspondance_officielle_france_competences,officiel
RNCP39362,Manager en stratégie de développement des affaires,6,2,correspondance_officielle_france_competences,officiel
RNCP35498,Génie Industriel et Maintenance : Ingénierie des Systèmes Pluritechniques,2,2,correspondance_officielle_france_competences,officiel
RNCP40340,Maintenance et technologie : technologie médicale et biomédicale (fiche nationale),1,1,correspondance_officielle_france_competences,officiel
RNCP40512,Sciences et Ingénierie - Génie Industriel et Systèmes Numériques,2,2,correspondance_officielle_france_competences,officiel
RNCP40807,Métiers de la santé : technologies (fiche nationale),14,2,correspondance_officielle_france_competences,officiel
RNCP37561,Assistance technique d'ingénieur,1,1,correspondance_officielle_france_competences,officiel
RNCP38625,Assistant d'administration commerciale (TPE/PME),1,1,correspondance_officielle_france_competences,officiel
RNCP38717,Gestion,6,3,correspondance_officielle_france_competences,officiel
RNCP40517,Métiers de la gestion et de la comptabilité : fiscalité (fiche nationale),6,3,correspondance_officielle_france_competences,officiel
RNCP41261,"Finance, administration, comptabilité",6,3,correspondance_officielle_france_competences,officiel
RNCP41686,Office manager,1,1,correspondance_officielle_france_competences,officiel
RNCP35963,Responsable conformité,24,2,correspondance_officielle_france_competences,officiel
RNCP37936,Diplôme d’Etudes Supérieures en Management Global,15,2,correspondance_officielle_france_competences,officiel
RNCP39075,Finance ,24,2,correspondance_officielle_france_competences,officiel
RNCP39076,Economie et Finance ,13,2,correspondance_officielle_france_competences,officiel
RNCP41196,Diplôme d'études supérieures en finance,13,2,correspondance_officielle_france_competences,officiel
RNCP37682,Technicien supérieur systèmes et réseaux,11,2,correspondance_officielle_france_competences,officiel
RNCP40357,"Technicien informatique en installation, maintenance et support",11,2,correspondance_officielle_france_competences,officiel
RNCP41110,Technicien support en numérique,1,1,correspondance_officielle_france_competences,officiel
RNCP42280,Technicien assistance à distance des systèmes d'information et de communication (Technicien Centre national d'appui à distance),14,3,correspondance_officielle_france_competences,officiel
RNCP37022,Métiers de l’audiovisuel option techniques d’ingénierie et exploitation des équipements,3,1,correspondance_officielle_france_competences,officiel
RNCP41116,Superviseur en animation et effets spéciaux,3,1,correspondance_officielle_france_competences,officiel
RNCP42165,Responsable de la digitalisation et de l'exploitation des bâtiments,3,1,correspondance_officielle_france_competences,officiel
RNCP38489,Manager des ressources humaines,4,2,correspondance_officielle_france_competences,officiel
RNCP39422,Diplome en gestion et marketing ,14,3,correspondance_officielle_france_competences,officiel
RNCP39595,Manager en ressources humaines,4,2,correspondance_officielle_france_competences,officiel
RNCP40625,Sciences sociales,5,3,correspondance_officielle_france_competences,officiel
RNCP40802,Management des ressources humaines,4,2,correspondance_officielle_france_competences,officiel
RNCP40863,Responsable de gestion des ressources humaines,4,2,correspondance_officielle_france_competences,officiel
RNCP41295,Manager des ressources humaines,4,2,correspondance_officielle_france_competences,officiel
RNCP41713,Coach professionnel,8,4,correspondance_officielle_france_competences,officiel
RNCP41731,Assistant chef de projet événementiel,3,1,correspondance_officielle_france_competences,officiel
RNCP41883,Manager ressources humaines,4,2,correspondance_officielle_france_competences,officiel
RNCP39413,Diplôme de spécialisation et d'approfondissement en architecture (DSA) - mention Architecture et Patrimoine ,2,2,correspondance_officielle_france_competences,officiel
RNCP39657,"Ingénieur diplômé de l’école polytechnique universitaire de l’institut national polytechnique Clermont Auvergne, spécialité génie civil",1,1,correspondance_officielle_france_competences,officiel
RNCP39849,Concepteur créateur de jardin dans le paysage,2,2,correspondance_officielle_france_competences,officiel
RNCP40412,Diplôme d'Etat de paysagiste,3,3,correspondance_officielle_france_competences,officiel
RNCP40858,Dessinateur BIM en bâtiment et architecture,2,2,correspondance_officielle_france_competences,officiel
RNCP40942,"Ingénieur diplômé de l'Université de Technologie de Compiègne, spécialité Génie Urbain",1,1,correspondance_officielle_france_competences,officiel
RNCP42596,Métiers du BTP : performance énergétique et environnementale des bâtiments (fiche nationale),1,1,correspondance_officielle_france_competences,officiel
RNCP42757,"Ingénieur diplômé de l’Institut Agro Rennes-Angers de l’Institut national d’enseignement supérieur pour l’agriculture, l’alimentation et l’environnement, spécialité paysage",2,2,correspondance_officielle_france_competences,officiel
RNCP37386,Droit et management des vins et des spiritueux (fiche nationale),12,3,correspondance_officielle_france_competences,officiel
RNCP40592,Manager de la stratégie marketing,9,2,correspondance_officielle_france_competences,officiel
RNCP41009,Diplôme d'Etudes Supérieures en Commerce et Management Opérationnel,12,5,correspondance_officielle_france_competences,officiel
RNCP41044,Programme grande école,12,4,correspondance_officielle_france_competences,officiel
RNCP41190,Diplôme d’Etudes Avancées en Commerce International - DEACI,12,4,correspondance_officielle_france_competences,officiel
RNCP42369,Management et commerce international (fiche nationale),15,3,correspondance_officielle_france_competences,officiel
RNCP36247,Technicien supérieur de maintenance industrielle,1,1,correspondance_officielle_france_competences,officiel
RNCP38924,Technicien spécialisé en systèmes numériques industriels,1,1,correspondance_officielle_france_competences,officiel
RNCP36119,Manager du marketing et de la transformation digitale,5,2,correspondance_officielle_france_competences,officiel
RNCP36378,Responsable de la stratégie marketing et commerciale de mode,4,2,correspondance_officielle_france_competences,officiel
RNCP36419,Programme Grande Ecole,4,2,correspondance_officielle_france_competences,officiel
RNCP37285,CQP Chef d’agence en négoce des matériaux de construction ,8,2,correspondance_officielle_france_competences,officiel
RNCP37332,Manager marketing data et commerce électronique (MS) ,5,2,correspondance_officielle_france_competences,officiel
RNCP37631,Manager commercial de la distribution automobile,3,1,correspondance_officielle_france_competences,officiel
RNCP38439,Responsable d'un centre de profit,3,1,correspondance_officielle_france_competences,officiel
RNCP38604,Responsable d'activités commerciales,3,1,correspondance_officielle_france_competences,officiel
RNCP39442,Diplôme en management,4,2,correspondance_officielle_france_competences,officiel
RNCP40352,Manager du développement international,3,1,correspondance_officielle_france_competences,officiel
RNCP40445,Métiers du commerce international (fiche nationale),3,1,correspondance_officielle_france_competences,officiel
RNCP41184,Gestion Stratégique des Affaires Internationales,8,2,correspondance_officielle_france_competences,officiel
RNCP41462,Directeur d'unité opérationnelle,3,1,correspondance_officielle_france_competences,officiel
RNCP41598,Gestion administrative et commerciale des organisations : Management commercial et marketing omnicanal,3,1,correspondance_officielle_france_competences,officiel
RNCP41960,Manager commercial et marketing,5,2,correspondance_officielle_france_competences,officiel
RNCP41966,Manager du développement commercial,10,3,correspondance_officielle_france_competences,officiel
RNCP42389,Diplôme du programme grande école,3,1,correspondance_officielle_france_competences,officiel
RNCP38525,Employé de vente polyvalent en magasin,2,1,correspondance_officielle_france_competences,officiel
RNCP36539,Régleur décolleteur,1,1,correspondance_officielle_france_competences,officiel
RNCP39342,Décolletage : opérateur régleur en décolletage,1,1,correspondance_officielle_france_competences,officiel
RNCP38156,Sciences de l’éducation et de la formation (fiche nationale),3,1,correspondance_officielle_france_competences,officiel
RNCP38695,Langues et sociétés (fiche nationale),4,2,correspondance_officielle_france_competences,officiel
RNCP38696,Sciences du langage (fiche nationale),3,1,correspondance_officielle_france_competences,officiel
RNCP38807,Formateur animateur,3,1,correspondance_officielle_france_competences,officiel
RNCP38953,Responsable projets et ingénierie en formation,3,1,correspondance_officielle_france_competences,officiel
RNCP39684,Développement et animation de projets territoriaux,3,1,correspondance_officielle_france_competences,officiel
RNCP40620,Gestion et accompagnement de projets pédagogiques (fiche nationale),3,1,correspondance_officielle_france_competences,officiel
RNCP41115,Responsable d’ingénierie pédagogique multimodale,3,1,correspondance_officielle_france_competences,officiel
RNCP42089,Responsable pédagogique en tir de riposte,3,1,correspondance_officielle_france_competences,officiel
RNCP39172,Tourisme (fiche nationale),1,1,correspondance_officielle_france_competences,officiel
RNCP41017,Diplôme Spécialisé en Management de l'Innovation,1,1,correspondance_officielle_france_competences,officiel
RNCP42363,Management sectoriel (fiche nationale),1,1,correspondance_officielle_france_competences,officiel
RNCP42508,Data scientist en modélisation décisionnelle (MS),1,1,correspondance_officielle_france_competences,officiel
RNCP35362,Information-Communication : Information numérique dans les organisations,1,1,correspondance_officielle_france_competences,officiel
RNCP38187,Gestion de Patrimoines audiovisuels,1,1,correspondance_officielle_france_competences,officiel
RNCP38199,Sciences de l’information et des bibliothèques (fiche nationale),3,2,correspondance_officielle_france_competences,officiel
RNCP39475,Théologie catholique (fiche nationale),1,1,correspondance_officielle_france_competences,officiel
RNCP39476,Théologie protestante (fiche nationale),1,1,correspondance_officielle_france_competences,officiel
RNCP39697,Humanités (fiche nationale),1,1,correspondance_officielle_france_competences,officiel
RNCP40619,Histoire de la philosophie (fiche nationale),1,1,correspondance_officielle_france_competences,officiel
RNCP40691,Métiers du livre : documentation et bibliothèques (fiche nationale),1,1,correspondance_officielle_france_competences,officiel
RNCP40732,Mondes médiévaux (fiche nationale),1,1,correspondance_officielle_france_competences,officiel
RNCP41854,Diplôme de deuxième cycle de l'Ecole du Louvre,1,1,correspondance_officielle_france_competences,officiel
RNCP42684,"Culture, patrimoine et médiation (fiche nationale)",1,1,correspondance_officielle_france_competences,officiel
RNCP37958,Ingénieur diplômé de l'Ecole nationale supérieure d'agronomie et des industries alimentaires de l'Université de Lorraine - spécialité Agronomie,1,1,correspondance_officielle_france_competences,officiel
RNCP39468,Cadre technique génie de l’environnement marin,2,2,correspondance_officielle_france_competences,officiel
RNCP39836,"ACS'AGRI : Analyse, Conduite et Stratégie de l'entreprise Agricole",1,1,correspondance_officielle_france_competences,officiel
RNCP39906,"Ingénieur diplômé de l’école d’ingénieur Paoli Tech de l’Université de Corse, spécialité Agronomie ",1,1,correspondance_officielle_france_competences,officiel
RNCP40207,"Ingénieur diplômé de l’école polytechnique universitaire de l’université de Tours, spécialité génie de l’aménagement et de l’environnement ",1,1,correspondance_officielle_france_competences,officiel
RNCP36561,Diplôme de Responsable d'Unité d'Affaires,5,1,correspondance_officielle_france_competences,officiel
RNCP41438,CQP Responsable des ventes pièces de rechange et accessoires,5,1,correspondance_officielle_france_competences,officiel
RNCP39494,Lettres (fiche nationale),2,1,correspondance_officielle_france_competences,officiel
RNCP42326,Directeur artistique en design de marque et expérience utilisateur,2,1,correspondance_officielle_france_competences,officiel
RNCP38735, Sciences et ingénierie - Génie Civil et Systèmes Numériques,1,1,correspondance_officielle_france_competences,officiel
RNCP39408,Coordinateur BIM du bâtiment,1,1,correspondance_officielle_france_competences,officiel
RNCP40819,"Ingénieur diplômé de l’Institut national des sciences appliquées Hauts-de-France, spécialité Génie Civil et Bâtiment ",1,1,correspondance_officielle_france_competences,officiel
RNCP36422,Diplôme Affaires internationales,7,3,correspondance_officielle_france_competences,officiel
RNCP36549,Diplome en management et gestion opérationnelle d'entreprise,1,1,correspondance_officielle_france_competences,officiel
RNCP39601,Chargé de développement social et paie,5,2,correspondance_officielle_france_competences,officiel
RNCP39843,Responsable ressources humaines et finances de l'action humanitaire,2,2,correspondance_officielle_france_competences,officiel
RNCP41417,Manager général de club sportif professionnel (DU),1,1,correspondance_officielle_france_competences,officiel
RNCP42646,Coach Professionnel,1,1,correspondance_officielle_france_competences,officiel
RNCP39818,Brevet de second mécanicien 3 000 kW,1,1,correspondance_officielle_france_competences,officiel
RNCP40090,Polyvalent navigant pont/machine,1,1,correspondance_officielle_france_competences,officiel
RNCP36113,Droit international et droit européen (fiche nationale),2,1,correspondance_officielle_france_competences,officiel
RNCP36761,Droit de l’environnement (fiche nationale),2,1,correspondance_officielle_france_competences,officiel
RNCP38106,Délégué à la protection des données - DPO (DU),2,1,correspondance_officielle_france_competences,officiel
RNCP38163,Droit des collectivités territoriales (fiche nationale),2,1,correspondance_officielle_france_competences,officiel
RNCP38169,Droit comparé (fiche nationale),2,1,correspondance_officielle_france_competences,officiel
RNCP38193,Droit de la propriété intellectuelle (fiche nationale) ,2,1,correspondance_officielle_france_competences,officiel
RNCP39771,CQP Clerc gestionnaire,2,1,correspondance_officielle_france_competences,officiel
RNCP41134,Clerc Assistant,2,1,correspondance_officielle_france_competences,officiel
RNCP41496,Attaché juridique,2,1,correspondance_officielle_france_competences,officiel
RNCP41680,Juriste manager des affaires (MS),2,1,correspondance_officielle_france_competences,officiel
RNCP42640,Avocat (certificat d’aptitude à la profession d’avocat – CAPA),2,1,correspondance_officielle_france_competences,officiel
RNCP35803,Métiers de la mesure,1,1,correspondance_officielle_france_competences,officiel
RNCP36937,"Qualité, alimentation, innovation et maîtrise sanitaire (BIOQUALIM)",1,1,correspondance_officielle_france_competences,officiel
RNCP39470,Océanographe-prospecteur,2,2,correspondance_officielle_france_competences,officiel
RNCP39544,Sciences et Ingénierie - Biotechnologie,1,1,correspondance_officielle_france_competences,officiel
RNCP40508,"Production, contrôles et qualité des produits de santé (fiche nationale)",1,1,correspondance_officielle_france_competences,officiel
RNCP40539,"Chimie analytique, contrôle, qualité, environnement (fiche nationale)",1,1,correspondance_officielle_france_competences,officiel
RNCP41511,Génie agronomique et transitions,1,1,correspondance_officielle_france_competences,officiel
RNCP41987,"Technicien de laboratoire en chimie, biochimie, biologie ",1,1,correspondance_officielle_france_competences,officiel
RNCP38664,Agent de montage et de câblage en électronique,1,1,correspondance_officielle_france_competences,officiel
RNCP37551,Criminologie (fiche nationale),14,2,correspondance_officielle_france_competences,officiel
RNCP37989,Expert en cybersécurité des systèmes d'information (BADGE CGE),13,1,correspondance_officielle_france_competences,officiel
RNCP38117,"Ingénieur systèmes, réseaux et cybersécurité",14,2,correspondance_officielle_france_competences,officiel
RNCP40075,"Droit de la propriété intellectuelle, du numérique et de l’espace (fiche nationale)",15,2,correspondance_officielle_france_competences,officiel
RNCP36225,Expert en prévention des risques et en gestion des crises dans l'industrie (MS),1,1,correspondance_officielle_france_competences,officiel
RNCP40269,Responsable génie des bioprocédés pharmaceutiques,1,1,correspondance_officielle_france_competences,officiel
RNCP40438,Métiers de l'industrie : logistique industrielle (fiche nationale),1,1,correspondance_officielle_france_competences,officiel
RNCP37717,Conseiller commercial,4,3,correspondance_officielle_france_competences,officiel
RNCP38815,Conseiller clientèle omnicanal bancassurance ,2,2,correspondance_officielle_france_competences,officiel
RNCP37947,Technicien en appareillage orthopédique,1,1,correspondance_officielle_france_competences,officiel
RNCP42146,Orthopédiste orthésiste,1,1,correspondance_officielle_france_competences,officiel
RNCP36242,Technicien froid embarqué routier,1,1,correspondance_officielle_france_competences,officiel
RNCP36660,"Technicien en systèmes de génie climatique et systèmes sanitaires : option maintenance, option installation (BTM) ",1,1,correspondance_officielle_france_competences,officiel
RNCP40030,Gestion et maintenance des installations énergétiques (fiche nationale),1,1,correspondance_officielle_france_competences,officiel
RNCP42427, Sciences et ingénierie – Génie énergétique et environnement,1,1,correspondance_officielle_france_competences,officiel
RNCP37221,Pilote de lignes de production automatisées,2,2,correspondance_officielle_france_competences,officiel
RNCP41583,Génie mécanique et productique : Management de process industriel,1,1,correspondance_officielle_france_competences,officiel
RNCP41864,"Maintenance des véhicules – options : véhicules légers, véhicules de transport routier et motocycles ",1,1,correspondance_officielle_france_competences,officiel
RNCP42320,Employé familial,4,1,correspondance_officielle_france_competences,officiel
RNCP36393,Technico-commercial de l'Industrie et des Services Nautiques ,2,1,correspondance_officielle_france_competences,officiel
RNCP41337,Chargé de marketing digital,2,1,correspondance_officielle_france_competences,officiel
RNCP41621,Techniques de commercialisation : Business développement et management de la relation client,3,2,correspondance_officielle_france_competences,officiel
RNCP37798,Responsable visuel merchandiser,1,1,correspondance_officielle_france_competences,officiel
RNCP42050,Chargé de développement marketing et communication,1,1,correspondance_officielle_france_competences,officiel
RNCP40305,Métiers de la gestion et de la comptabilité : révision comptable,5,2,correspondance_officielle_france_competences,officiel
RNCP42027,Comptable des services financiers ,4,1,correspondance_officielle_france_competences,officiel
RNCP41757,Conseil et commercialisation de solutions techniques ,1,1,correspondance_officielle_france_competences,officiel
RNCP35483,Génie Civil - Construction Durable : Travaux Publics,1,1,correspondance_officielle_france_competences,officiel
RNCP37062,Technicien de patrimoine immobilier social,1,1,correspondance_officielle_france_competences,officiel
RNCP41573,Génie civil - Construction durable : Réhabilitation et amélioration des performances environnementales des bâtiments,1,1,correspondance_officielle_france_competences,officiel
RNCP42145,Manager en énergie des bâtiments intelligents ,1,1,correspondance_officielle_france_competences,officiel
RNCP42271,"Ingénieur diplômé de l’école nationale d'ingénieurs de Saint-Étienne de l’école centrale de Lyon, spécialité génie civil",1,1,correspondance_officielle_france_competences,officiel
RNCP42588,"Ingénieur diplômé de l’université de Toulouse, spécialité Génie civil et géosciences",1,1,correspondance_officielle_france_competences,officiel
RNCP41937,Boulanger,1,1,correspondance_officielle_france_competences,officiel
RNCP42115,Boulanger,1,1,correspondance_officielle_france_competences,officiel
RNCP42344,Technicien en développement de produits de boulangerie et/ou de pâtisserie,1,1,correspondance_officielle_france_competences,officiel
RNCP40332,"Métiers de l'électronique : communication, systèmes embarqués (fiche nationale)",2,2,correspondance_officielle_france_competences,officiel
RNCP39592,Manager de la communication et du marketing digital,6,1,correspondance_officielle_france_competences,officiel
RNCP40046,Intelligence Artificielle appliquée aux enjeux sociétaux,34,4,correspondance_officielle_france_competences,officiel
RNCP35378,Gestion des entreprises et des administrations : contrôle de gestion et pilotage de la performance,255,3,correspondance_officielle_france_competences,officiel
RNCP36297,Expert en transformation des systèmes d’information et du numérique,279,3,correspondance_officielle_france_competences,officiel
RNCP37473,Sciences et Ingénierie - Cybersécurité,296,4,correspondance_officielle_france_competences,officiel
RNCP38434,Spécialiste en cybersécurité (MS),309,5,correspondance_officielle_france_competences,officiel
RNCP38585,Délégué à la protection des données (MS),267,4,correspondance_officielle_france_competences,officiel
RNCP39445,Ingénieur diplômé de l'Institut supérieur d'électronique de Paris,300,4,correspondance_officielle_france_competences,officiel
RNCP39746,Manager en ingénierie numérique de produits et de bâtiments (MS),266,3,correspondance_officielle_france_competences,officiel
RNCP39907,"Ingénieur spécialisé en sécurité pour les systèmes informatiques et les communications, diplômé d'EURECOM",293,5,correspondance_officielle_france_competences,officiel
RNCP39978,Architecte des systèmes d’information dans les processus industriels,301,5,correspondance_officielle_france_competences,officiel
RNCP39998,Spécialiste en maîtrise d’ouvrage des SI,301,5,correspondance_officielle_france_competences,officiel
RNCP40347,Architecte cybersécurité et internet des objets (MS),309,5,correspondance_officielle_france_competences,officiel
RNCP40534,"Ingénieur diplômé de l'École Supérieure de Chimie, Physique, Électronique de Lyon, spécialité informatique et réseaux",301,5,correspondance_officielle_france_competences,officiel
RNCP40614,Ingénieur diplôme de l'ECAM Rennes Louis de Broglie spécialité Systèmes numériques,304,4,correspondance_officielle_france_competences,officiel
RNCP40658,Architecte des systèmes d'information dans les processus industriels,284,5,correspondance_officielle_france_competences,officiel
RNCP40730,Ingénieur diplômé de l’Ecole Centrale de Lille de Centrale Lille Institut,267,3,correspondance_officielle_france_competences,officiel
RNCP40776,"Ingénieur diplômé de l'école polytechnique universitaire de Nantes Université, spécialité Informatique",292,4,correspondance_officielle_france_competences,officiel
RNCP40952,"Ingénieur diplômé de l'Ecole Polytechnique universitaire de l'Université Paris-Saclay, spécialité Informatique",300,4,correspondance_officielle_france_competences,officiel
RNCP40957,"Ingénieur diplômé de Télécom Saint-Etienne de l'Université de Saint-Etienne, spécialité informatique et électronique",304,4,correspondance_officielle_france_competences,officiel
RNCP40972,"Ingénieur diplômé de l'Institut national des sciences appliquées de Lyon, spécialité Télécommunications",300,5,correspondance_officielle_france_competences,officiel
RNCP41004,"Sciences et ingénierie, Sciences du management - Technologie et Management",279,3,correspondance_officielle_france_competences,officiel
RNCP41208,Ingénieur diplômé de l’Ecole nationale des sciences géographiques,293,4,correspondance_officielle_france_competences,officiel
RNCP41237,Ingénieur diplômé de l'Ecole d'ingénieurs Jules Verne de l'université d'Amiens spécialité technologie de l'information pour la santé,311,5,correspondance_officielle_france_competences,officiel
RNCP41378,Ingénieur diplômé de l'Université Paris XIII spécialité Informatique,301,5,correspondance_officielle_france_competences,officiel
RNCP41440,Responsable green IT,260,2,correspondance_officielle_france_competences,officiel
RNCP41445,Expert en cybersécurité (MS),309,5,correspondance_officielle_france_competences,officiel
RNCP41460,Délégué à la protection des données (DPO),266,3,correspondance_officielle_france_competences,officiel
RNCP41478,Consultant en business analyse,251,1,correspondance_officielle_france_competences,officiel
RNCP42008,"Ingénieur diplômé de l’École polytechnique universitaire de Montpellier, spécialité Informatique ",299,4,correspondance_officielle_france_competences,officiel
RNCP42147,Expert en ingénierie de l'intelligence artificielle et des applications,302,5,correspondance_officielle_france_competences,officiel
RNCP42188,Développeur blockchain,290,3,correspondance_officielle_france_competences,officiel
RNCP42194,Expert en digitalisation et exploitation des bâtiments,264,2,correspondance_officielle_france_competences,officiel
RNCP42203,Product builder no code,287,3,correspondance_officielle_france_competences,officiel
RNCP42239,"Ingénieur diplômé de Télécom Saint-Etienne de l'Université Jean Monnet, spécialité informatique et électronique",304,4,correspondance_officielle_france_competences,officiel
RNCP42268, Sciences et ingénierie - Intelligence artificielle ,278,3,correspondance_officielle_france_competences,officiel
RNCP42322,Expert en infrastructures et traitement de données massives,277,2,correspondance_officielle_france_competences,officiel
RNCP42398,"Ingénieur diplômé de l’École nationale supérieure d’ingénieurs de Bretagne Sud de l’université de Bretagne-Sud, spécialité Informatique et cybersécurité",292,4,correspondance_officielle_france_competences,officiel
RNCP42426,Sciences et ingénierie - Informatique et cybersécurité,270,3,correspondance_officielle_france_competences,officiel
RNCP42447,"Ingénieur diplômé du Conservatoire national des arts et métiers, spécialité Topographie et génie de l’aménagement",265,2,correspondance_officielle_france_competences,officiel
RNCP42471,Développeur Blockchain,290,3,correspondance_officielle_france_competences,officiel
RNCP42546,"Ingénieur diplômé de l'École Supérieure de Chimie, Physique, Électronique de Lyon, spécialité informatique et réseaux",301,5,correspondance_officielle_france_competences,officiel
RNCP42592,"Ingénieur diplômé de l'Ecole nationale supérieure des ingénieurs en arts chimiques et technologiques, spécialité génie industriel",252,2,correspondance_officielle_france_competences,officiel
RNCP42689,"Ingénieur diplômé d'ECAM LaSalle, spécialité systèmes numériques et génie industriel",275,4,correspondance_officielle_france_competences,officiel
RNCP36544,DESV - Diplômes d’études spécialisées vétérinaires spécialité sciences et médecine des animaux de laboratoire,17,2,correspondance_officielle_france_competences,officiel
RNCP37585,Diplômes d’études spécialisées vétérinaires spécialité Elevage et pathologie des équidés : option biomécanique et pathologie locomotrice,17,2,correspondance_officielle_france_competences,officiel
RNCP38954,Ingénieur diplômé de l'École Nationale Supérieure d'Électricité et de Mécanique de Nancy de l'Université de Lorraine,19,3,correspondance_officielle_france_competences,officiel
RNCP38965,Biologie intégrative et physiologie (fiche nationale),17,2,correspondance_officielle_france_competences,officiel
RNCP38966,Biologie moléculaire et cellulaire (fiche nationale),17,2,correspondance_officielle_france_competences,officiel
RNCP38983,Physique appliquée et ingénierie physique (fiche nationale),18,3,correspondance_officielle_france_competences,officiel
RNCP38994,Physique fondamentale et applications (fiche nationale),18,3,correspondance_officielle_france_competences,officiel
RNCP40946,Ingénieur diplômé de l’Ecole nationale supérieure de chimie de Paris (ENSCP),20,4,correspondance_officielle_france_competences,officiel
RNCP42558,Biologie (fiche nationale),17,2,correspondance_officielle_france_competences,officiel
RNCP35921,"Gestion de production, logistique, achats (fiche nationale)",4,2,correspondance_officielle_france_competences,officiel
RNCP36964,Assistant import-export,1,1,correspondance_officielle_france_competences,officiel
RNCP37716,Programme Grande Ecole,12,4,correspondance_officielle_france_competences,officiel
RNCP38048,Responsable achats,4,2,correspondance_officielle_france_competences,officiel
RNCP39238,Manager de la performance achats,4,2,correspondance_officielle_france_competences,officiel
RNCP39399,Acheteur,4,2,correspondance_officielle_france_competences,officiel
RNCP39734,Manager de l’achat international,4,2,correspondance_officielle_france_competences,officiel
RNCP39844,Manager de la performance achat,4,2,correspondance_officielle_france_competences,officiel
RNCP40064,Logistique et pilotage des flux (fiche nationale),1,1,correspondance_officielle_france_competences,officiel
RNCP40609,Manager des achats,1,1,correspondance_officielle_france_competences,officiel
RNCP40713,Diplôme supérieur de management international,8,2,correspondance_officielle_france_competences,officiel
RNCP41232,Diplôme Supérieur en Logistique et Gestion de la Chaîne d'Approvisionnement,1,1,correspondance_officielle_france_competences,officiel
RNCP36889,Responsable comptable,8,3,correspondance_officielle_france_competences,officiel
RNCP37650,Contrôleur de gestion,3,1,correspondance_officielle_france_competences,officiel
RNCP38067,"Diplôme supérieur en marketing, commerce et gestion",9,4,correspondance_officielle_france_competences,officiel
RNCP38148,Diplôme supérieur en marketing commerce et gestion,9,4,correspondance_officielle_france_competences,officiel
RNCP39570,Coordinateur de projets de développement international et sociétal,6,2,correspondance_officielle_france_competences,officiel
RNCP39875,Responsable en Gestion Financière,8,3,correspondance_officielle_france_competences,officiel
RNCP40788,"Contrôle, Audit, Reporting financier",15,2,correspondance_officielle_france_competences,officiel
RNCP41059,Diplôme d'études supérieures spécialisées en Finance,16,3,correspondance_officielle_france_competences,officiel
RNCP41093,Métiers de la gestion et de la comptabilité : gestion comptable et financière (fiche nationale),10,3,correspondance_officielle_france_competences,officiel
RNCP41192,"Diplôme Supérieur en Marketing, Commerce et Gestion",8,3,correspondance_officielle_france_competences,officiel
RNCP41197,Diplôme en Finance ,18,3,correspondance_officielle_france_competences,officiel
RNCP41492,Responsable en comptabilité et contrôle de gestion,20,4,correspondance_officielle_france_competences,officiel
RNCP42364,Management (fiche nationale),6,3,correspondance_officielle_france_competences,officiel
RNCP38737,Sciences et ingénierie - Agro-industries,5,4,correspondance_officielle_france_competences,officiel
RNCP40994,Equipier polyvalent du commerce,1,1,correspondance_officielle_france_competences,officiel
RNCP38241,CQP Chargé de ressources humaines,8,3,correspondance_officielle_france_competences,officiel
RNCP38363,Gestion de la PME,8,2,correspondance_officielle_france_competences,officiel
RNCP38768,Chargé de gestion et de développement des ressources humaines,8,3,correspondance_officielle_france_competences,officiel
RNCP40670,Collaborateur paie,8,2,correspondance_officielle_france_competences,officiel
RNCP36833,Assistant en management opérationnel,4,3,correspondance_officielle_france_competences,officiel
RNCP36993,Responsable en planification et conduite des opérations aéromaritimes,1,1,correspondance_officielle_france_competences,officiel
RNCP39051,"Responsable en management des organisations : option ""Diriger une entité opérationnelle"" - option ""Coordonner des activités de management stratégique""",2,2,correspondance_officielle_france_competences,officiel
RNCP35408,Génie Électrique et Informatique Industrielle : Automatisme et Informatique Industrielle,30,3,correspondance_officielle_france_competences,officiel
RNCP36052,Webmaster et métiers de l'internet (fiche nationale),35,2,correspondance_officielle_france_competences,officiel
RNCP37586,"Ingénieur diplômé de l'Ecole nationale supérieure d'électronique, informatique, télécommunications, mathématique et mécanique de Bordeaux de l'Institut polytechnique de Bordeaux, spécialité Informatique",51,5,correspondance_officielle_france_competences,officiel
RNCP37805,Développeur Web,26,1,correspondance_officielle_france_competences,officiel
RNCP37827,Développeur en intelligence artificielle,26,1,correspondance_officielle_france_competences,officiel
RNCP38603,Développeur intelligence artificielle,26,1,correspondance_officielle_france_competences,officiel
RNCP38817,Chef de projet digital,29,3,correspondance_officielle_france_competences,officiel
RNCP39425,Expert en Ingénierie Informatique et Innovation Numérique,51,5,correspondance_officielle_france_competences,officiel
RNCP39549,Sciences et Ingénierie - Informatique,39,2,correspondance_officielle_france_competences,officiel
RNCP39618,Concepteur développeur d'applications web,26,1,correspondance_officielle_france_competences,officiel
RNCP39690,Sciences et technologies (fiche nationale),27,2,correspondance_officielle_france_competences,officiel
RNCP40128,Ingénieur diplômé de Télécom Saint-Étienne de l'Université de Saint-Étienne,43,4,correspondance_officielle_france_competences,officiel
RNCP40205,"Ingénieur diplômé de l'École nationale supérieure des mines de Saint-Étienne de l'institut Mines-Télécom, spécialité microélectronique et informatique",55,4,correspondance_officielle_france_competences,officiel
RNCP40329,Métiers de l'informatique : conduite de projets  (fiche nationale),48,3,correspondance_officielle_france_competences,officiel
RNCP40350,Expert en ingénierie et développement de logiciels pour l'industrie,41,3,correspondance_officielle_france_competences,officiel
RNCP40736,Ingénieur diplômé de l’Institut supérieur de l’électronique et du numérique - JUNIA,43,4,correspondance_officielle_france_competences,officiel
RNCP40792,"Services informatiques aux organisations, Option A : « Solutions d’infrastructure, systèmes et réseaux » ; Option B : « Solutions logicielles et applications métiers »",45,3,correspondance_officielle_france_competences,officiel
RNCP40806,Mathématiques et informatique appliquées aux sciences humaines et sociales (fiche nationale) ,27,2,correspondance_officielle_france_competences,officiel
RNCP40822,"Ingénieur diplômé de l’Institut national des sciences appliquées Hauts-de-France, spécialité Informatique  Industrielle et Automatique ",54,4,correspondance_officielle_france_competences,officiel
RNCP41133,Concepteur développeur d’applications Full Stack,26,1,correspondance_officielle_france_competences,officiel
RNCP41330,Expert en développement logiciel ,26,1,correspondance_officielle_france_competences,officiel
RNCP41546,Métiers du multimédia et de l’Internet : Développement web et dispositifs interactifs,37,3,correspondance_officielle_france_competences,officiel
RNCP42057,Product builder no code/low code,45,3,correspondance_officielle_france_competences,officiel
RNCP42176,Développeur blockchain ,26,1,correspondance_officielle_france_competences,officiel
RNCP42287,Ingénieur diplômé de Télécom Saint-Étienne de l'Université Jean Monnet,43,4,correspondance_officielle_france_competences,officiel
RNCP42295,Ingénieur diplômé de l'institut national des sciences appliquées de Rennes - spécialité électronique,41,3,correspondance_officielle_france_competences,officiel
RNCP42296,Manager de la performance des organisations par la data,38,2,correspondance_officielle_france_competences,officiel
RNCP42304,Sciences et Ingénierie - Intelligence artificielle,27,2,correspondance_officielle_france_competences,officiel
RNCP42374,"Ingénieur diplômé de l'école nationale supérieure d'électronique, informatique, télécommunications, mathématique et mécanique de Bordeaux de l'institut polytechnique de Bordeaux, spécialité informatique",26,1,correspondance_officielle_france_competences,officiel
RNCP42425,Sciences et ingénierie - Informatique et intelligence artificielle,26,1,correspondance_officielle_france_competences,officiel
RNCP42707,"Ingénieur diplômé de l'Institut national des sciences appliquées de Toulouse, spécialité informatique et réseaux",63,5,correspondance_officielle_france_competences,officiel
RNCP35479,Mesures Physiques : Techniques d'instrumentation,15,2,correspondance_officielle_france_competences,officiel
RNCP35705,"Ingénieur diplômé de l’école polytechnique universitaire de l'université d'Angers, spécialité génie biologique et santé ",16,2,correspondance_officielle_france_competences,officiel
RNCP36057,Science de la durabilité (fiche nationale),15,2,correspondance_officielle_france_competences,officiel
RNCP37025,Sciences de la transition écologique et sociétale (fiche nationale),15,2,correspondance_officielle_france_competences,officiel
RNCP37026,Nutrition et sciences des aliments (fiche nationale),23,3,correspondance_officielle_france_competences,officiel
RNCP37249,Conduire les Transitions ,15,2,correspondance_officielle_france_competences,officiel
RNCP37572,Sciences et Ingénierie - Transformation Numérique des Entreprises ,29,4,correspondance_officielle_france_competences,officiel
RNCP37580,"Ingénieur diplômé de l'Ecole polytechnique universitaire de l'Université d'Aix-Marseille, spécialité ""Mécanique énergétique""",16,2,correspondance_officielle_france_competences,officiel
RNCP37591,"Ingénieur diplômé de l’université des Antilles, spécialité Energétique",16,2,correspondance_officielle_france_competences,officiel
RNCP37977,"Ingénieur diplômé de l'Institut national des sciences appliquées de Strasbourg, spécialité mécanique",17,3,correspondance_officielle_france_competences,officiel
RNCP38009,Directeur de projet en énergie (MS),14,1,correspondance_officielle_france_competences,officiel
RNCP38021,Éco-concepteur de produits plastiques et composites,22,3,correspondance_officielle_france_competences,officiel
RNCP38267,Assistant ingénieur biologie - Biochimie - Biotechnologies,16,3,correspondance_officielle_france_competences,officiel
RNCP38322,Ingénieur diplômé de l'école nationale supérieur Mines-Télécom Atlantique Bretagne Pays de la Loire de l'Institut Mines-Télécom,16,2,correspondance_officielle_france_competences,officiel
RNCP38373,ingénieur diplômé de l'école supérieure des agricultures d'Angers,15,2,correspondance_officielle_france_competences,officiel
RNCP38379,"Ingénieur diplômé de l'Ecole nationale supérieure des ingénieurs en arts chimiques et technologiques de l'Institut national polytechnique de Toulouse, spécialité chimie",16,2,correspondance_officielle_france_competences,officiel
RNCP38492,Manager de l’innovation dans les agro-activités et bio-industries (MS),21,2,correspondance_officielle_france_competences,officiel
RNCP38535,"Ingénieur diplômé de l'Institut national des sciences appliquées de Strasbourg, spécialité génie électrique",15,2,correspondance_officielle_france_competences,officiel
RNCP38536,"Ingénieur diplômé de l’Institut National des Sciences Appliquées Strasbourg, spécialité Plasturgie",17,3,correspondance_officielle_france_competences,officiel
RNCP38673,Ingénieur diplômé de l'Ecole Nationale Supérieure pour la Performance Industrielle et la Maintenance Aéronautique de l'Institut polytechnique de Bordeaux,17,3,correspondance_officielle_france_competences,officiel
RNCP38684,"Instrumentation, mesure, métrologie (fiche nationale)",15,2,correspondance_officielle_france_competences,officiel
RNCP38704,Chimie et sciences des matériaux (fiche nationale),15,2,correspondance_officielle_france_competences,officiel
RNCP38929,Expert en entrepreneuriat deeptech et innovation (MS),21,2,correspondance_officielle_france_competences,officiel
RNCP39000,Ingénierie et innovation en images et réseaux (fiche nationale),30,3,correspondance_officielle_france_competences,officiel
RNCP39143,Titre ingénieur - Diplôme d’ingénieur de l’École nationale supérieure des mines d'Albi-Carmaux de l'Institut Mines-Télécom,15,2,correspondance_officielle_france_competences,officiel
RNCP39149,"Ingénieur diplômé de l'Ecole Supérieure d'Ingénieurs de Rennes de l'Université de Rennes, spécialité matériaux",17,3,correspondance_officielle_france_competences,officiel
RNCP39165,"Titre ingénieur - Ingénieur diplômé de l’Ecole Nationale Supérieure des Mines de Paris, spécialité énergétique",15,2,correspondance_officielle_france_competences,officiel
RNCP39166,"Ingénieur diplômé de l’École nationale supérieure d'arts et métiers, spécialité environnement et gestion des risques",14,1,correspondance_officielle_france_competences,officiel
RNCP39170,"Ingénieur diplômé de l’École nationale supérieure d'arts et métiers, spécialité génie énergétique",14,1,correspondance_officielle_france_competences,officiel
RNCP39244,Manager de l'innovation et du développement d'activité (MS),14,1,correspondance_officielle_france_competences,officiel
RNCP39453,"Ingénieur diplômé de l’École Nationale Supérieure d’Ingénieurs de l’Université de Poitiers, spécialité Energétique et Environnement",17,2,correspondance_officielle_france_competences,officiel
RNCP39472,"Ingénieur diplômé de l’école d’ingénieurs de l’université de Caen, spécialité génie industriel",17,3,correspondance_officielle_france_competences,officiel
RNCP39493,"Mathématiques appliquées, statistique (fiche nationale)",27,3,correspondance_officielle_france_competences,officiel
RNCP39664,"Ingénieur diplômé du Conservatoire national des arts et métiers, spécialité Génie biologique",16,2,correspondance_officielle_france_competences,officiel
RNCP39902, Ingénieur diplômé de l’Institut Supérieur d’Études Logistiques de l’Université du Havre spécialité Génie Énergétique et Électrique,16,2,correspondance_officielle_france_competences,officiel
RNCP39955,Manager de projet pour l'industrie 4.0 (MS),15,2,correspondance_officielle_france_competences,officiel
RNCP40022,Ingénieur diplômé de l’École Nationale Supérieure de Mécanique et des Microtechniques spécialité Mécanique,17,3,correspondance_officielle_france_competences,officiel
RNCP40133,"Ingénieur diplômé de l’École nationale supérieure d’ingénieurs de Bretagne Sud de l’université de Bretagne-Sud, spécialité mécatronique",20,4,correspondance_officielle_france_competences,officiel
RNCP40200,"Ingénieur diplômé de l’École Centrale de Nantes, spécialité Mécanique",17,3,correspondance_officielle_france_competences,officiel
RNCP40206,"Ingénieur diplômé de l’école polytechnique universitaire de l’université de Tours, spécialité électronique et génie électrique",14,1,correspondance_officielle_france_competences,officiel
RNCP40226,Mathématiques appliquées,14,1,correspondance_officielle_france_competences,officiel
RNCP40510,Métiers de l'industrie : industrie navale et maritime (fiche nationale),14,1,correspondance_officielle_france_competences,officiel
RNCP40560,Responsable en transition écologique (MS),14,1,correspondance_officielle_france_competences,officiel
RNCP40764,"Ingénieur spécialisé en Ingénierie des chaines de traction, diplômé de l'Ecole nationale supérieure du pétrole et des moteurs",17,3,correspondance_officielle_france_competences,officiel
RNCP40770,Ingénieur diplômé de l'École nationale d'ingénieurs de Tarbes de l'Université de technologie de Tarbes,17,3,correspondance_officielle_france_competences,officiel
RNCP40814,Ingénieur diplômé de l'Ecole Nationale Supérieure de Chimie de Lille de Centrale Lille Institut,23,3,correspondance_officielle_france_competences,officiel
RNCP40940,"Ingénieur diplômé de l'Ecole Nationale Supérieure d'Electrotechnique, d'Electronique, d(Informatique, d'Hydraulique et des Télécommunications, de l'Institut National Polytechnique de Toulouse- Spécialité Electronique et Génie électrique",14,1,correspondance_officielle_france_competences,officiel
RNCP40945,"Ingénieur diplômé de l'Université de Technologie de Compiègne (UTC), spécialité Génie des Procédés",17,3,correspondance_officielle_france_competences,officiel
RNCP40961,"Ingénieur diplômé de l’Ecole Polytechnique Universitaire de l’Institut polytechnique de Grenoble, spécialité Matériaux",19,3,correspondance_officielle_france_competences,officiel
RNCP41016,Technicien en conception et en industrialisation,15,2,correspondance_officielle_france_competences,officiel
RNCP41099,Ingénieur Bioprocédés (MS),17,3,correspondance_officielle_france_competences,officiel
RNCP41157,"Ingénieur spécialisé en Energie et produits, diplômé de l'Ecole nationale supérieure du pétrole et des moteurs",14,1,correspondance_officielle_france_competences,officiel
RNCP41163,Ingénieur diplômé de l'Ecole Nationale Supérieure Maritime,14,1,correspondance_officielle_france_competences,officiel
RNCP41169,"Ingénieur de l'école nationale supérieure des sciences appliquées et de technologie, spécialité photonique et électronique",16,2,correspondance_officielle_france_competences,officiel
RNCP41272,"Ingénieur diplômé de l’Ecole supérieure de chimie physique électronique de Lyon (CPE), spécialité chimie, génie des procédés",15,2,correspondance_officielle_france_competences,officiel
RNCP41497,"Ingénieur diplômé de l'Ecole d'Ingénieurs de l'Artois de l'Université d'Artois, spécialité Génie électrique",14,1,correspondance_officielle_france_competences,officiel
RNCP41501,"Ingénieur diplômé de l'université Paris X, spécialité mécanique",17,3,correspondance_officielle_france_competences,officiel
RNCP41584,Génie mécanique et productique : Simulation numérique et réalité virtuelle,15,2,correspondance_officielle_france_competences,officiel
RNCP42233,"Ingénieur diplômé de l’École polytechnique universitaire de l'université Lyon-I, spécialité génie biomédical",21,2,correspondance_officielle_france_competences,officiel
RNCP42290,"Ingénieur spécialisé en architecture navale, diplômé de l'école nationale supérieure de techniques avancées",14,1,correspondance_officielle_france_competences,officiel
RNCP42442,"Ingénieur diplômé du Conservatoire national des arts et métiers, spécialité Matériaux, emballage et conditionnement",17,3,correspondance_officielle_france_competences,officiel
RNCP42458,"Ingénieur diplômé d'ECAM LaSalle, spécialité mécanique et génie électrique",14,1,correspondance_officielle_france_competences,officiel
RNCP42469,Expert en design des matériaux et des structures (MS),16,3,correspondance_officielle_france_competences,officiel
RNCP42540,"Ingénieur diplômé du Conservatoire national des arts et métiers, spécialité Automatique et robotique",14,1,correspondance_officielle_france_competences,officiel
RNCP42545,"Ingénieur diplômé de l’Ecole supérieure de chimie, physique, électronique de Lyon (CPE), spécialité Génie des procédés",18,4,correspondance_officielle_france_competences,officiel
RNCP42564,"Ingénieur diplômé de l’Ecole supérieure de chimie physique électronique de Lyon (CPE), spécialité chimie, génie des procédés",15,2,correspondance_officielle_france_competences,officiel
RNCP42755,"Ingénieur diplômé de l’Institut Agro Rennes-Angers de l’Institut national d’enseignement supérieur pour l’agriculture, l’alimentation et l’environnement, spécialité agroalimentaire",23,3,correspondance_officielle_france_competences,officiel
RNCP36180,"Ingénieur de l'École nationale supérieure de chimie, de biologie et de physique, de l'Institut polytechnique de Bordeaux (ENSCBP - Bordeaux INP) spécialité agroalimentaire et génie industriel",3,2,correspondance_officielle_france_competences,officiel
RNCP39081,"Ingénieur diplômé du Conservatoire national des arts et métiers, spécialité Instrumentation",2,1,correspondance_officielle_france_competences,officiel
RNCP40264,Manager en numérisation des systèmes industriels,3,2,correspondance_officielle_france_competences,officiel
RNCP40336,"Industries agroalimentaires : gestion, production et valorisation (fiche nationale)",3,2,correspondance_officielle_france_competences,officiel
RNCP40355,Manager de projet en économie circulaire de matières plastiques et autres matériaux (MS),2,1,correspondance_officielle_france_competences,officiel
RNCP40735,"Ingénieur diplômé de l'Institut supérieur d'agriculture - JUNIA, spécialité Paysage",3,2,correspondance_officielle_france_competences,officiel
RNCP41152,"Ingénieur diplômé de l’école nationale supérieure Mines- Télécom Lille Douai de l'Institut Mines-Télécom, spécialité génie industriel",3,2,correspondance_officielle_france_competences,officiel
RNCP42533,"Ingénieur diplômé du Conservatoire national des arts et métiers, spécialité Instrumentation ",2,1,correspondance_officielle_france_competences,officiel
RNCP42608,Ingénieur diplômé de l’Institut supérieur d’études logistiques de l’Université du Havre,3,2,correspondance_officielle_france_competences,officiel
RNCP42728,"Ingénieur diplômé de l'école nationale supérieure de chimie, de biologie et de physique de l'institut polytechnique de Bordeaux, spécialité agroalimentaire et génie industriel",3,2,correspondance_officielle_france_competences,officiel
RNCP35457,Réseaux & Télécommunications : Internet des objets et mobilité,34,5,correspondance_officielle_france_competences,officiel
RNCP37680,Administrateur d'infrastructures sécurisées,32,3,correspondance_officielle_france_competences,officiel
RNCP39301,"Ingénieur de l'Ecole nationale supérieure des sciences applicatives et du risque (ENSAR) , spécialité Gestion des Risques",22,2,correspondance_officielle_france_competences,officiel
RNCP40356,"Administrateur systèmes, réseaux et cybersécurité",9,1,correspondance_officielle_france_competences,officiel
RNCP40864,Gestionnaire en maintenance et support informatique ,20,3,correspondance_officielle_france_competences,officiel
RNCP41771,Responsable des activités de tourisme et d'événementiel,14,2,correspondance_officielle_france_competences,officiel
RNCP39650,Ingénieur d'affaires industrielles,11,3,correspondance_officielle_france_competences,officiel
RNCP40372,Manager des achats et de la logistique,3,1,correspondance_officielle_france_competences,officiel
RNCP39228,CQP Technicien de maintenance des systèmes informatiques,12,3,correspondance_officielle_france_competences,officiel
RNCP41727,Gestionnaire d'une entreprise artisanale du bâtiment,1,1,correspondance_officielle_france_competences,officiel
RNCP41781,Secrétaire général de mairie (DU),1,1,correspondance_officielle_france_competences,officiel
RNCP36589,Expert en ingénierie patrimoniale internationale (MS),15,3,correspondance_officielle_france_competences,officiel
RNCP37710,Diplôme du Programme Grande Ecole,19,2,correspondance_officielle_france_competences,officiel
RNCP37721,Diplôme en Comptabilité et gestion financière,17,3,correspondance_officielle_france_competences,officiel
RNCP39072,Quantitative Economics ,13,2,correspondance_officielle_france_competences,officiel
RNCP41189,Diplôme d’études spécialisées en management et innovation,15,2,correspondance_officielle_france_competences,officiel
RNCP42384,Economie et finance,13,2,correspondance_officielle_france_competences,officiel
RNCP42668,Diplôme d'études supérieures spécialisées en management international,15,2,correspondance_officielle_france_competences,officiel
RNCP42711,Finance,24,2,correspondance_officielle_france_competences,officiel
RNCP42463,Technicien supérieur systèmes et réseaux ,11,2,correspondance_officielle_france_competences,officiel
RNCP40072,Réalisateur audiovisuel,3,1,correspondance_officielle_france_competences,officiel
RNCP41335,Réalisateur de projets audiovisuels,3,1,correspondance_officielle_france_competences,officiel
RNCP38710,Sciences et Ingénierie - Maintenance des Systèmes Intelligents et Connectés ,3,1,correspondance_officielle_france_competences,officiel
RNCP38185,Sciences de l'éducation et de la formation (fiche nationale),3,1,correspondance_officielle_france_competences,officiel
RNCP39870,Coach professionnel,6,2,correspondance_officielle_france_competences,officiel
RNCP42047,Manager des ressources humaines (MS),4,2,correspondance_officielle_france_competences,officiel
RNCP42518,Manager du développement des ressources humaines (MDRH),4,2,correspondance_officielle_france_competences,officiel
RNCP40019,Urbanisme et aménagement (fiche nationale),1,1,correspondance_officielle_france_competences,officiel
RNCP39440,Diplôme d'études supérieures en management des industries créatives,7,1,correspondance_officielle_france_competences,officiel
RNCP39484,Diplôme d’études supérieures spécialisées en développement des entreprises et transformation digitale,10,2,correspondance_officielle_france_competences,officiel
RNCP40442,"Métiers de la santé : nutrition, alimentation (fiche nationale)",9,3,correspondance_officielle_france_competences,officiel
RNCP41010,Management global et coopérations interculturelles,15,3,correspondance_officielle_france_competences,officiel
RNCP42642,Manager de business unit,10,2,correspondance_officielle_france_competences,officiel
RNCP42756,"Ingénieur diplômé de l’Institut Agro Rennes-Angers de l’Institut national d’enseignement supérieur pour l’agriculture, l’alimentation et l’environnement, spécialité horticulture",8,2,correspondance_officielle_france_competences,officiel
RNCP41288,CQP Opérateur en fabrication additive : poudre métallique ou polymères ou sables,1,1,correspondance_officielle_france_competences,officiel
RNCP42750,Métiers de l'usinage,2,2,correspondance_officielle_france_competences,officiel
RNCP36333,Réalisation de circuits oléohydrauliques et pneumatiques,1,1,correspondance_officielle_france_competences,officiel
RNCP38561,Electricien d'installation et de maintenance des systèmes automatisés,1,1,correspondance_officielle_france_competences,officiel
RNCP39635,Technicien intégrateur des infrastructures et équipements connectés ,2,2,correspondance_officielle_france_competences,officiel
RNCP41534,Technicien supérieur de maintenance d'éoliennes,1,1,correspondance_officielle_france_competences,officiel
RNCP37397,Agent de fabrication industrielle,2,1,correspondance_officielle_france_competences,officiel
RNCP35388,Gestion administrative et commerciale des organisations : Management commercial et marketing omnicanal,3,1,correspondance_officielle_france_competences,officiel
RNCP36271,Management et gestion des entreprises (Programme Grande Ecole),4,2,correspondance_officielle_france_competences,officiel
RNCP36420,Programme supérieur de gestion et de commerce,3,1,correspondance_officielle_france_competences,officiel
RNCP37695,Manager international mode et luxe,6,3,correspondance_officielle_france_competences,officiel
RNCP37932,Diplôme en Management International des Arts Culinaires,3,1,correspondance_officielle_france_competences,officiel
RNCP38003,Directeur de Business Unit,3,1,correspondance_officielle_france_competences,officiel
RNCP38062,Programme grande école,4,2,correspondance_officielle_france_competences,officiel
RNCP38131,Responsable marketing et communication,5,2,correspondance_officielle_france_competences,officiel
RNCP38648,Diplôme d’études en stratégie et management des projets de transformation,3,1,correspondance_officielle_france_competences,officiel
RNCP39151,Diplôme pour dirigeant en administration des affaires,3,1,correspondance_officielle_france_competences,officiel
RNCP39160,Programme Grande Ecole,4,2,correspondance_officielle_france_competences,officiel
RNCP39382,Manager des organisations à l'international,3,1,correspondance_officielle_france_competences,officiel
RNCP39576,Ingénieur d'affaires industrielles,3,1,correspondance_officielle_france_competences,officiel
RNCP40240,Manager du développement commercial,11,4,correspondance_officielle_france_competences,officiel
RNCP40258,Responsable technico-commercial agricole,3,1,correspondance_officielle_france_competences,officiel
RNCP40377,Chargé de marketing digital et e-commerce,3,1,correspondance_officielle_france_competences,officiel
RNCP40889,Responsable du développement des activités,3,1,correspondance_officielle_france_competences,officiel
RNCP40984,Administration et échanges internationaux (fiche nationale),4,2,correspondance_officielle_france_competences,officiel
RNCP41053,EM Normandie - Programme Grande Ecole,4,2,correspondance_officielle_france_competences,officiel
RNCP41183,Diplôme Stratégies et Dirigeants,3,1,correspondance_officielle_france_competences,officiel
RNCP41672,Chargé de développement commercial,3,1,correspondance_officielle_france_competences,officiel
RNCP41863,Métiers de la santé : Management des établissements d'hydrothérapie (fiche nationale),5,2,correspondance_officielle_france_competences,officiel
RNCP41962,Responsable de la performance et du management commercial,8,2,correspondance_officielle_france_competences,officiel
RNCP42647,Manager produits et marketing,3,1,correspondance_officielle_france_competences,officiel
RNCP42683,Manager international mode et luxe,5,2,correspondance_officielle_france_competences,officiel
RNCP42734,Diplôme d’études supérieures en stratégie et management des projets de transformation,3,1,correspondance_officielle_france_competences,officiel
RNCP36865,Vendeur conseil omnicanal,2,1,correspondance_officielle_france_competences,officiel
RNCP39373,Vendeur conseiller commercial en équipements techniques,3,2,correspondance_officielle_france_competences,officiel
RNCP41465,"Vendeur agenceur de cuisine, salle de bains et rangement",2,1,correspondance_officielle_france_competences,officiel
RNCP38622,Technicien d’usinage sur machines-outils à commande numérique (MOCN),1,1,correspondance_officielle_france_competences,officiel
RNCP39723,CQP Régleur sur machines-outils de décolletage,1,1,correspondance_officielle_france_competences,officiel
RNCP41015,"Technicien en réalisation de produits mécaniques, option réalisation et suivi de productions, option réalisation et maintenance des outillages",1,1,correspondance_officielle_france_competences,officiel
RNCP35514,Carrières Sociales : Education Spécialisée,3,1,correspondance_officielle_france_competences,officiel
RNCP36202,Formateur d'adultes (DUFA),4,2,correspondance_officielle_france_competences,officiel
RNCP38152,"Métiers de l'enseignement, de l'éducation et de la formation (MEEF), pratiques et ingénierie de la formation (fiche nationale)",3,1,correspondance_officielle_france_competences,officiel
RNCP39021,Psychologie de l’éducation et de la formation (fiche nationale),4,2,correspondance_officielle_france_competences,officiel
RNCP41416,Animateur formateur en technologies agricoles ,3,1,correspondance_officielle_france_competences,officiel
RNCP37946,"Arts graphiques, options Signalétique et Décor peint",1,1,correspondance_officielle_france_competences,officiel
RNCP39597,Concepteur designer graphique,1,1,correspondance_officielle_france_competences,officiel
RNCP38180,"Information, documentation (fiche nationale)",3,2,correspondance_officielle_france_competences,officiel
RNCP39038,Anthropologie (fiche nationale),1,1,correspondance_officielle_france_competences,officiel
RNCP39459,Archives (fiche nationale),1,1,correspondance_officielle_france_competences,officiel
RNCP39477,Théologie (fiche nationale),1,1,correspondance_officielle_france_competences,officiel
RNCP40307,Métiers de l'information : veille et gestion des ressources documentaires,1,1,correspondance_officielle_france_competences,officiel
RNCP40548,Philosophie (fiche nationale),1,1,correspondance_officielle_france_competences,officiel
RNCP41703,Manager de la communication,1,1,correspondance_officielle_france_competences,officiel
RNCP39346,CQP Conducteur d’agroéquipements,1,1,correspondance_officielle_france_competences,officiel
RNCP40323,"Agriculture biologique : production, conseil, certification et commercialisation (fiche nationale)",1,1,correspondance_officielle_france_competences,officiel
RNCP41061,Sciences et ingénierie - Agronomie et Agroalimentaire,1,1,correspondance_officielle_france_competences,officiel
RNCP37282,CQP Manager d’équipe en négoce des matériaux de construction ,5,1,correspondance_officielle_france_competences,officiel
RNCP38446,CQP Manager d'équipe commerciale en commerces de gros,5,1,correspondance_officielle_france_competences,officiel
RNCP39366,CQP Manager commercial cuisines et/ou aménagement intérieur ,5,1,correspondance_officielle_france_competences,officiel
RNCP41292,Responsable commerce de détail,5,1,correspondance_officielle_france_competences,officiel
RNCP40245,Manager des industries musicales et du spectacle vivant,2,1,correspondance_officielle_france_competences,officiel
RNCP40466,Création artistique (fiche nationale),2,1,correspondance_officielle_france_competences,officiel
RNCP40032,Agencement (fiche nationale),1,1,correspondance_officielle_france_competences,officiel
RNCP40775,"Ingénieur diplômé de l'école polytechnique universitaire de Nantes Université, spécialité Génie Civil",1,1,correspondance_officielle_france_competences,officiel
RNCP39695,Sciences sociales (fiche nationale),1,1,correspondance_officielle_france_competences,officiel
RNCP39696,Sciences sanitaires et sociales (fiche nationale),1,1,correspondance_officielle_france_competences,officiel
RNCP42074,Manager des ressources humaines,1,1,correspondance_officielle_france_competences,officiel
RNCP35988,CQP Opérateur de levage et manutention complexe en milieu industriel,1,1,correspondance_officielle_france_competences,officiel
RNCP37450,Mécanicien réparateur en marine de plaisance,1,1,correspondance_officielle_france_competences,officiel
RNCP39798,Brevet d'officier chef de quart machine,1,1,correspondance_officielle_france_competences,officiel
RNCP38877,Métiers du football,1,1,correspondance_officielle_france_competences,officiel
RNCP38157,Droit civil (fiche nationale),2,1,correspondance_officielle_france_competences,officiel
RNCP38194, Droit de la santé (fiche nationale),2,1,correspondance_officielle_france_competences,officiel
RNCP38609,Conseiller en droit rural et économie agricole,2,1,correspondance_officielle_france_competences,officiel
RNCP40719,Activités juridiques : contentieux et recouvrement (fiche nationale),2,1,correspondance_officielle_france_competences,officiel
RNCP35366,Génie Biologique : Diététique et Nutrition,1,1,correspondance_officielle_france_competences,officiel
RNCP38127,Assistant technique des industries aromatiques et cosmétiques,1,1,correspondance_officielle_france_competences,officiel
RNCP39313,"Santé, environnement : techniques de laboratoire (fiche nationale)",1,1,correspondance_officielle_france_competences,officiel
RNCP39379,Technicien supérieur essais matériaux,1,1,correspondance_officielle_france_competences,officiel
RNCP40342,Productions végétales (fiche nationale),1,1,correspondance_officielle_france_competences,officiel
RNCP40728,Chimie industrielle (fiche nationale),1,1,correspondance_officielle_france_competences,officiel
RNCP41277,Sciences pour la santé (fiche nationale),1,1,correspondance_officielle_france_competences,officiel
RNCP41328,"Préparateur en parfum, cosmétique et arômes",1,1,correspondance_officielle_france_competences,officiel
RNCP41556,"Chimie : Analyse, contrôle-qualité, environnement",1,1,correspondance_officielle_france_competences,officiel
RNCP41568,Génie biologique : Sciences de l'environnement et écotechnologies,1,1,correspondance_officielle_france_competences,officiel
RNCP41618,Science et génie des matériaux : Métiers de la caractérisation et de l’expertise des matériaux et des produits,1,1,correspondance_officielle_france_competences,officiel
RNCP41859,Sciences biomédicales (fiche nationale),1,1,correspondance_officielle_france_competences,officiel
RNCP37489,"Cybersécurité, Informatique et réseaux, Electronique",2,2,correspondance_officielle_france_competences,officiel
RNCP38341,Manager en exploitation du spectre électromagnétique,13,1,correspondance_officielle_france_competences,officiel
RNCP39837,Expert en cybersécurité (MS),13,1,correspondance_officielle_france_competences,officiel
RNCP40246,Manager de la cybersécurité,13,1,correspondance_officielle_france_competences,officiel
RNCP40751,Ingénieur diplômé de l'EPF spécialité systèmes d'information,14,2,correspondance_officielle_france_competences,officiel
RNCP37690,Métiers de la mer : nautisme (fiche nationale),1,1,correspondance_officielle_france_competences,officiel
RNCP40302,Métiers de l'industrie : conception de produits industriels (fiche nationale),2,2,correspondance_officielle_france_competences,officiel
RNCP38594,Responsable d'unité bancaire,12,1,correspondance_officielle_france_competences,officiel
RNCP38164,Droit des assurances (fiche nationale),3,2,correspondance_officielle_france_competences,officiel
RNCP38440,Conseiller de clientèle de particuliers banque et assurance,2,2,correspondance_officielle_france_competences,officiel
RNCP38501,CQP Chargé d'accueil guichet unique,1,1,correspondance_officielle_france_competences,officiel
RNCP40460,Commercialisation de produits et services (fiche nationale),7,3,correspondance_officielle_france_competences,officiel
RNCP40582,Chargé de clientèle,3,2,correspondance_officielle_france_competences,officiel
RNCP41351,CQP Chargé de relation clientèle assurance,1,1,correspondance_officielle_france_competences,officiel
RNCP41528,"Ingénieur diplômé de l'Ecole polytechnique universitaire de l'Institut polytechnique de Grenoble, spécialité Informatique",2,1,correspondance_officielle_france_competences,officiel
RNCP42539,"Ingénieur diplômé de l'Ecole polytechnique universitaire de l'Institut polytechnique de Grenoble, spécialité Informatique",2,1,correspondance_officielle_france_competences,officiel
RNCP38812,Orthopédiste orthésiste,1,1,correspondance_officielle_france_competences,officiel
RNCP39350,CQP Opérateur en orthoprothèse,1,1,correspondance_officielle_france_competences,officiel
RNCP35846,Métiers du Froid et des Energies Renouvelables,1,1,correspondance_officielle_france_competences,officiel
RNCP35464,Génie Mécanique et Productique : Chargé d'affaires industrielles,1,1,correspondance_officielle_france_competences,officiel
RNCP41550,Carrières juridiques : Patrimoine et finance,8,3,correspondance_officielle_france_competences,officiel
RNCP37715,Assistant de vie aux familles,4,1,correspondance_officielle_france_competences,officiel
RNCP36758,Economie et pilotage des entreprises (fiche nationale),3,2,correspondance_officielle_france_competences,officiel
RNCP40622,Optique professionnelle (fiche nationale),2,1,correspondance_officielle_france_competences,officiel
RNCP36522,Comptable,4,1,correspondance_officielle_france_competences,officiel
RNCP41644,Comptable,4,1,correspondance_officielle_france_competences,officiel
RNCP42025,Assistant comptable des services financiers,4,1,correspondance_officielle_france_competences,officiel
RNCP42094,Linguiste et exploitant en langues étrangères,3,1,correspondance_officielle_france_competences,officiel
RNCP40447,Responsable Développement Commercial et Marketing,1,1,correspondance_officielle_france_competences,officiel
RNCP35484,Génie Civil – Construction Durable : Réhabilitation et Amélioration des Performances Environnementales des Bâtiments,1,1,correspondance_officielle_france_competences,officiel
RNCP39621,Chef de projet en rénovation énergétique,1,1,correspondance_officielle_france_competences,officiel
RNCP41074,"Ingénieur diplômé de l’Université de Toulouse, spécialité Génie Civil et Géosciences",1,1,correspondance_officielle_france_competences,officiel
RNCP41574,Génie civil - Construction durable : Travaux bâtiment,1,1,correspondance_officielle_france_competences,officiel
RNCP37313,Boulangerie spécialisée,1,1,correspondance_officielle_france_competences,officiel
RNCP40631,Météorologiste opérationnel - Option : météorologie marine et océanographie opérationnelle - Option : météorologie aéronautique,1,1,correspondance_officielle_france_competences,officiel
RNCP41874,Superviseur hydrographe,1,1,correspondance_officielle_france_competences,officiel
RNCP37101,Opérateur en détection de réseaux,1,1,correspondance_officielle_france_competences,officiel
RNCP39073,Mode et matière ,14,3,correspondance_officielle_france_competences,officiel
RNCP36115,"Ingénieur diplômé de l’Ecole nationale supérieure Mines-Télécom Atlantique Bretagne Pays de la Loire de l’Institut Mines-Télécom, spécialité Informatique",292,4,correspondance_officielle_france_competences,officiel
RNCP36153,Gestionnaire de l'information numérique,252,2,correspondance_officielle_france_competences,officiel
RNCP36864,Manager de la stratégie et de la transformation digitale (MS),256,3,correspondance_officielle_france_competences,officiel
RNCP37985,Expert en ingénierie logicielle,279,3,correspondance_officielle_france_competences,officiel
RNCP39041,"Métiers des études, du conseil et de l’intervention (fiche nationale)",252,2,correspondance_officielle_france_competences,officiel
RNCP39389,Consultant green IT,290,3,correspondance_officielle_france_competences,officiel
RNCP39485,Intelligence artificielle (fiche nationale),314,5,correspondance_officielle_france_competences,officiel
RNCP39486,Mathématiques et informatique appliquées aux sciences humaines et sociales - MIASHS (fiche nationale),291,4,correspondance_officielle_france_competences,officiel
RNCP39580,Architecte des systèmes d'information dans les processus industriels (MS),281,5,correspondance_officielle_france_competences,officiel
RNCP39585,Chef de projet système d'information,292,4,correspondance_officielle_france_competences,officiel
RNCP39586,Ingénieur en science des données spécialisé en infrastructure data ou en apprentissage automatique,299,4,correspondance_officielle_france_competences,officiel
RNCP39608,Concepteur développeur web full stack,277,2,correspondance_officielle_france_competences,officiel
RNCP39781,Expert réseaux infrastructures et sécurité,285,5,correspondance_officielle_france_competences,officiel
RNCP40170,Manager en stratégie et développement de projet digital,277,2,correspondance_officielle_france_competences,officiel
RNCP40514,Sciences et ingénierie - Informatique et Systèmes Numériques,288,4,correspondance_officielle_france_competences,officiel
RNCP40589,Manager expert en transformation numérique,290,3,correspondance_officielle_france_competences,officiel
RNCP40836,Expert green IT,290,3,correspondance_officielle_france_competences,officiel
RNCP41586,Informatique : Déploiement d'applications communicantes et sécurisées,296,4,correspondance_officielle_france_competences,officiel
RNCP41886,Manager de la transformation numérique responsable,264,2,correspondance_officielle_france_competences,officiel
RNCP42149,Data engineer,302,5,correspondance_officielle_france_competences,officiel
RNCP42163,Responsable green IT,260,2,correspondance_officielle_france_competences,officiel
RNCP42202,Product builder no code low code,290,3,correspondance_officielle_france_competences,officiel
RNCP42370,Management des systèmes d’information (fiche nationale),262,3,correspondance_officielle_france_competences,officiel
RNCP42438,Diplôme d’ingénieur de l’École nationale supérieure des mines d'Albi-Carmaux de l'Institut Mines-Télécom,267,3,correspondance_officielle_france_competences,officiel
RNCP42467,"Expert en sécurité, stratégie et conformité blockchain",290,3,correspondance_officielle_france_competences,officiel
RNCP42655,Data engineer,292,4,correspondance_officielle_france_competences,officiel
RNCP42735,"Ingénieur de l'école nationale supérieure des sciences appliquées et de technologie, spécialité informatique et technologies de l'information",291,4,correspondance_officielle_france_competences,officiel
RNCP37393,"Ingénieur de l'école nationale supérieure d'ingénieurs du Mans de l'université du Mans, spécialité acoustique et instrumentation",19,4,correspondance_officielle_france_competences,officiel
RNCP37584,Diplômes d’études spécialisées vétérinaires spécialité Anatomie Pathologie vétérinaire,4,2,correspondance_officielle_france_competences,officiel
RNCP37933,"Ingénieur diplômé de l'Ecole polytechnique universitaire de l'Université d'Aix-Marseille, spécialité Génie Biologique",20,4,correspondance_officielle_france_competences,officiel
RNCP38672,Sciences du vivant (fiche nationale),18,3,correspondance_officielle_france_competences,officiel
RNCP38699,STAPS : ingénierie et ergonomie de l'activité physique (fiche nationale),17,2,correspondance_officielle_france_competences,officiel
RNCP38964,Bio-informatique (fiche nationale),65,5,correspondance_officielle_france_competences,officiel
RNCP38982,Acoustique (fiche nationale),17,2,correspondance_officielle_france_competences,officiel
RNCP39452,"Ingénieur diplômé de l'Ecole d'ingénieurs Denis-Diderot de l'Université Paris Cité, spécialité Génie Biomédical",17,2,correspondance_officielle_france_competences,officiel
RNCP39457,Approches Interdisciplinaires de la Recherche et de l'Enseignement (AIRE) (fiche nationale),4,2,correspondance_officielle_france_competences,officiel
RNCP39461,Cancer (fiche nationale),17,2,correspondance_officielle_france_competences,officiel
RNCP39811,Toxicologie et éco-toxicologie (fiche nationale),18,3,correspondance_officielle_france_competences,officiel
RNCP39909,Ingénieur diplômé de l’Ecole supérieure de physique et de chimie industrielles de la ville de Paris,19,3,correspondance_officielle_france_competences,officiel
RNCP40105,Biomécanique (fiche nationale),18,3,correspondance_officielle_france_competences,officiel
RNCP40276,Attaché de recherche clinique,17,2,correspondance_officielle_france_competences,officiel
RNCP40748,"Ingénieur diplômé de l’Ecole polytechnique universitaire de l'université de Lille, spécialité Matériaux",20,4,correspondance_officielle_france_competences,officiel
RNCP41031,"Ingénieur diplômé de l'Ecole publique d'ingénieurs de la santé et du numérique de l'Université Paris Est Créteil Val-de-Marne, spécialité Génie Biomédical et Santé",24,3,correspondance_officielle_france_competences,officiel
RNCP41167,Ingénieur diplômé de l'école centrale de Lyon,17,2,correspondance_officielle_france_competences,officiel
RNCP42196,Ingénieur en analyse et gestion des systèmes biologiques,17,2,correspondance_officielle_france_competences,officiel
RNCP42544,"Ingénieur diplômé de l'Ecole supérieure de chimie, physique, électronique de Lyon, spécialité génie physique et microélectronique",17,2,correspondance_officielle_france_competences,officiel
RNCP35491,Carrières Juridiques : Administration et Justice,2,2,correspondance_officielle_france_competences,officiel
RNCP36898,Manager de la stratégie et de la performance achats (MS),4,2,correspondance_officielle_france_competences,officiel
RNCP37694,Chef de projet mode et industries créatives,1,1,correspondance_officielle_france_competences,officiel
RNCP41707,Manager des achats et de la supply chain ,4,2,correspondance_officielle_france_competences,officiel
RNCP36682,Programme Grande Ecole ,9,4,correspondance_officielle_france_competences,officiel
RNCP37515,Expert en contrôle de gestion et audit,4,2,correspondance_officielle_france_competences,officiel
RNCP37969,Programme Grande Ecole,4,2,correspondance_officielle_france_competences,officiel
RNCP41193,Diplôme Supérieur en Marketing Commerce et Gestion,7,3,correspondance_officielle_france_competences,officiel
RNCP42386,"Diplôme supérieur en marketing, commerce et gestion",7,3,correspondance_officielle_france_competences,officiel
RNCP36390,Assistant de gestion et d'administration d'entreprise,4,1,correspondance_officielle_france_competences,officiel
RNCP37643,Gestionnaire de paie,4,1,correspondance_officielle_france_competences,officiel
RNCP40303,"Métiers de la GRH : formation, compétences et emploi (fiche nationale)",8,3,correspondance_officielle_france_competences,officiel
RNCP38178,Relations internationales (fiche nationale),1,1,correspondance_officielle_france_competences,officiel
RNCP41388,Responsable d’unité opérationnelle de sécurité,1,1,correspondance_officielle_france_competences,officiel
RNCP35477,"Informatique : Administration, gestion et exploitation des données",49,3,correspondance_officielle_france_competences,officiel
RNCP35502,Métiers du Multimédia et de l’Internet : Développement web et dispositifs interactifs,37,3,correspondance_officielle_france_competences,officiel
RNCP36209,Expert en transformation digitale et technologique,26,1,correspondance_officielle_france_competences,officiel
RNCP36416,"Ingénieur diplômé de l'Ecole supérieure d'Ingénieurs de Rennes, Spécialité Informatique",58,5,correspondance_officielle_france_competences,officiel
RNCP36530,Manager relation client,29,3,correspondance_officielle_france_competences,officiel
RNCP37211,Assistant en Développement Numérique ,26,1,correspondance_officielle_france_competences,officiel
RNCP37300,Responsable en cybersécurité,61,5,correspondance_officielle_france_competences,officiel
RNCP37579,"Ingénieur diplômé de l'Ecole polytechnique universitaire d'Aix-Marseille Université, spécialité ""Informatique""",49,3,correspondance_officielle_france_competences,officiel
RNCP37837,Data analyst,246,3,correspondance_officielle_france_competences,officiel
RNCP37944,"Ingénieur diplômé de l’Ecole Supérieure d’Ingénieurs de Recherche en Matériaux de l’Université Bourgogne Europe (ESIREM), spécialité Robotique",58,5,correspondance_officielle_france_competences,officiel
RNCP38436,Développeur web,37,3,correspondance_officielle_france_competences,officiel
RNCP38477,Expert en numérisation industrielle,57,5,correspondance_officielle_france_competences,officiel
RNCP38584,Chef de projet en développement de solutions d'intelligence artificielle,26,1,correspondance_officielle_france_competences,officiel
RNCP38590,Manager de l'ingénierie numérique,26,1,correspondance_officielle_france_competences,officiel
RNCP38607,Concepteur de solutions digitales,26,1,correspondance_officielle_france_competences,officiel
RNCP38677,Ingénieur diplômé de l'école nationale supérieure des mines d'Alès de l'Institut Mines-Télécom,42,3,correspondance_officielle_france_competences,officiel
RNCP38686,"Automatique, robotique (fiche nationale)",40,2,correspondance_officielle_france_competences,officiel
RNCP38739,Science des données (fiche nationale),37,3,correspondance_officielle_france_competences,officiel
RNCP39061,"Ingénieur diplômé de l'École Nationale Supérieure d'Électricité et de Mécanique de Nancy de l'Université de Lorraine, spécialité Systèmes Numériques",53,3,correspondance_officielle_france_competences,officiel
RNCP39261,Concepteur développeur d'applications web,28,2,correspondance_officielle_france_competences,officiel
RNCP39383,Expert en modélisation numérique des systèmes et processus industriels (MS),40,2,correspondance_officielle_france_competences,officiel
RNCP39903,"Ingénieur diplômé de l'Ecole d'ingénieur Denis-Diderot de l'Université Paris Cité, spécialité Systèmes Informatiques Embarqués",43,4,correspondance_officielle_france_competences,officiel
RNCP40106,Métiers de l'informatique : applications web (fiche nationale),39,2,correspondance_officielle_france_competences,officiel
RNCP40354,Architecte des objets connectés (IOT),39,2,correspondance_officielle_france_competences,officiel
RNCP40816,"Ingénieur diplômé de l'Institut national des sciences appliquées Hauts-de-France, spécialité Génie Electrique et Informatique Industrielle ",42,3,correspondance_officielle_france_competences,officiel
RNCP40823,"Ingénieur diplômé de l’Institut national des sciences appliquées Hauts-de-France, spécialité Systèmes Embarqués et Télécommunications",41,3,correspondance_officielle_france_competences,officiel
RNCP40882,Directeur artistique multimédia ,26,1,correspondance_officielle_france_competences,officiel
RNCP41005,Sciences et Ingénierie - Systèmes d’Information,26,1,correspondance_officielle_france_competences,officiel
RNCP41075,"Ingénieur diplômé de l'université de Toulouse, spécialité Télécommunications et réseaux informatiques",51,5,correspondance_officielle_france_competences,officiel
RNCP41153,"Ingénieur diplômé de l’école nationale supérieure Mines- Télécom Lille Douai de l'Institut Mines-Télécom, spécialité télécommunications et informatique",29,3,correspondance_officielle_france_competences,officiel
RNCP41178,"Ingénieur diplômé de l'Ecole supérieure de chimie physique électronique de Lyon (CPE), spécialité électronique et informatique",28,3,correspondance_officielle_france_competences,officiel
RNCP41199,"Ingénieur diplômé de l’Ecole nationale supérieure de l’électronique et de ses applications, spécialité électronique et informatique industrielle",30,4,correspondance_officielle_france_competences,officiel
RNCP41250,"Ingénieur diplômé de l'institut national des sciences appliquées de toulouse, spécialité automatique et électronique",41,3,correspondance_officielle_france_competences,officiel
RNCP41279,Sciences et ingénierie - Génie énergétique pour l'environnement,26,1,correspondance_officielle_france_competences,officiel
RNCP41480,Product builder no-code,26,1,correspondance_officielle_france_competences,officiel
RNCP41585,"Informatique : Administration, gestion et exploitation des données",49,3,correspondance_officielle_france_competences,officiel
RNCP41673,Manager expert de solutions responsables en science des données (MS),40,3,correspondance_officielle_france_competences,officiel
RNCP41880,Manager en ingénierie informatique,58,4,correspondance_officielle_france_competences,officiel
RNCP42169,Product builder no code,26,1,correspondance_officielle_france_competences,officiel
RNCP42237,"Ingénieur diplômé de l'École supérieure angevine d'informatique et de productique, spécialité informatique et réseaux",49,4,correspondance_officielle_france_competences,officiel
RNCP42300,Science des données pour une entreprise responsable,27,2,correspondance_officielle_france_competences,officiel
RNCP42376,"Ingénieur diplômé de l’école polytechnique universitaire de l’institut national polytechnique Clermont Auvergne, spécialité mathématiques appliquées et intelligence artificielle",41,3,correspondance_officielle_france_competences,officiel
RNCP42443,"Ingénieur diplômé du Conservatoire national des arts et métiers, spécialité Science de la donnée et intelligence artificielle",54,4,correspondance_officielle_france_competences,officiel
RNCP42501,Développeur intégrateur web,26,1,correspondance_officielle_france_competences,officiel
RNCP42571,Science de la donnée,39,3,correspondance_officielle_france_competences,officiel
RNCP42620,Développeur de solutions numériques sécurisées,58,4,correspondance_officielle_france_competences,officiel
RNCP42730,Ingénieur diplômé de l’École nationale supérieure d'informatique et de mathématiques appliquées de l'Institut polytechnique de Grenoble,66,5,correspondance_officielle_france_competences,officiel
RNCP35466,Génie Mécanique et productique : Simulation numérique et réalité virtuelle,15,2,correspondance_officielle_france_competences,officiel
RNCP35480,Mesures Physiques : Matériaux et Contrôles Physico-Chimiques,15,2,correspondance_officielle_france_competences,officiel
RNCP35704,"Ingénieur diplômé de l’école polytechnique universitaire de l'université d'Angers, spécialité génie industriel",27,2,correspondance_officielle_france_competences,officiel
RNCP36102,"Ingénieur diplômé de l'École nationale supérieure d’électronique, informatique, télécommunications, mathématique et mécanique de Bordeaux de l’Institut polytechnique de Bordeaux, spécialité systèmes électroniques embarqués",14,1,correspondance_officielle_france_competences,officiel
RNCP36184,Analyste en acoustique et vibration,17,2,correspondance_officielle_france_competences,officiel
RNCP36535,"Ingénieur diplômé de l’ENSIL-ENSCI de l'Université de Limoges, Spécialité Électronique et Télécommunications ",18,4,correspondance_officielle_france_competences,officiel
RNCP36536,"Ingénieur diplômé de l’ENSIL-ENSCI de l'Université de Limoges, Spécialité Mécatronique",19,4,correspondance_officielle_france_competences,officiel
RNCP36934,Energie solaire (fiche nationale),15,2,correspondance_officielle_france_competences,officiel
RNCP37543,Ingénieur de l'Ecole Nationale Supérieure en Génie des Systèmes et de l'Innovation de l'Université de Lorraine,24,4,correspondance_officielle_france_competences,officiel
RNCP37870,"Ingénieur diplômé de l’Ecole Supérieure d’Ingénieurs de Recherche en Matériaux de l’Université Bourgogne Europe (ESIREM), spécialité Electronique et Systèmes numériques",28,3,correspondance_officielle_france_competences,officiel
RNCP37882,"Ingénieur diplômé de l’Ecole Supérieure d’Ingénieurs de Recherche en Matériaux de l’Université Bourgogne Europe (ESIREM), spécialité Matériaux",17,3,correspondance_officielle_france_competences,officiel
RNCP38220,Ingénieur diplômé de l'école d'ingénieurs en sciences industrielles et numérique de l'université de Reims spécialité mécanique et génie industriel,15,2,correspondance_officielle_france_competences,officiel
RNCP38377,"Ingénieur diplômé de l'Ecole nationale supérieure des ingénieurs en arts chimiques et technologiques de l'Institut national polytechnique de Toulouse, spécialité génie des procédés",17,3,correspondance_officielle_france_competences,officiel
RNCP38427,"Ingénieur diplômé de l’Ecole Nationale Supérieure d’Ingénieurs Sud-Alsace de l’Université de Mulhouse, spécialité Textile et Fibres",14,1,correspondance_officielle_france_competences,officiel
RNCP38534,"Ingénieur diplômé de l'institut national des sciences appliquées de Strasbourg, spécialité Génie Mécanique",15,2,correspondance_officielle_france_competences,officiel
RNCP38680,"Ingénieur diplômé de l'école nationale supérieure des mines d'Alès de l'Institut Mines-Télécom, spécialité mécatronique",17,3,correspondance_officielle_france_competences,officiel
RNCP38685,Ingénierie de conception (fiche nationale),15,2,correspondance_officielle_france_competences,officiel
RNCP38705,Chimie et sciences du vivant (fiche nationale),15,2,correspondance_officielle_france_competences,officiel
RNCP38706,Chimie moléculaire (fiche nationale),15,2,correspondance_officielle_france_competences,officiel
RNCP38774,Expert en optimisation des systèmes énergétiques (MS),29,4,correspondance_officielle_france_competences,officiel
RNCP38819,Manager de projet d'innovation (MS),14,1,correspondance_officielle_france_competences,officiel
RNCP38995,Aéronautique et espace (fiche nationale),30,4,correspondance_officielle_france_competences,officiel
RNCP38996,Acoustique et musicologie (fiche nationale),14,1,correspondance_officielle_france_competences,officiel
RNCP39142,Ingénieur diplômé de l’École nationale supérieure de chimie de Mulhouse de l'université de Mulhouse,16,2,correspondance_officielle_france_competences,officiel
RNCP39331,"Titre ingénieur - Titre ingénieur - Ingénieur diplômé de l'École polytechnique universitaire de Sorbonne Université, spécialité Matériaux",17,3,correspondance_officielle_france_competences,officiel
RNCP39416,Mathématiques et applications (fiche nationale),27,3,correspondance_officielle_france_competences,officiel
RNCP39574,Ingénieur navigabilité et certification aéronautiques (MS),17,3,correspondance_officielle_france_competences,officiel
RNCP39593,"Chef de projet dans le domaine de l'eau, des services et politiques publiques associés (MS)",15,2,correspondance_officielle_france_competences,officiel
RNCP39665,"Ingénieur diplômé du Conservatoire national des art et métiers, spécialité Agroalimentaire",16,2,correspondance_officielle_france_competences,officiel
RNCP39858,Chef de projet en automatisation,17,2,correspondance_officielle_france_competences,officiel
RNCP40017,"Maîtrise de l'énergie, électricité, développement durable ",17,2,correspondance_officielle_france_competences,officiel
RNCP40023,"Ingénieur diplomé de l'école nationale supérieure d'ingénieurs de Caen, spécialité génie industriel",17,3,correspondance_officielle_france_competences,officiel
RNCP40060,Installations frigorifiques et de conditionnement d'air (fiche nationale),15,2,correspondance_officielle_france_competences,officiel
RNCP40118,Ingénieur diplômé de l'ESIEE Paris,14,1,correspondance_officielle_france_competences,officiel
RNCP40132,"Ingénieur diplômé de l’école nationale supérieure d’ingénieurs de Reims de l’université de Reims, spécialité énergétique",16,2,correspondance_officielle_france_competences,officiel
RNCP40224,"Ingénieur diplômé de l’École nationale supérieure d’ingénieurs de Caen, spécialité Génie physique et systèmes embarqués",14,1,correspondance_officielle_france_competences,officiel
RNCP40231,Métiers de l'industrie : industrie aéronautique (fiche nationale),16,2,correspondance_officielle_france_competences,officiel
RNCP40530,"Ingénieur diplômé de l'Ecole polytechnique universitaire de l'Université Aix Marseille, spécialité écologie industrielle et environnement",15,2,correspondance_officielle_france_competences,officiel
RNCP40535,Ingénieur diplômé d’ECAM LaSalle,30,4,correspondance_officielle_france_competences,officiel
RNCP40536,"Ingénieur diplômé d’ECAM LaSalle, spécialité génie industriel et mécanique",17,3,correspondance_officielle_france_competences,officiel
RNCP40734,Ingénieur diplômé de l’Institut supérieur d’agriculture - JUNIA,17,3,correspondance_officielle_france_competences,officiel
RNCP40760,"Ingénieur diplômé de l’Ecole Polytechnique Universitaire de l'Université de Montpellier, spécialité Matériaux",16,2,correspondance_officielle_france_competences,officiel
RNCP40766,"Ingénieur spécialisé en Energie et procédés, diplômé de l'Ecole nationale supérieure du pétrole et des moteurs",17,3,correspondance_officielle_france_competences,officiel
RNCP40774,"Ingénieur diplômé de l’école polytechnique de Nantes Université, spécialité Matériaux",18,4,correspondance_officielle_france_competences,officiel
RNCP40835,"Ingénieur diplômé de l’école nationale d'ingénieurs de Saint-Étienne de l’école centrale de Lyon, spécialité génie physique",14,1,correspondance_officielle_france_competences,officiel
RNCP40931,"Ingénieur diplômé de l’Institut Polytechnique UniLaSalle, spécialité Agroalimentation et Santé",21,2,correspondance_officielle_france_competences,officiel
RNCP40944,"Ingénieur diplômé de l'Université de Technologie de Compiègne, spécialité Mécanique",17,3,correspondance_officielle_france_competences,officiel
RNCP40953,"Ingénieur diplômé de l'Ecole polytechnique universitaire de l'Université Paris-Saclay, spécialité Photonique",17,3,correspondance_officielle_france_competences,officiel
RNCP40973,"ingénieur diplômé de l'Institut national des sciences appliquées de Lyon, spécialité génie énergétique et génie de l'environnement",15,2,correspondance_officielle_france_competences,officiel
RNCP41021,"Ingénieur diplômé de l’école nationale d'ingénieurs de Saint-Étienne de l’école centrale de Lyon, spécialité génie mécanique",16,2,correspondance_officielle_france_competences,officiel
RNCP41159,Ingénieur diplômé de l’école d’ingénieurs Jules Verne de l'université d'Amiens spécialité génie énergétique et environnement,15,2,correspondance_officielle_france_competences,officiel
RNCP41162,"Ingénieur diplômé de l'école nationale supérieure de techniques avancées (Institut polytechnique de Paris), spécialité systèmes embarqués",16,2,correspondance_officielle_france_competences,officiel
RNCP41268,"Ingénieur diplômé de l’ENSIL-ENSCI de l'Université de Limoges, Spécialité Céramique Industrielle",16,2,correspondance_officielle_france_competences,officiel
RNCP41273,Ingénieur diplômé de l’Institut supérieur de mécanique de Paris,17,3,correspondance_officielle_france_competences,officiel
RNCP41499,"Ingénieur diplômé de l'institut national des sciences appliquées de Rennes, spécialité électronique et informatique industrielle",17,3,correspondance_officielle_france_competences,officiel
RNCP41984,Responsable conception en installations frigorifiques et climatiques,14,1,correspondance_officielle_france_competences,officiel
RNCP42024,"Ingénieur diplômé de l'Institut national des sciences appliquées de Lyon, spécialité génie énergétique et génie de l'environnement",15,2,correspondance_officielle_france_competences,officiel
RNCP42095,"Ingénieur diplômé de l'Institut national des sciences appliquées de Lyon, spécialité génie mécanique",17,3,correspondance_officielle_france_competences,officiel
RNCP42096,"Ingénieur diplômé de l'Ecole nationale supérieure Mines-Télécom Atlantique Bretagne Pays de la Loire de l'Institut Mines-Télécom, spécialité Génie industriel",17,3,correspondance_officielle_france_competences,officiel
RNCP42195,Expert en digitalisation et exploitation des bâtiments,14,1,correspondance_officielle_france_competences,officiel
RNCP42232,"Ingénieur diplômé de l’École polytechnique universitaire de l'université Lyon-I, spécialité matériaux",17,3,correspondance_officielle_france_competences,officiel
RNCP42278,"Ingénieur diplômé de Télécom Saint-Etienne de l'Université Jean Monnet, spécialité génie industriel et systèmes numériques",18,3,correspondance_officielle_france_competences,officiel
RNCP42289,"Ingénieur diplômé de l'école nationale supérieure de techniques avancées et de l'institut supérieur de l'aéronautique et de l'espace, spécialité défense et sécurité",27,2,correspondance_officielle_france_competences,officiel
RNCP42305,Ingénieur diplômé de l'école nationale supérieure de techniques avancées (Institut polytechnique de Paris),15,2,correspondance_officielle_france_competences,officiel
RNCP42365,Management de l'innovation (fiche nationale),15,2,correspondance_officielle_france_competences,officiel
RNCP42449,"Ingénieur diplômé de l’école nationale supérieure d'électronique, informatique, télécommunications, mathématique et mécanique de Bordeaux de l’institut polytechnique de Bordeaux, spécialité électronique",14,1,correspondance_officielle_france_competences,officiel
RNCP42462,"Ingénieur diplômé de l'école nationale supérieure des mines d'Alès de l'Institut Mines-Télécom, spécialité mécatronique",17,3,correspondance_officielle_france_competences,officiel
RNCP42560,"Maîtrise de l'énergie, électricité, développement durable (fiche nationale)",17,2,correspondance_officielle_france_competences,officiel
RNCP42565,"Ingénieur diplômé de l'École supérieure de chimie, physique, électronique de Lyon, spécialité Biotechnologies et génie des procédés",17,3,correspondance_officielle_france_competences,officiel
RNCP42593,"Ingénieur diplômé du Conservatoire national des arts et métiers, spécialité Mécatronique ",14,1,correspondance_officielle_france_competences,officiel
RNCP42599,Génie de l'environnement et science de la donnée,25,3,correspondance_officielle_france_competences,officiel
RNCP42687,"Ingénieur diplômé du Conservatoire national des arts et métiers, spécialité Télécommunications et réseaux ",16,3,correspondance_officielle_france_competences,officiel
RNCP42703,"Ingénieur diplômé de l'Institut national des sciences appliquées de Toulouse, spécialité génie mécanique",16,2,correspondance_officielle_france_competences,officiel
RNCP42736,Ingénieur diplômé de l’École nationale supérieure de mécanique et des microtechniques spécialité Microtechniques,15,2,correspondance_officielle_france_competences,officiel
RNCP42754,"Ingénieur diplômé de l’Institut Agro Rennes-Angers de l’Institut national d’enseignement supérieur pour l’agriculture, l’alimentation et l’environnement, spécialité agronomie",16,3,correspondance_officielle_france_competences,officiel
RNCP36229,Manager d’affaires dans l’énergie et la transition énergétique (MS),2,1,correspondance_officielle_france_competences,officiel
RNCP36529,Manager de la chaîne logistique durable,2,1,correspondance_officielle_france_competences,officiel
RNCP38269,Responsable de production et de projets industriels,3,2,correspondance_officielle_france_competences,officiel
RNCP38849,"Ingénieur diplômé de l'Ecole Nationale Supérieure des Mines de Saint-Etienne, Institut Mines Telecom, spécialité Energétique",2,1,correspondance_officielle_france_competences,officiel
RNCP39131,"Ingénieur diplômé du Conservatoire national des arts et métiers, spécialité Génie électrique",3,2,correspondance_officielle_france_competences,officiel
RNCP39599,Responsable de projet qualité sécurité environnement et développement durable,3,2,correspondance_officielle_france_competences,officiel
RNCP39687,Métiers de la vigne et du vin (fiche nationale),3,2,correspondance_officielle_france_competences,officiel
RNCP39845,Expert en management de projets industriels et en excellence opérationnelle,3,2,correspondance_officielle_france_competences,officiel
RNCP40334,Métiers de l'industrie : conception et processus de mise en forme des matériaux (fiche nationale),2,1,correspondance_officielle_france_competences,officiel
RNCP40765,"Ingénieur spécialisé en Energie et marchés, diplômé de l'Ecole nationale supérieure du pétrole et des moteurs",3,2,correspondance_officielle_france_competences,officiel
RNCP40815,Métiers de l'industrie : conception et amélioration de processus et procédés industriels (fiche nationale),3,2,correspondance_officielle_france_competences,officiel
RNCP40865,Concepteur et manager de la supply chain (MS),2,1,correspondance_officielle_france_competences,officiel
RNCP40959,"Ingénieur spécialisé en Intégration d'innovations pour l'industrie, diplôme de l'Ecole nationale supérieure des mines de Saint-Etienne de l'Institut Mines-Télécom",3,2,correspondance_officielle_france_competences,officiel
RNCP41640,Expert en systèmes et ouvrages hydrauliques (MS) ,3,2,correspondance_officielle_france_competences,officiel
RNCP42375,"Ingénieur diplômé de l'école polytechnique universitaire de l'Université d'Orléans, spécialité Génie mécanique et production",3,2,correspondance_officielle_france_competences,officiel
RNCP42380,"Ingénieur diplômé de l’école polytechnique universitaire de l’institut national polytechnique Clermont Auvergne, spécialité génie industriel",3,2,correspondance_officielle_france_competences,officiel
RNCP36501,Technicien systèmes et réseaux,21,4,correspondance_officielle_france_competences,officiel
RNCP37454,Technicien supérieur systèmes et réseaux ,20,3,correspondance_officielle_france_competences,officiel
RNCP39298,"Ingénieur diplômé de l'Institut Catholique d'Arts et Métiers, spécialité Systèmes numériques et Génie Industriel",23,3,correspondance_officielle_france_competences,officiel
RNCP42532,Administrateur système DevOps,22,2,correspondance_officielle_france_competences,officiel
RNCP38017,Chargé de développement de produits de tourisme,12,1,correspondance_officielle_france_competences,officiel
RNCP40373,Directeur de produits touristiques,19,2,correspondance_officielle_france_competences,officiel
RNCP36107,Métiers du bois (fiche nationale),3,1,correspondance_officielle_france_competences,officiel
RNCP39424,Manager mode et luxe,10,2,correspondance_officielle_france_competences,officiel
RNCP37510,Conseiller technique clientèle en agroéquipement,1,1,correspondance_officielle_france_competences,officiel
RNCP41576,Génie industriel et maintenance : Ingénierie des systèmes pluritechniques,2,2,correspondance_officielle_france_competences,officiel
RNCP41601,"Génie industriel et maintenance : Management, méthodes et maintenance innovante",2,2,correspondance_officielle_france_competences,officiel
RNCP42283,"Commerce, techniques et innovation",3,2,correspondance_officielle_france_competences,officiel
RNCP36523,Assistant de gestion,1,1,correspondance_officielle_france_competences,officiel
RNCP36837,Bureautique et multimédia (fiche nationale),1,1,correspondance_officielle_france_competences,officiel
RNCP37684,Diplôme d’études supérieures spécialisées en management international,15,2,correspondance_officielle_france_competences,officiel
RNCP39438,Finance,16,3,correspondance_officielle_france_competences,officiel
RNCP40810,Diplôme d'études supérieures de management international,22,3,correspondance_officielle_france_competences,officiel
RNCP36440,Technicien d'assistance en informatique,1,1,correspondance_officielle_france_competences,officiel
RNCP40564,Technicien spécialisé en systèmes IT/OT sécurisés pour l'industrie ou les infrastructures urbaines,25,4,correspondance_officielle_france_competences,officiel
RNCP40799,Technicien informatique de proximité,1,1,correspondance_officielle_france_competences,officiel
RNCP38950,Journaliste,3,1,correspondance_officielle_france_competences,officiel
RNCP39397,"Régisseur de spectacle et d'évènement, spécialisation lumière, plateau/scène, son ou vidéo",3,1,correspondance_officielle_france_competences,officiel
RNCP39988,"Technicien du spectacle vivant, spécialité son, lumière ou plateau",3,1,correspondance_officielle_france_competences,officiel
RNCP40073,Reporter d'images,3,1,correspondance_officielle_france_competences,officiel
RNCP40327,Diplôme d'études supérieures en techniques de l'image et du son,3,1,correspondance_officielle_france_competences,officiel
RNCP41628,Cinéma,3,1,correspondance_officielle_france_competences,officiel
RNCP41661,Monteur audiovisuel et cinéma,3,1,correspondance_officielle_france_competences,officiel
RNCP41811,Superviseur de production virtuelle,3,1,correspondance_officielle_france_competences,officiel
RNCP37408,Technicien de maintenance des systèmes de détection et de communication,10,1,correspondance_officielle_france_competences,officiel
RNCP38733,Sciences et Ingénierie - Systèmes Embarqués pour l’Agronomie ,3,1,correspondance_officielle_france_competences,officiel
RNCP38069,Diplôme Supérieur en Management International des Ressources Humaines,4,2,correspondance_officielle_france_competences,officiel
RNCP38160,Droit social (fiche nationale),5,2,correspondance_officielle_france_competences,officiel
RNCP38990,"Psychologie sociale, du travail et des organisations (fiche nationale)",4,2,correspondance_officielle_france_competences,officiel
RNCP39258,Responsable rémunération globale et avantages sociaux ,7,3,correspondance_officielle_france_competences,officiel
RNCP39364,Manager en stratégie et développement des ressources humaines,4,2,correspondance_officielle_france_competences,officiel
RNCP40244,Manager des ressources humaines,4,2,correspondance_officielle_france_competences,officiel
RNCP40594,Chargé de missions RH,3,1,correspondance_officielle_france_competences,officiel
RNCP41092,Manager international des ressources humaines,4,2,correspondance_officielle_france_competences,officiel
RNCP41132,Responsable ressources humaines,4,2,correspondance_officielle_france_competences,officiel
RNCP41486,Consultant en recrutement des agences d'emploi,3,1,correspondance_officielle_france_competences,officiel
RNCP42639,Manager des ressources humaines,4,2,correspondance_officielle_france_competences,officiel
RNCP36941,Espace,1,1,correspondance_officielle_france_competences,officiel
RNCP42294,"Ingénieur diplômé de l’école polytechnique universitaire de l’institut national polytechnique Clermont Auvergne, spécialité génie civil",1,1,correspondance_officielle_france_competences,officiel
RNCP36369,Manager des stratégies digitales (MS),10,2,correspondance_officielle_france_competences,officiel
RNCP37714,Programme Grande Ecole,12,3,correspondance_officielle_france_competences,officiel
RNCP39354,Manager du développement d'entreprise et commercial,16,4,correspondance_officielle_france_competences,officiel
RNCP40349,Manager marketing et communication,10,2,correspondance_officielle_france_competences,officiel
RNCP41052,Diplôme avancé en management durable des entreprises et des technologies,7,1,correspondance_officielle_france_competences,officiel
RNCP41057,Programme Grande Ecole,7,1,correspondance_officielle_france_competences,officiel
RNCP41233,Diplôme Supérieur en Management du Marketing Digital,9,2,correspondance_officielle_france_competences,officiel
RNCP42070,Designer de mode et développement de marque,7,1,correspondance_officielle_france_competences,officiel
RNCP42090,Diplôme en gestion et développement des entreprises,12,3,correspondance_officielle_france_competences,officiel
RNCP42221,Chef de projet mode et industries créatives,7,1,correspondance_officielle_france_competences,officiel
RNCP42385,Diplôme en management international des affaires,12,2,correspondance_officielle_france_competences,officiel
RNCP42566,Commerce et distribution (fiche nationale) ,10,2,correspondance_officielle_france_competences,officiel
RNCP40309,Propreté et prévention des biocontaminations,1,1,correspondance_officielle_france_competences,officiel
RNCP41689,Conducteur d’équipements industriels,1,1,correspondance_officielle_france_competences,officiel
RNCP39839,CQP Technicien monteur d'équipement industriel,1,1,correspondance_officielle_france_competences,officiel
RNCP40501,Maintenance et technologie : contrôle industriel (fiche nationale),1,1,correspondance_officielle_france_competences,officiel
RNCP39954,CQP Opérateur de production en milieu pyrotechnique,2,1,correspondance_officielle_france_competences,officiel
RNCP41971,CQP Opérateur en préparation de commandes,2,1,correspondance_officielle_france_competences,officiel
RNCP42143,Emballeur professionnel,2,1,correspondance_officielle_france_competences,officiel
RNCP35960,Manager Produits et Marketing,3,1,correspondance_officielle_france_competences,officiel
RNCP36551,Programme Grande Ecole,4,2,correspondance_officielle_france_competences,officiel
RNCP36669,Diplôme du programme grande école (PGE),3,1,correspondance_officielle_france_competences,officiel
RNCP36687,Diplôme d'études avancées en management international des entreprises,3,1,correspondance_officielle_france_competences,officiel
RNCP38123,Responsable du développement commercial,10,3,correspondance_officielle_france_competences,officiel
RNCP38602,Responsable du développement des affaires,6,3,correspondance_officielle_france_competences,officiel
RNCP40851,Chef de projet webmarketing et e-commerce,3,1,correspondance_officielle_france_competences,officiel
RNCP40898,Expert en intelligence économique,5,3,correspondance_officielle_france_competences,officiel
RNCP41042,Diplôme supérieur en commerce et marketing opérationnel,6,3,correspondance_officielle_france_competences,officiel
RNCP41047,Diplôme de manager international,4,2,correspondance_officielle_france_competences,officiel
RNCP41723,Directeur de la collecte de fonds et du mécénat,3,1,correspondance_officielle_france_competences,officiel
RNCP42481,Directeur commercial marketing et stratégie digitale,8,2,correspondance_officielle_france_competences,officiel
RNCP37980,Paysan-herboriste,2,1,correspondance_officielle_france_competences,officiel
RNCP38831,Conseiller de vente omnicanale mode et beauté,2,1,correspondance_officielle_france_competences,officiel
RNCP40266,Décorateur en ameublement d'intérieur,2,1,correspondance_officielle_france_competences,officiel
RNCP40712,Diplôme de Gestion et Management des entreprises,2,1,correspondance_officielle_france_competences,officiel
RNCP41485,Attaché commercial,3,2,correspondance_officielle_france_competences,officiel
RNCP36238,Fraiseur en réalisation de pièces mécaniques,1,1,correspondance_officielle_france_competences,officiel
RNCP39722,Opérateur sur machines-outils conventionnelles de production,1,1,correspondance_officielle_france_competences,officiel
RNCP41097,CQP Technicien en rectification industrielle,1,1,correspondance_officielle_france_competences,officiel
RNCP41401,CQP Technicien de cellule autonome pluri-technologique,1,1,correspondance_officielle_france_competences,officiel
RNCP37275,Formateur professionnel d'adultes,3,1,correspondance_officielle_france_competences,officiel
RNCP40066,Intervention sociale : insertion et réinsertion sociale et professionnelle (fiche nationale),3,1,correspondance_officielle_france_competences,officiel
RNCP41518,Conseiller en formation au tir de riposte,3,1,correspondance_officielle_france_competences,officiel
RNCP41554,Carrières sociales : Éducation spécialisée,3,1,correspondance_officielle_france_competences,officiel
RNCP41124,Coordonnateur de projet de solidarités,1,1,correspondance_officielle_france_competences,officiel
RNCP37305,Signalétique et décors graphiques ,1,1,correspondance_officielle_france_competences,officiel
RNCP39532,Graphiste,1,1,correspondance_officielle_france_competences,officiel
RNCP35364,Information-Communication : Métiers du livre et du patrimoine,3,2,correspondance_officielle_france_competences,officiel
RNCP38693,Lettres / Sciences du langage (fiche nationale),3,2,correspondance_officielle_france_competences,officiel
RNCP39280,Traduction et interprétation (fiche nationale),1,1,correspondance_officielle_france_competences,officiel
RNCP39479,Humanités (fiche nationale),1,1,correspondance_officielle_france_competences,officiel
RNCP39480,Sciences et Humanités (fiche nationale),1,1,correspondance_officielle_france_competences,officiel
RNCP40616,Philosophie (fiche nationale),1,1,correspondance_officielle_france_competences,officiel
RNCP42643,Analyste stratégique Data & IA,1,1,correspondance_officielle_france_competences,officiel
RNCP40322,Agronomie (fiche nationale),2,2,correspondance_officielle_france_competences,officiel
RNCP40979,Géographie et aménagement (fiche nationale),1,1,correspondance_officielle_france_competences,officiel
RNCP40986,Métiers de l'aménagement du territoire et de l'urbanisme (fiche nationale),1,1,correspondance_officielle_france_competences,officiel
RNCP41070,Métiers de la promotion des produits de santé (fiche nationale),5,1,correspondance_officielle_france_competences,officiel
RNCP41493,Responsable retail dans le luxe,7,2,correspondance_officielle_france_competences,officiel
RNCP41683,Responsable d'unité opérationnelle,5,1,correspondance_officielle_france_competences,officiel
RNCP36965,Edition,2,1,correspondance_officielle_france_competences,officiel
RNCP40793,Journalisme (Institut Pratique du Journalisme de l'université Paris Dauphine-PSL),2,1,correspondance_officielle_france_competences,officiel
RNCP38012,Designer en architecture d'intérieur,1,1,correspondance_officielle_france_competences,officiel
RNCP39558,Concepteur en modélisation des informations du bâtiment (« building information modeling ») en sciences et techniques pour l’architecture,1,1,correspondance_officielle_france_competences,officiel
RNCP40559,Dessinateur métreur en bâtiment,1,1,correspondance_officielle_france_competences,officiel
RNCP41006,"Sciences et Ingénierie, spécialité bâtiment et travaux publics",1,1,correspondance_officielle_france_competences,officiel
RNCP39694,Sociologie (fiche nationale),1,1,correspondance_officielle_france_competences,officiel
RNCP37270,Manager de programmes internationaux - humanitaire et développement,1,1,correspondance_officielle_france_competences,officiel
RNCP40175,Analyste en stratégie internationale,1,1,correspondance_officielle_france_competences,officiel
RNCP41691,Responsable d'atelier de réparation de produits électroniques,5,2,correspondance_officielle_france_competences,officiel
RNCP42625,Coordinateur opérationnel au sein des organisations éducatives scolaires et /ou de formation,1,1,correspondance_officielle_france_competences,officiel
RNCP38804,Mécanicien nautique ,1,1,correspondance_officielle_france_competences,officiel
RNCP39702,Brevet de mécanicien 750 kW,1,1,correspondance_officielle_france_competences,officiel
RNCP39820,Brevet de chef mécanicien 8 000 kW,1,1,correspondance_officielle_france_competences,officiel
RNCP39826,Certificat de marin qualifié machine,1,1,correspondance_officielle_france_competences,officiel
RNCP39840,CQP Mécanicien en réparation navale,1,1,correspondance_officielle_france_competences,officiel
RNCP40093,Electromécanicien marine,1,1,correspondance_officielle_france_competences,officiel
RNCP40191,Brevet de second polyvalent ,1,1,correspondance_officielle_france_competences,officiel
RNCP38700,STAPS : management du sport (fiche nationale),1,1,correspondance_officielle_france_competences,officiel
RNCP38159,Droit des affaires (fiche nationale),2,1,correspondance_officielle_france_competences,officiel
RNCP38165,Droit de l'environnement et de l'urbanisme (fiche nationale),2,1,correspondance_officielle_france_competences,officiel
RNCP38195,Droit de l'immobilier (fiche nationale),2,1,correspondance_officielle_france_competences,officiel
RNCP38196,Droit du patrimoine (fiche nationale),2,1,correspondance_officielle_france_competences,officiel
RNCP38596,Juriste,2,1,correspondance_officielle_france_competences,officiel
RNCP38978,Physique (fiche nationale),1,1,correspondance_officielle_france_competences,officiel
RNCP40615,Acoustique et vibrations (fiche nationale),1,1,correspondance_officielle_france_competences,officiel
RNCP37482,Ingénieur diplômé de l'ENSIL-ENSCI de l'Université de Limoges spécialité Systèmes d'Information (SI),14,2,correspondance_officielle_france_competences,officiel
RNCP38114,Architecte de Systèmes d'Information,15,2,correspondance_officielle_france_competences,officiel
RNCP40903,Manager en énergie,1,1,correspondance_officielle_france_competences,officiel
RNCP41137,CQP Coordonnateur Lean et amélioration continue,1,1,correspondance_officielle_france_competences,officiel
RNCP39101,Conseiller en gestion de patrimoine,4,3,correspondance_officielle_france_competences,officiel
RNCP41645,Conseiller multi-canal de clientèle particuliers en banque assurance,2,2,correspondance_officielle_france_competences,officiel
RNCP41716,Conseiller clientèle des particuliers et des professionnels en banque et assurance,2,2,correspondance_officielle_france_competences,officiel
RNCP42360,Gestion de patrimoine (fiche nationale),1,1,correspondance_officielle_france_competences,officiel
RNCP37487,Opérateur en appareillage orthopédique Spécialité podo-orthèse,1,1,correspondance_officielle_france_competences,officiel
RNCP40039,Podo-orthésiste,1,1,correspondance_officielle_france_competences,officiel
RNCP35844,Maintenance et Efficacité Energétique,1,1,correspondance_officielle_france_competences,officiel
RNCP37876,Monteur dépanneur frigoriste,1,1,correspondance_officielle_france_competences,officiel
RNCP38081,Technicien de maintenance d'équipements de confort climatique ,1,1,correspondance_officielle_france_competences,officiel
RNCP38726,Monteur en installations de génie climatique et sanitaire,1,1,correspondance_officielle_france_competences,officiel
RNCP38748,Technicien de maintenance CVC,1,1,correspondance_officielle_france_competences,officiel
RNCP42086,Technicien d'intervention en froid et équipements de cuisines professionnelles,1,1,correspondance_officielle_france_competences,officiel
RNCP42119,Métiers du Froid et des Energies Renouvelables,1,1,correspondance_officielle_france_competences,officiel
RNCP35465,Génie Mécanique et Productique : Management de process industriel,1,1,correspondance_officielle_france_competences,officiel
RNCP36332,Maintenance des installations oléohydrauliques et pneumatiques,1,1,correspondance_officielle_france_competences,officiel
RNCP36966,Motorisations toutes énergies ,2,2,correspondance_officielle_france_competences,officiel
RNCP37276,Electromécanicien de maintenance industrielle,1,1,correspondance_officielle_france_competences,officiel
RNCP38367,"Maintenance des véhicules (Option A : Voitures particulières, Option B : Véhicules de transport routier, Option C : Motocycles)",1,1,correspondance_officielle_france_competences,officiel
RNCP39210, Technicien en maintenance industrielle,1,1,correspondance_officielle_france_competences,officiel
RNCP39344,CQP Technicien en machines tournantes sous pression,1,1,correspondance_officielle_france_competences,officiel
RNCP39874,CQP Technicien de maintenance d’appareils de chauffage au gaz,1,1,correspondance_officielle_france_competences,officiel
RNCP41536,Technicien de maintenance industrielle,1,1,correspondance_officielle_france_competences,officiel
RNCP41580,Génie mécanique et productique : Chargé d'affaires industrielles,1,1,correspondance_officielle_france_competences,officiel
RNCP41679,CQP Agent de maintenance du secteur alimentaire,1,1,correspondance_officielle_france_competences,officiel
RNCP42059,CQP Mécanicien en machines tournantes sous pression,1,1,correspondance_officielle_france_competences,officiel
RNCP38298,Economie sociale et solidaire (fiche nationale),1,1,correspondance_officielle_france_competences,officiel
RNCP39004,Analyse et politique économique (fiche nationale),1,1,correspondance_officielle_france_competences,officiel
RNCP39735,Formateur accompagnateur en insertion professionnelle,1,1,correspondance_officielle_france_competences,officiel
RNCP37375,"Métiers de l’esthétique, de la cosmétique et de la parfumerie",2,1,correspondance_officielle_france_competences,officiel
RNCP38362,Management commercial opérationnel,3,2,correspondance_officielle_france_competences,officiel
RNCP41182,Diplôme en Gestion du Luxe,3,2,correspondance_officielle_france_competences,officiel
RNCP38280,Visuel merchandiser,1,1,correspondance_officielle_france_competences,officiel
RNCP39401,Visuel merchandiser retail,1,1,correspondance_officielle_france_competences,officiel
RNCP39410,Technicien spécialisé en exploitation pétrolière,4,1,correspondance_officielle_france_competences,officiel
RNCP40099,Métiers de la gestion et de la comptabilité : comptabilité et gestion des entités agricoles (fiche nationale),5,2,correspondance_officielle_france_competences,officiel
RNCP40289,Métiers de la gestion et de la comptabilité : responsable de portefeuille clients en cabinet d'expertise (fiche nationale),5,2,correspondance_officielle_france_competences,officiel
RNCP35358,Techniques de commercialisation : Stratégie de marque et événementiel,1,1,correspondance_officielle_france_competences,officiel
RNCP35800,Commerce international ,1,1,correspondance_officielle_france_competences,officiel
RNCP40607,Business developer en hautes technologies,1,1,correspondance_officielle_france_competences,officiel
RNCP35485,Génie Civil – Construction Durable : Bureau d’Etudes  Conception,1,1,correspondance_officielle_france_competences,officiel
RNCP40188,Spécialiste en ingénierie de la maintenance infrastructure et BTP,1,1,correspondance_officielle_france_competences,officiel
RNCP41575,Génie civil - Construction durable : Travaux publics,1,1,correspondance_officielle_france_competences,officiel
RNCP37908,Boulanger-pâtissier,1,1,correspondance_officielle_france_competences,officiel
RNCP39271,Programme Grande Ecole,1,1,correspondance_officielle_france_competences,officiel
RNCP40610,Auditeur et contrôleur de gestion,1,1,correspondance_officielle_france_competences,officiel
RNCP42682,Diplôme d'études supérieures spécialisées en management par l'innovation,1,1,correspondance_officielle_france_competences,officiel
RNCP40698,Chargé d'études de réseaux de télécommunications,1,1,correspondance_officielle_france_competences,officiel
RNCP39112,Expert en ingénierie patrimoniale,1,1,correspondance_officielle_france_competences,officiel
RNCP39579,Manager international en marketing du luxe,13,2,correspondance_officielle_france_competences,officiel
RNCP40641,Manager de l'innovation (MS),27,3,correspondance_officielle_france_competences,officiel
RNCP42671,Diplôme d’études supérieures de management stratégique d’activités internationales ,14,3,correspondance_officielle_france_competences,officiel
RNCP35401,Science des données : exploration et modélisation statistique,288,5,correspondance_officielle_france_competences,officiel
RNCP35476,Informatique : Déploiement d'applications communicantes et sécurisées,296,4,correspondance_officielle_france_competences,officiel
RNCP37394,"Ingénieur de l'école nationale supérieure d'ingénieurs du Mans de l'université du Mans, spécialité informatique",292,4,correspondance_officielle_france_competences,officiel
RNCP37485,"Ingénieur diplômé de l'Université de technologie de Troyes, spécialité Informatique et Systèmes d'Information",301,5,correspondance_officielle_france_competences,officiel
RNCP37728,"Ingénieur diplômé de l'Ecole nationale supérieure des ingénieurs en arts chimiques et technologiques de l'Institut national polytechnique de Toulouse, spécialité génie industriel",252,2,correspondance_officielle_france_competences,officiel
RNCP37880,"Ingénieur diplômé de l’Ecole Polytechnique Universitaire de l’Institut polytechnique de Grenoble (UGA), spécialité Technologies de l’information pour la santé",290,3,correspondance_officielle_france_competences,officiel
RNCP38222,"Ingénieur diplômé de l'institut national des sciences appliquées de Strasbourg, spécialité topographie",265,2,correspondance_officielle_france_competences,officiel
RNCP38426,"Ingénieur diplômé de l’Ecole Nationale Supérieure d’Ingénieurs Sud-Alsace de l’Université de Mulhouse, spécialité Informatique et Réseaux",301,5,correspondance_officielle_france_competences,officiel
RNCP38592,Consultant fonctionnel PLM,251,1,correspondance_officielle_france_competences,officiel
RNCP38606,Développeur full stack,287,3,correspondance_officielle_france_competences,officiel
RNCP38905,Manager de projets informatiques,253,2,correspondance_officielle_france_competences,officiel
RNCP38906,Architecte internet des objets,290,3,correspondance_officielle_france_competences,officiel
RNCP38920,Expert des systèmes connectés (IoT),290,3,correspondance_officielle_france_competences,officiel
RNCP39217,Expert en digitalisation et exploitation des bâtiments,251,1,correspondance_officielle_france_competences,officiel
RNCP39308,"Ingénieur diplômé du Conservatoire national des arts et métiers, spécialité Informatique et cybersécurité",300,5,correspondance_officielle_france_competences,officiel
RNCP39376,Manager de projet intelligence artificielle,279,3,correspondance_officielle_france_competences,officiel
RNCP39490,Méthodes informatiques appliquées à la gestion des entreprises - MIAGE (fiche nationale),301,5,correspondance_officielle_france_competences,officiel
RNCP39495,Cybersécurité (fiche nationale),309,5,correspondance_officielle_france_competences,officiel
RNCP39582,Expert en architecture des systèmes d’information ,275,4,correspondance_officielle_france_competences,officiel
RNCP40168,Directeur de projets informatiques,292,4,correspondance_officielle_france_competences,officiel
RNCP40203,Ingénieur diplômé de l'école nationale supérieure de cognitique de l’institut polytechnique de Bordeaux,290,3,correspondance_officielle_france_competences,officiel
RNCP40219," Ingénieur diplômé de l’École nationale supérieure d’ ingénieurs de Caen, spécialité Informatique",279,3,correspondance_officielle_france_competences,officiel
RNCP40421,"Ingénieur diplômé de Télécom Nancy de l'université de Lorraine, spécialité cybersécurité",293,5,correspondance_officielle_france_competences,officiel
RNCP40513,Sciences et Ingénierie - Informatique pour la Santé,288,4,correspondance_officielle_france_competences,officiel
RNCP40554,Architecte Internet des objets (IoT),304,4,correspondance_officielle_france_competences,officiel
RNCP40593,Product builder no code,277,2,correspondance_officielle_france_competences,officiel
RNCP40612,"Ingénieur diplômé du CESI, spécialité informatique",293,5,correspondance_officielle_france_competences,officiel
RNCP40817,"Ingénieur diplômé de l'Institut national des sciences appliquées Hauts-de-France, spécialité Informatique et Cybersécurité ",302,5,correspondance_officielle_france_competences,officiel
RNCP40824,"ingénieur diplômé de CentraleSupélec, spécialité Informatique",292,4,correspondance_officielle_france_competences,officiel
RNCP41129,Expert en ingénierie des systèmes d'information,292,4,correspondance_officielle_france_competences,officiel
RNCP41154,Ingénieur diplômé de Télécom SudParis de l'Institut Mines-Télécom (Institut Polytechnique de Paris),293,5,correspondance_officielle_france_competences,officiel
RNCP41165,"Ingénieur diplômé de CentraleSupélec, spécialité Cybersécurité",309,5,correspondance_officielle_france_competences,officiel
RNCP41166,Ingénieur diplômé de Télécom Nancy de l'université de Lorraine,293,5,correspondance_officielle_france_competences,officiel
RNCP41248,Ingénieur diplômé de l’Ecole d’Ingénieurs du Littoral Côte d’Opale de l'Université du Littoral Côte d'Opale spécialité Informatique,306,5,correspondance_officielle_france_competences,officiel
RNCP41494,Manager transports et logistique,251,1,correspondance_officielle_france_competences,officiel
RNCP41587,Informatique : Intégration d'applications et management du système d'information,277,2,correspondance_officielle_france_competences,officiel
RNCP41611,Réseaux & télécommunications : Cybersécurité,284,5,correspondance_officielle_france_competences,officiel
RNCP41705,Product builder no-code,277,2,correspondance_officielle_france_competences,officiel
RNCP41724,Architecte blockchain,290,3,correspondance_officielle_france_competences,officiel
RNCP41877,Consultant en systèmes d'information (MS),253,2,correspondance_officielle_france_competences,officiel
RNCP42082,Expert en cybersécurité industrielle,309,5,correspondance_officielle_france_competences,officiel
RNCP42097,"Ingénieur diplômé de l'Institut supérieur d'informatique, de modélisation et de leurs applications de l'institut national polytechnique Clermont Auvergne",309,5,correspondance_officielle_france_competences,officiel
RNCP42173,Product builder no code low code,277,2,correspondance_officielle_france_competences,officiel
RNCP42345,Expert cybersécurité,266,3,correspondance_officielle_france_competences,officiel
RNCP42382,"Ingénieur diplômé de l'école nationale supérieure d’électronique, informatique, télécommunications, mathématique et mécanique de Bordeaux de l’institut polytechnique de Bordeaux, spécialité réseaux et informatique",301,5,correspondance_officielle_france_competences,officiel
RNCP42418,"Ingénieur de l'école nationale supérieure d'ingénieurs du Mans de l'université du Mans, spécialité informatique",292,4,correspondance_officielle_france_competences,officiel
RNCP42520,Expert DevOps,300,4,correspondance_officielle_france_competences,officiel
RNCP42594,"Ingénieur diplômé du Conservatoire national des arts et métiers, spécialité Informatique ",280,4,correspondance_officielle_france_competences,officiel
RNCP37583,Diplômes d’études spécialisées vétérinaires spécialité ophtalmologie,17,2,correspondance_officielle_france_competences,officiel
RNCP37934,Ingénieur diplômé de l’Ecole supérieure de biologie-biochimie-biotechnologie spécialité Biotechnologie,20,4,correspondance_officielle_france_competences,officiel
RNCP38408,Ingénieur diplômé de l'Institut Supérieur des Biotechnologies de Paris,20,4,correspondance_officielle_france_competences,officiel
RNCP38702,"Chimie des arômes, parfums, cosmétiques (fiche nationale)",18,3,correspondance_officielle_france_competences,officiel
RNCP38963,Bio-géosciences (fiche nationale),4,2,correspondance_officielle_france_competences,officiel
RNCP38969,Microbiologie (fiche nationale),17,2,correspondance_officielle_france_competences,officiel
RNCP39487,"Ingénieur diplômé de l’École polytechnique universitaire de l’université Lyon-I, spécialité Mathématiques appliquées",46,5,correspondance_officielle_france_competences,officiel
RNCP39496,"Agrosciences, environnement, territoires, paysage, forêt (fiche nationale)",3,1,correspondance_officielle_france_competences,officiel
RNCP40617,"Epistémologie, histoire des sciences et des techniques (fiche nationale)",4,2,correspondance_officielle_france_competences,officiel
RNCP40733,"Ingénieur diplômé de l’école supérieure d'ingénieurs en innovation technologique (ESITech) de l’université de Rouen, spécialité génie biologique",20,4,correspondance_officielle_france_competences,officiel
RNCP40779,"Ingénieur diplômé de l’Institut Agro Montpellier de l’institut national d’enseignement supérieur pour l’agriculture, l’alimentation et l’environnement (Institut Agro), spécialité agronomie et agroalimentaire",18,3,correspondance_officielle_france_competences,officiel
RNCP41371,"Ingénieur diplômé de CentraleSupélec, spécialité Génie Physique",17,2,correspondance_officielle_france_competences,officiel
RNCP42218,Eco-épidémiologie (fiche nationale),18,3,correspondance_officielle_france_competences,officiel
RNCP42704,"Ingénieur diplômé de l'institut national des sciences appliquées de Toulouse, spécialité génie physique",17,2,correspondance_officielle_france_competences,officiel
RNCP42741,"Ingénieur diplômé de CY Tech de CY Cergy Paris Université, spécialité Génie civil",3,1,correspondance_officielle_france_competences,officiel
RNCP37788,"Ingénieur diplômé de l'université de technologie de Troyes, spécialité Matériaux",25,4,correspondance_officielle_france_competences,officiel
RNCP40541,Ingénieur diplômé de l'Ecole Nationale Supérieure des Arts et Industries textiles,24,4,correspondance_officielle_france_competences,officiel
RNCP40716,Activités juridiques : marchés publics - métiers de l'achat public (fiche nationale),1,1,correspondance_officielle_france_competences,officiel
RNCP35991,Comptabilité - contrôle - audit (fiche nationale),7,3,correspondance_officielle_france_competences,officiel
RNCP36105,Master intégré franco-allemand en management (fiche nationale),11,4,correspondance_officielle_france_competences,officiel
RNCP36735,Expert en audit interne et contrôle de gestion (MS),4,2,correspondance_officielle_france_competences,officiel
RNCP37830,Expert financier et administratif,7,3,correspondance_officielle_france_competences,officiel
RNCP39545,"Diplôme supérieur en marketing, commerce et gestion",9,4,correspondance_officielle_france_competences,officiel
RNCP40177,Expert en Stratégie Financière,15,2,correspondance_officielle_france_competences,officiel
RNCP40368,Manager financier,19,4,correspondance_officielle_france_competences,officiel
RNCP41056,Diplôme d'Etudes Spécialisées en Management International (DESMI),18,3,correspondance_officielle_france_competences,officiel
RNCP41194,"Diplôme Supérieur en Marketing, Commerce et Gestion",7,3,correspondance_officielle_france_competences,officiel
RNCP41469,Expert du contrôle financier,4,2,correspondance_officielle_france_competences,officiel
RNCP42261,Diplôme d'études supérieures en développement international et entrepreneuriat,7,3,correspondance_officielle_france_competences,officiel
RNCP42362,Gestion (fiche nationale),8,3,correspondance_officielle_france_competences,officiel
RNCP42387,Diplôme d’études supérieures de management international,6,2,correspondance_officielle_france_competences,officiel
RNCP42680,"Diplôme supérieur en marketing, commerce et gestion ",7,3,correspondance_officielle_france_competences,officiel
RNCP37310,Boucher,1,1,correspondance_officielle_france_competences,officiel
RNCP41939,Fabrication traiteur ,1,1,correspondance_officielle_france_competences,officiel
RNCP42129,Boucher,1,1,correspondance_officielle_france_competences,officiel
RNCP42644,Sommelier conseil caviste,1,1,correspondance_officielle_france_competences,officiel
RNCP40107,Métiers de la gestion et de la comptabilité : comptabilité et paie (fiche nationale),10,4,correspondance_officielle_france_competences,officiel
RNCP41549,Carrières juridiques : Entreprise et association,10,3,correspondance_officielle_france_competences,officiel
RNCP41561,Gestion administrative et commerciale des organisations : Management des fonctions supports,5,2,correspondance_officielle_france_competences,officiel
RNCP41684,Chargé des ressources humaines,8,3,correspondance_officielle_france_competences,officiel
RNCP38201,Administration et liquidation d'entreprises en difficulté (fiche nationale),4,3,correspondance_officielle_france_competences,officiel
RNCP39879,Manager des institutions et des affaires publiques,2,2,correspondance_officielle_france_competences,officiel
RNCP40803,Activités juridiques : métiers du droit des transports (fiche nationale),1,1,correspondance_officielle_france_competences,officiel
RNCP35475,"Informatique : Réalisation d'applications : conception, développement, validation",39,2,correspondance_officielle_france_competences,officiel
RNCP35517,Services numériques aux organisations,27,2,correspondance_officielle_france_competences,officiel
RNCP35568,"Ingénieur diplômé de l'École supérieure angevine d'informatique et de productique, spécialité informatique et réseaux",50,4,correspondance_officielle_france_competences,officiel
RNCP38211,"Ingénieur diplômé de l'école polytechnique universitaire d'Université Côte d’Azur, spécialité Electronique et systèmes embarqués",42,3,correspondance_officielle_france_competences,officiel
RNCP38425," Ingénieur diplômé de l’Ecole Nationale Supérieure d’Ingénieurs Sud-Alsace de l’Université de Mulhouse, spécialité Automatique et Systèmes Embarqués",41,3,correspondance_officielle_france_competences,officiel
RNCP39009,Économie appliquée (fiche nationale),28,3,correspondance_officielle_france_competences,officiel
RNCP39088,Testeur logiciels,26,1,correspondance_officielle_france_competences,officiel
RNCP39115,"Chef de projet systèmes, réseaux et sécurité",37,3,correspondance_officielle_france_competences,officiel
RNCP39737,Concepteur développeur d'applications no code ,26,1,correspondance_officielle_france_competences,officiel
RNCP40102,Métiers de l'informatique : administration et sécurité des systèmes et des réseaux (fiche nationale),49,4,correspondance_officielle_france_competences,officiel
RNCP40339,"Cartographie, topographie et systèmes d'information géographique (fiche nationale) ",26,1,correspondance_officielle_france_competences,officiel
RNCP40419,"Ingénieur diplômé de l'Ecole Nationale Supérieure des Mines de Saint-Etienne de l'institut Mines-Telecom, spécialité Systèmes Electroniques Embarqués",42,4,correspondance_officielle_france_competences,officiel
RNCP40521,"Ingénieur diplômé de l'école Polytechnique universitaire de l'Université de Lille, spécialité Systèmes embarqués et génie électrique",41,3,correspondance_officielle_france_competences,officiel
RNCP40739,Sciences et ingénierie – Ingénierie du numérique,40,3,correspondance_officielle_france_competences,officiel
RNCP40943,"Ingénieur diplômé de l'Université de Technologie de Compiègne, spécialité Informatique",50,4,correspondance_officielle_france_competences,officiel
RNCP40968,"Ingénieur diplômé de l’école polytechnique universitaire de l’institut national polytechnique Clermont Auvergne, spécialité mathématiques appliquées (Université Clermont Auvergne)",41,3,correspondance_officielle_france_competences,officiel
RNCP41002,Sciences et ingénierie -  Systèmes numériques pour le multimédia,26,1,correspondance_officielle_france_competences,officiel
RNCP41068,Métiers de l'intelligence artificielle : outils et méthodes (fiche nationale),26,1,correspondance_officielle_france_competences,officiel
RNCP41090,Développeur multimédia,26,1,correspondance_officielle_france_competences,officiel
RNCP41123,Expert en transformation digitale et technologique no code,26,1,correspondance_officielle_france_competences,officiel
RNCP41147,"Ingénieur diplômé de l’institut national des sciences appliquées de Rouen, spécialité Mathématiques appliquées",66,5,correspondance_officielle_france_competences,officiel
RNCP41274,Ingénieur diplômé de Télécom Paris de l'Institut Mines-Télécom,54,4,correspondance_officielle_france_competences,officiel
RNCP41463,Concepteur développeur web (BADGE CGE),26,1,correspondance_officielle_france_competences,officiel
RNCP41577,Génie électrique et informatique industrielle : Automatisme et informatique industrielle,30,3,correspondance_officielle_france_competences,officiel
RNCP41887,Testeur logiciels,26,1,correspondance_officielle_france_competences,officiel
RNCP42023,Ingénieur diplômé d'ISART Digital,55,4,correspondance_officielle_france_competences,officiel
RNCP42179,Product builder no code,26,1,correspondance_officielle_france_competences,officiel
RNCP42200,Product builder no code,26,1,correspondance_officielle_france_competences,officiel
RNCP42302,Sciences et Ingénierie - Informatique et systèmes numériques,59,5,correspondance_officielle_france_competences,officiel
RNCP42324,Expert en solutions et transformation no code/low code,28,2,correspondance_officielle_france_competences,officiel
RNCP42444,"Ingénieur diplômé du Conservatoire national des arts et métiers, spécialité Agro-industries et systèmes numériques",28,3,correspondance_officielle_france_competences,officiel
RNCP42460,"Ingénieur diplômé de l'institut national des sciences appliquées de Rouen, spécialité informatique industrielle",42,3,correspondance_officielle_france_competences,officiel
RNCP42535,"Ingénieur diplômé de l’Ecole polytechnique universitaire de l’Institut polytechnique de Grenoble, spécialité Informatique et électronique",42,3,correspondance_officielle_france_competences,officiel
RNCP42627,Chef de projet digital,33,2,correspondance_officielle_france_competences,officiel
RNCP42652,Data analyst,27,2,correspondance_officielle_france_competences,officiel
RNCP35783,"Ingénieur de l'école nationale supérieure des sciences appliquées et de technologie, spécialité Systèmes Numériques",18,4,correspondance_officielle_france_competences,officiel
RNCP36344,Ingénieur diplômé de l’Institut Supérieur d’Etudes Logistiques de l’Université du Havre  Spécialité Mécanique et Production,15,2,correspondance_officielle_france_competences,officiel
RNCP36417,"Ingénieur diplômé de l'École nationale supérieure de chimie, de biologie et de physique, de l'Institut polytechnique de Bordeaux (ENSCBP - Bordeaux INP) spécialité Chimie et Génie physique",17,3,correspondance_officielle_france_competences,officiel
RNCP36423,"Ingénieur de l'École nationale supérieure de chimie, de biologie et de physique, de l'Institut polytechnique de Bordeaux (ENSCBP - Bordeaux INP) spécialité Matériaux composites et Mécanique",17,3,correspondance_officielle_france_competences,officiel
RNCP36730,Technicien supérieur en pharmacie et cosmétique industrielles,14,1,correspondance_officielle_france_competences,officiel
RNCP37885,Diplôme d'Etudes Supérieures de Gestion,28,3,correspondance_officielle_france_competences,officiel
RNCP38059,Ingénieur diplômé de l'École supérieure de biotechnologie de Strasbourg de l'Université de Strasbourg,15,2,correspondance_officielle_france_competences,officiel
RNCP38124,Manager de projets techniques caoutchouc,15,2,correspondance_officielle_france_competences,officiel
RNCP38324,"Ingénieur diplômé de l'école polytechnique universitaire de l'Université Côte d’Azur, spécialité Génie de l'eau et de l'aménagement",15,2,correspondance_officielle_france_competences,officiel
RNCP38375,"Ingénieur diplômé de l’école d’ingénieur Paoli Tech de l’Université de Corse, spécialité Energétique",17,3,correspondance_officielle_france_competences,officiel
RNCP38376,"Ingénieur diplômé de l'Ecole nationale supérieure des ingénieurs en arts chimiques et technologiques de l'Institut national polytechnique de Toulouse, spécialité matériaux",17,3,correspondance_officielle_france_competences,officiel
RNCP38412,Ingénieur diplômé de l'Institut supérieur de l'électronique et du numérique Yncréa Méditerranée,30,4,correspondance_officielle_france_competences,officiel
RNCP38420,Ingénieur diplômé de l’école européenne d’ingénieurs en génie des matériaux de l’université de Lorraine,24,4,correspondance_officielle_france_competences,officiel
RNCP38539,"Ingénieur diplômé de l'École européenne de chimie, polymères et matériaux de Strasbourg de l’Université de Strasbourg",24,4,correspondance_officielle_france_competences,officiel
RNCP38638,"Ingénieur diplômé de l'Institut national des sciences appliquées de Strasbourg, spécialité génie civil",14,1,correspondance_officielle_france_competences,officiel
RNCP38641,"Ingénieur diplômé de l'Université de Strasbourg, spécialité chimie-biotechnologies",24,4,correspondance_officielle_france_competences,officiel
RNCP38670,Designer Industriel,14,1,correspondance_officielle_france_competences,officiel
RNCP38675," Ingénieur diplômé de l’école polytechnique universitaire de Savoie de l'université de Chambéry, spécialité écologie industrielle",14,1,correspondance_officielle_france_competences,officiel
RNCP38682,Mécanique (fiche nationale),17,3,correspondance_officielle_france_competences,officiel
RNCP38687," Electronique, énergie électrique, automatique (fiche nationale)",18,4,correspondance_officielle_france_competences,officiel
RNCP38707,Sciences de la matière (fiche nationale),15,2,correspondance_officielle_france_competences,officiel
RNCP38734," Sciences et ingénierie, spécialité chimie et génie industriel",17,3,correspondance_officielle_france_competences,officiel
RNCP38957,"Ingénieur diplômé de l'Institut supérieur de l'aéronautique et de l'espace, spécialité génie industriel",17,3,correspondance_officielle_france_competences,officiel
RNCP38985,Sciences du médicament et des produits santé (fiche nationale),16,2,correspondance_officielle_france_competences,officiel
RNCP38997,Réseaux et télécommunication (fiche nationale),39,5,correspondance_officielle_france_competences,officiel
RNCP39003,Traitement du signal et des images (fiche nationale),30,4,correspondance_officielle_france_competences,officiel
RNCP39028,Ingénieur diplômé de l'ESIGELEC,30,4,correspondance_officielle_france_competences,officiel
RNCP39058,"Ingénieur diplômé du Conservatoire national des arts et métiers, spécialité Matériaux",17,3,correspondance_officielle_france_competences,officiel
RNCP39169,"Ingénieur diplômé de l’École nationale supérieure d’arts et métiers, spécialité Génie électrique",16,2,correspondance_officielle_france_competences,officiel
RNCP39450,"Titre ingénieur - Ingénieur diplômé de l’école polytechnique universitaire de l'université Côte d'Azur, spécialité Génie Biologique",17,2,correspondance_officielle_france_competences,officiel
RNCP39540,"Ingénieur diplômé du Conservatoire national des arts et métiers, spécialité Automatique et robotique",14,1,correspondance_officielle_france_competences,officiel
RNCP39700,"Sciences de la Terre et des planètes, environnement (fiche nationale)",14,1,correspondance_officielle_france_competences,officiel
RNCP39725,Expert en énergies renouvelables (MS),16,2,correspondance_officielle_france_competences,officiel
RNCP39791,"Ingénieur diplômé de l’Ecole Polytechnique Universitaire de l’Université Lyon-I, spécialité Génie Biomédical",21,2,correspondance_officielle_france_competences,officiel
RNCP39904,"Ingénieur diplômé de l'Ecole d'ingénieurs Denis-Diderot de l'Université Paris Cité, spécialité Génie Physique",16,2,correspondance_officielle_france_competences,officiel
RNCP39921,"Ingénieur diplômé de l'École nationale supérieure de l'énergie, l'eau et l'environnement de l'Institut polytechnique de Grenoble (Université Grenoble Alpes)",16,2,correspondance_officielle_france_competences,officiel
RNCP40016, Ingénieur diplômé de l’Ecole nationale supérieure de génie industriel de l’Institut polytechnique de Grenoble (Université Grenoble Alpes),17,3,correspondance_officielle_france_competences,officiel
RNCP40130,"Ingénieur diplômé de l’école nationale supérieure d’ingénieurs de Reims de l’université de Reims, spécialité emballage et conditionnement",16,2,correspondance_officielle_france_competences,officiel
RNCP40223,"Ingénieur diplômé de l’École nationale supérieure d’ ingénieurs de Caen, spécialité Matériaux-Chimie",17,3,correspondance_officielle_france_competences,officiel
RNCP40519,"Ingénieur diplômé de l'Ecole polytechnique universitaire de Lille de l'Université de Lille, spécialité Géomatique et Génie Urbain",14,1,correspondance_officielle_france_competences,officiel
RNCP40532,Ingénieur diplômé de l’Ecole supérieure des Techniques Aéronautiques et de Construction Automobile spécialité Génie Industriel pour l’aéronautique et l’espace,15,2,correspondance_officielle_france_competences,officiel
RNCP40537,"Ingénieur diplômé d’ECAM LaSalle, spécialité énergétique",18,4,correspondance_officielle_france_competences,officiel
RNCP40701,Ingénieur diplômé du CESI,17,3,correspondance_officielle_france_competences,officiel
RNCP40758,"Ingénieur diplômé de l'Ecole Polytechnique Universitaire de l'Université de Montpellier, spécialité Mécanique",17,3,correspondance_officielle_france_competences,officiel
RNCP40773,"Ingénieur diplômé de l'école polytechnique universitaire de l'Université de Nantes, spécialité Génie Electrique et Energétique",14,1,correspondance_officielle_france_competences,officiel
RNCP40781,Ingénieur diplômé de l’École supérieure d'ingénieurs Léonard de Vinci,30,4,correspondance_officielle_france_competences,officiel
RNCP40885,Chargé de process numériques  en production plasturgie,17,3,correspondance_officielle_france_competences,officiel
RNCP40949,"Ingénieur spécialisé en Energie et motorisation, diplômé de l'Ecole nationale supérieure du pétrole et des moteurs",17,3,correspondance_officielle_france_competences,officiel
RNCP40954,"Ingénieur diplômé de l'Ecole polytechnique universitaire de l'Université Paris-Saclay, spécialité Matériaux",17,3,correspondance_officielle_france_competences,officiel
RNCP40974,"ingénieur diplômé de l'Institut national des sciences appliquées de Lyon, spécialité matériaux",16,2,correspondance_officielle_france_competences,officiel
RNCP41019,"Ingénieur diplômé de l’Institut supérieur de mécanique de Paris, spécialité Génie industriel",17,3,correspondance_officielle_france_competences,officiel
RNCP41130,Architecte - Manager en ingénierie système (MS),14,1,correspondance_officielle_france_competences,officiel
RNCP41160,Ingénieur diplômé de l'école nationale supérieure de techniques avancées (Institut polytechnique de Paris),15,2,correspondance_officielle_france_competences,officiel
RNCP41180,"Sciences et Ingénierie - Sciences, Technologies de l'information et Humanités",14,1,correspondance_officielle_france_competences,officiel
RNCP41252,Ingénieur diplômé de l'Ecole d'Ingénieurs de Purpan,24,4,correspondance_officielle_france_competences,officiel
RNCP41281,Ingénieur diplômé de l'institut national des sciences appliquées de Rennes - spécialité génie civil et urbain,14,1,correspondance_officielle_france_competences,officiel
RNCP41333,Manager de l'innovation technologique (MS),21,2,correspondance_officielle_france_competences,officiel
RNCP41427,CQP Chargé d'études de conception,15,2,correspondance_officielle_france_competences,officiel
RNCP41559,Chimie : Synthèse,15,2,correspondance_officielle_france_competences,officiel
RNCP41582,Génie mécanique et productique : Innovation pour l'industrie,15,2,correspondance_officielle_france_competences,officiel
RNCP41700,Designer produit et innovation,14,1,correspondance_officielle_france_competences,officiel
RNCP41865,Ingénierie des systèmes électroniques de la sécurité aérienne,14,1,correspondance_officielle_france_competences,officiel
RNCP41918,"Ingénieur diplômé de l'École polytechnique universitaire de Montpellier, spécialité Matériaux",16,2,correspondance_officielle_france_competences,officiel
RNCP41921,"Ingénieur diplômé de l'Ecole polytechnique universitaire de Montpellier, spécialité Génie biologique et agroalimentaire",17,3,correspondance_officielle_france_competences,officiel
RNCP42072,Expert en digitalisation et exploitation des bâtiments,14,1,correspondance_officielle_france_competences,officiel
RNCP42235,"Ingénieur diplômé de l’Ecole Polytechnique Universitaire de l’Université Lyon-I, spécialité mécanique",17,3,correspondance_officielle_france_competences,officiel
RNCP42293,"Ingénieur diplômé de l’école polytechnique universitaire de l’institut national polytechnique Clermont Auvergne, spécialité génie physique",17,3,correspondance_officielle_france_competences,officiel
RNCP42331,Expert en systèmes énergétiques innovants (MS) ,15,2,correspondance_officielle_france_competences,officiel
RNCP42377,"Ingénieur diplômé de l’école d'ingénieurs ENSIL- ENSCI de l'université de Limoges, spécialité génie de l’eau et environnement",16,2,correspondance_officielle_france_competences,officiel
RNCP42451,"Ingénieur diplômé de l’École nationale supérieure d'arts et métiers, spécialité mécanique et robotique",18,3,correspondance_officielle_france_competences,officiel
RNCP42543,"Ingénieur diplômé de l’école nationale supérieure d’ingénieurs de Reims de l’université de Reims, spécialité emballage et conditionnement",16,2,correspondance_officielle_france_competences,officiel
RNCP42562,"Ingénieur diplômé de l’Université de Perpignan, spécialité énergétique",16,2,correspondance_officielle_france_competences,officiel
RNCP42685,Sciences et ingénierie - Systèmes numériques,17,3,correspondance_officielle_france_competences,officiel
RNCP42721,"Ingénieur diplômé de l’École d’ingénieurs SIGMA Clermont de l’Institut National Polytechnique Clermont Auvergne, spécialité chimie",16,2,correspondance_officielle_france_competences,officiel
RNCP42732,"Ingénieur diplômé de l’école polytechnique universitaire de l'université d'Orléans, spécialité Systèmes d'information pour le bâtiment",34,3,correspondance_officielle_france_competences,officiel
RNCP42737,Ingénieur diplômé de l’École nationale supérieure de mécanique et des microtechniques spécialité Mécanique,17,3,correspondance_officielle_france_competences,officiel
RNCP42753,"Ingénieur diplômé de l’Ecole supérieure d’ingénieurs en agroalimentaire de Bretagne Atlantique de Bretagne INP, spécialité microbiologie et sécurité sanitaire",15,2,correspondance_officielle_france_competences,officiel
RNCP37197,Industries céramiques,2,1,correspondance_officielle_france_competences,officiel
RNCP40277,Gestionnaire de la fonction linge,2,1,correspondance_officielle_france_competences,officiel
RNCP42230,"Ingénieur diplômé de l'Institut national des sciences appliquées de Lyon, spécialité génie industriel",3,2,correspondance_officielle_france_competences,officiel
RNCP42299,Sciences et ingénierie – Plasturgie et écologie industrielle,3,2,correspondance_officielle_france_competences,officiel
RNCP38338,Administrateur réseaux et télécommunications,9,1,correspondance_officielle_france_competences,officiel
RNCP38779,Manager en infrastructures et cybersécurité des systèmes d’information,35,5,correspondance_officielle_france_competences,officiel
RNCP39423,Diplôme en innovation et entrepreneuriat,9,1,correspondance_officielle_france_competences,officiel
RNCP39611,"Administrateur systèmes, réseaux et cybersécurité",22,2,correspondance_officielle_france_competences,officiel
RNCP40982,Géomatique (fiche nationale),20,3,correspondance_officielle_france_competences,officiel
RNCP42164,Architecte des systèmes d'information (MS),24,3,correspondance_officielle_france_competences,officiel
RNCP39842,Chargé de projets de formation et d'enseignement,4,2,correspondance_officielle_france_competences,officiel
RNCP41201, Diplôme en Gestion et stratégies globales des entreprise,6,2,correspondance_officielle_france_competences,officiel
RNCP42346,Manager logistique achats industrie,3,1,correspondance_officielle_france_competences,officiel
RNCP36168,Technicien supérieur en fabrication additive,2,2,correspondance_officielle_france_competences,officiel
RNCP38980,Sciences pour l'ingénieur (fiche nationale),2,2,correspondance_officielle_france_competences,officiel
RNCP41007,Electrotechnique,2,2,correspondance_officielle_france_competences,officiel
RNCP39018,Economie et gestion (fiche nationale),14,3,correspondance_officielle_france_competences,officiel
RNCP42144,Instructeur du droit des sols,1,1,correspondance_officielle_france_competences,officiel
RNCP38192,Investigateur en criminalité financière,24,2,correspondance_officielle_france_competences,officiel
RNCP38925,Manager des risques (MS),13,2,correspondance_officielle_france_competences,officiel
RNCP39110,Analyste financier international,12,1,correspondance_officielle_france_competences,officiel
RNCP39482,Diplôme d'études supérieures spécialisées en management international,15,2,correspondance_officielle_france_competences,officiel
RNCP41040,Programme Grande Ecole EDHEC,12,1,correspondance_officielle_france_competences,officiel
RNCP41046,Programme Grande Ecole,16,3,correspondance_officielle_france_competences,officiel
RNCP41882,Expert en finance d'entreprise,15,2,correspondance_officielle_france_competences,officiel
RNCP42358,Finance (fiche nationale),25,3,correspondance_officielle_france_competences,officiel
RNCP38600,Concepteur-réalisateur de creative media et entertainment options film d'animation 3D et VFX ou  game art,3,1,correspondance_officielle_france_competences,officiel
RNCP38926,Opérateur de prise de vue,3,1,correspondance_officielle_france_competences,officiel
RNCP39749,Adjoint à la réalisation d'oeuvres cinématographiques ou audiovisuelles,3,1,correspondance_officielle_france_competences,officiel
RNCP40926,"Concepteur - Réalisateur audiovisuel et cinématographique, option production, option image, option post-production",3,1,correspondance_officielle_france_competences,officiel
RNCP41642,Technicien polyvalent du spectacle vivant et de l'événementiel ,3,1,correspondance_officielle_france_competences,officiel
RNCP41860,Sciences et culture du visuel (fiche  nationale),3,1,correspondance_officielle_france_competences,officiel
RNCP39628,Conseiller en assurance,2,2,correspondance_officielle_france_competences,officiel
RNCP42465,Manager des risques et des assurances de l'entreprise,1,1,correspondance_officielle_france_competences,officiel
RNCP37115,Conception et réalisation de systèmes automatiques,5,3,correspondance_officielle_france_competences,officiel
RNCP38713,Technicien supérieur en automatique et informatique industrielle,3,1,correspondance_officielle_france_competences,officiel
RNCP39349,Concepteur de systèmes automatisés et interfaces associées,3,1,correspondance_officielle_france_competences,officiel
RNCP40121,Domotique (fiche nationale),5,3,correspondance_officielle_france_competences,officiel
RNCP40333,"Métiers de l'industrie : mécatronique, robotique (fiche nationale)",5,3,correspondance_officielle_france_competences,officiel
RNCP36189,Chargé d'évaluation en recrutement,4,2,correspondance_officielle_france_competences,officiel
RNCP36962,Management international et communication interculturelle,5,2,correspondance_officielle_france_competences,officiel
RNCP37998,Responsable en rémunération globale et avantages sociaux,4,2,correspondance_officielle_france_competences,officiel
RNCP39242,Manager des ressources humaines internationales,4,2,correspondance_officielle_france_competences,officiel
RNCP40569,Coach professionnel,7,3,correspondance_officielle_france_competences,officiel
RNCP42313,Chargé des ressources humaines,4,2,correspondance_officielle_france_competences,officiel
RNCP36018,Dessinateur concepteur BIM bâtiment et architecture,2,2,correspondance_officielle_france_competences,officiel
RNCP39535,"Ingénieur diplômé de l’Ecole des Ingénieurs de la Ville de Paris (EIVP), spécialité Génie Urbain",1,1,correspondance_officielle_france_competences,officiel
RNCP42029,"Ingénieur diplômé de l'Institut national des sciences appliquées de Lyon, spécialité génie civil et génie urbain",1,1,correspondance_officielle_france_competences,officiel
RNCP35907,"Marketing, vente (fiche nationale)",10,2,correspondance_officielle_france_competences,officiel
RNCP36384,Manager en stratégie et développement international,10,2,correspondance_officielle_france_competences,officiel
RNCP38583,Manager du développement commercial ,15,4,correspondance_officielle_france_competences,officiel
RNCP38809,Responsable marketing produits et services,7,1,correspondance_officielle_france_competences,officiel
RNCP39443,Diplome en gestion et administration des affaires,10,2,correspondance_officielle_france_competences,officiel
RNCP40320,Métiers de la communication : chef de projet communication (fiche nationale),7,1,correspondance_officielle_france_competences,officiel
RNCP40710,Marketing et Stratégie,10,2,correspondance_officielle_france_competences,officiel
RNCP40715,Diplôme supérieur de management international de l'entreprise,11,3,correspondance_officielle_france_competences,officiel
RNCP40812,Diplôme d'études supérieures de gestion et commerce international,12,2,correspondance_officielle_france_competences,officiel
RNCP40886,Chef de projet multimédia,10,2,correspondance_officielle_france_competences,officiel
RNCP37872,Agent de propreté et d'hygiène,1,1,correspondance_officielle_france_competences,officiel
RNCP36392,Responsable export des vins et spiritueux ,8,2,correspondance_officielle_france_competences,officiel
RNCP36686,Programme grande école,5,3,correspondance_officielle_france_competences,officiel
RNCP37091,Manager d’unité opérationnelle ,3,1,correspondance_officielle_france_competences,officiel
RNCP38348,Diplôme d’études supérieures en management avancé des affaires internationales,3,1,correspondance_officielle_france_competences,officiel
RNCP38874,Diplôme d'études spécialisées en management et gestion de projet (DESMAP),3,1,correspondance_officielle_france_competences,officiel
RNCP38938,Manager du marketing et de la relation client,5,2,correspondance_officielle_france_competences,officiel
RNCP39158,Affaires et Relations Internationales,3,1,correspondance_officielle_france_competences,officiel
RNCP39568,Diplôme d’études supérieures en management (Programme Grande École),4,2,correspondance_officielle_france_competences,officiel
RNCP39953,Manager marketing digital (MS),5,2,correspondance_officielle_france_competences,officiel
RNCP39965,Manager développement et performance commerciale,9,3,correspondance_officielle_france_competences,officiel
RNCP40172,Chargé de développement commercial,8,2,correspondance_officielle_france_competences,officiel
RNCP40359,Manager du développement commercial,8,2,correspondance_officielle_france_competences,officiel
RNCP40600,Chef de projets marketing et commerce des vins et spiritueux,9,3,correspondance_officielle_france_competences,officiel
RNCP41055,Manager d'Affaires Internationales et de Projets Innovants ,3,1,correspondance_officielle_france_competences,officiel
RNCP41101,Responsable de business unit,3,1,correspondance_officielle_france_competences,officiel
RNCP41114,Responsable du développement commercial,8,2,correspondance_officielle_france_competences,officiel
RNCP41186,Diplôme en Management et Gestion des Organisations,3,1,correspondance_officielle_france_competences,officiel
RNCP41361,Manager international,8,2,correspondance_officielle_france_competences,officiel
RNCP41706,Manager de la performance commerciale,3,1,correspondance_officielle_france_competences,officiel
RNCP42153,Responsable en développement commercial et marketing,3,1,correspondance_officielle_france_competences,officiel
RNCP42284,Diplôme supérieur en commerce et marketing opérationnel,6,3,correspondance_officielle_france_competences,officiel
RNCP42391,Programme grande école ,9,3,correspondance_officielle_france_competences,officiel
RNCP41717,Chargé de clientèle et fidélisation,5,3,correspondance_officielle_france_competences,officiel
RNCP39640,Opérateur régleur sur machine-outil à commande numérique par enlèvement de matière,1,1,correspondance_officielle_france_competences,officiel
RNCP36183,Responsable en formation et conduite de projets en simulation de vol,3,1,correspondance_officielle_france_competences,officiel
RNCP37466,Pédagogie en sciences de la santé (fiche nationale),3,1,correspondance_officielle_france_competences,officiel
RNCP38010,Chargé de formation et d’optimisation commerciale des marques et produits parfums/cosmétiques,3,1,correspondance_officielle_france_competences,officiel
RNCP38154,"Métiers de l'enseignement, de l'éducation et de la formation (MEEF), encadrement éducatif (fiche nationale)",3,1,correspondance_officielle_france_competences,officiel
RNCP38398,Moniteur sur simulateur de vol,3,1,correspondance_officielle_france_competences,officiel
RNCP38443,Diplôme de cadre de santé,3,1,correspondance_officielle_france_competences,officiel
RNCP38475,Animateur formateur en technologies paysannes,3,1,correspondance_officielle_france_competences,officiel
RNCP38694,Didactique des langues (fiche nationale),3,1,correspondance_officielle_france_competences,officiel
RNCP38992,Psychologie du développement (fiche nationale) ,3,1,correspondance_officielle_france_competences,officiel
RNCP39417,Formateur concepteur pédagogique,3,1,correspondance_officielle_france_competences,officiel
RNCP39693,Etudes sur le genre (fiche nationale),3,1,correspondance_officielle_france_competences,officiel
RNCP42466,Concepteur pédagogique e-learning,3,1,correspondance_officielle_france_competences,officiel
RNCP39198,Mode (fiche nationale),1,1,correspondance_officielle_france_competences,officiel
RNCP40762,"Ingénieur spécialisé en économie et management du pétrole, du gaz et de l’énergie, diplômé de l'Ecole nationale supérieure du pétrole et des moteurs",1,1,correspondance_officielle_france_competences,officiel
RNCP39221,Designer en communication graphique éco-responsable,3,2,correspondance_officielle_france_competences,officiel
RNCP38189,Information-communication (fiche nationale),1,1,correspondance_officielle_france_competences,officiel
RNCP39474,Droit canonique (fiche nationale),3,2,correspondance_officielle_france_competences,officiel
RNCP40317,Métiers des bibliothèques et de la documentation 	(fiche nationale),1,1,correspondance_officielle_france_competences,officiel
RNCP40794,Histoire (fiche nationale),1,1,correspondance_officielle_france_competences,officiel
RNCP40809,Histoire de l'art (fiche nationale),1,1,correspondance_officielle_france_competences,officiel
RNCP41543,Information-Communication : Information numérique dans les organisations,1,1,correspondance_officielle_france_competences,officiel
RNCP42197,Manager international des industries et services en santé,1,1,correspondance_officielle_france_competences,officiel
RNCP39208,Manager de projets géomatiques (MS),1,1,correspondance_officielle_france_competences,officiel
RNCP42307,Chef de projet en éco-ingénierie (MS),1,1,correspondance_officielle_france_competences,officiel
RNCP42759,Sciences et ingénierie - Agronomie et agroalimentaire,1,1,correspondance_officielle_france_competences,officiel
RNCP37689,Sciences du management,6,2,correspondance_officielle_france_competences,officiel
RNCP37974,Développeur commercial et marketing,6,2,correspondance_officielle_france_competences,officiel
RNCP40444,Métiers du tourisme : commercialisation des produits touristiques (fiche nationale),5,1,correspondance_officielle_france_competences,officiel
RNCP41855,Diplôme supérieur de comptabilité et de gestion (DSCG),4,2,correspondance_officielle_france_competences,officiel
RNCP35487,Métiers de la Transition et de l'Efficacité Energétiques : Réalisation des installations énergétiques pour le bâtiment et l’industrie,1,1,correspondance_officielle_france_competences,officiel
RNCP38183,Science politique (fiche nationale),1,1,correspondance_officielle_france_competences,officiel
RNCP38665,Manager d'équipe relation client à distance,3,2,correspondance_officielle_france_competences,officiel
RNCP42367,Management des PME-PMI (fiche nationale),1,1,correspondance_officielle_france_competences,officiel
RNCP39316,Technicien de maintenance de véhicules automobiles et industriels,1,1,correspondance_officielle_france_competences,officiel
RNCP38387,Lad-cavalier d'entraînement,1,1,correspondance_officielle_france_competences,officiel
RNCP37154,Manager des affaires juridiques Internationales (MS),2,1,correspondance_officielle_france_competences,officiel
RNCP38162,Droit de l'entreprise (fiche nationale),2,1,correspondance_officielle_france_competences,officiel
RNCP38167,Droit européen (fiche nationale),2,1,correspondance_officielle_france_competences,officiel
RNCP38197,Droit fiscal (fiche nationale),2,1,correspondance_officielle_france_competences,officiel
RNCP39587,Juriste d'affaires,2,1,correspondance_officielle_france_competences,officiel
RNCP35369,Genie Biologique : Agronomie,1,1,correspondance_officielle_france_competences,officiel
RNCP38382,Métiers de la chimie,1,1,correspondance_officielle_france_competences,officiel
RNCP39518,Sciences de la Terre (fiche nationale),1,1,correspondance_officielle_france_competences,officiel
RNCP41339,Technicien spécialisé des laboratoires parfum cosmétique et arômes,1,1,correspondance_officielle_france_competences,officiel
RNCP42551,Technicien de laboratoire,1,1,correspondance_officielle_france_competences,officiel
RNCP42087,Monteur câbleur intégrateur  en équipements électroniques et électrotechniques,1,1,correspondance_officielle_france_competences,officiel
RNCP37987,Spécialiste en cybersécurité,13,1,correspondance_officielle_france_competences,officiel
RNCP41077,"Innovation, entreprise et société (fiche nationale)",21,3,correspondance_officielle_france_competences,officiel
RNCP42077,Manager de la transition numérique éthique et durable,15,2,correspondance_officielle_france_competences,officiel
RNCP42372," Ingénieur diplômé de l’école nationale supérieure d'électronique, informatique, télécommunications, mathématique et mécanique de Bordeaux de l’institut polytechnique de Bordeaux, spécialité télécommunications",14,2,correspondance_officielle_france_competences,officiel
RNCP42634,Architecte des systèmes d'information,15,2,correspondance_officielle_france_competences,officiel
RNCP37613,Manager de l'amélioration continue (MS),1,1,correspondance_officielle_france_competences,officiel
RNCP41521, Responsable d'ingénierie qualité hygiène sécurité environnement ,1,1,correspondance_officielle_france_competences,officiel
RNCP36591,Chargé de clientèle particuliers et professionnels en banque et assurance,2,2,correspondance_officielle_france_competences,officiel
RNCP39743,Attaché commercial,5,4,correspondance_officielle_france_competences,officiel
RNCP37486,Opérateur en appareillage orthopédique - Spécialité orthoprothèse,1,1,correspondance_officielle_france_competences,officiel
RNCP40673,"Technicien d'installation et de maintenance de systèmes énergétiques, option solaire ou photovoltaïque, option bois",1,1,correspondance_officielle_france_competences,officiel
RNCP42092,Technicien supérieur en froid et en équipements industriels,1,1,correspondance_officielle_france_competences,officiel
RNCP35467,Génie Mécanique et Productique : Conception et production durables,1,1,correspondance_officielle_france_competences,officiel
RNCP38366,Conception et industrialisation en construction navale,1,1,correspondance_officielle_france_competences,officiel
RNCP39873,CQP Technicien de maintenance et d’installation de pompe à chaleur et de climatiseur ,1,1,correspondance_officielle_france_competences,officiel
RNCP39971,CQP Technicien de maintenance du secteur alimentaire,1,1,correspondance_officielle_france_competences,officiel
RNCP38868,Economie et gestion de la santé (fiche nationale),1,1,correspondance_officielle_france_competences,officiel
RNCP36335,Artisanat et métiers d’art option marchandisage visuel,1,1,correspondance_officielle_france_competences,officiel
RNCP39359,Etalagiste décorateur marchandiseur,1,1,correspondance_officielle_france_competences,officiel
RNCP42478,Designer en aménagement intérieur et scénographie,1,1,correspondance_officielle_france_competences,officiel
RNCP37949,Gestionnaire comptable et  fiscal,4,1,correspondance_officielle_france_competences,officiel
RNCP41508,Responsable navigation et gestion des systèmes embarqués,3,1,correspondance_officielle_france_competences,officiel
RNCP41856,Acoustique (fiche nationale),4,2,correspondance_officielle_france_competences,officiel
RNCP41759,Commerce international,1,1,correspondance_officielle_france_competences,officiel
RNCP35482,Génie Civil - Construction Durable : Travaux Bâtiment,1,1,correspondance_officielle_france_competences,officiel
RNCP35703,"Ingénieur diplômé de l’école polytechnique universitaire de l'université d'Angers, spécialité bâtiment et sécurité",1,1,correspondance_officielle_france_competences,officiel
RNCP37495,Enveloppe des bâtiments : conception et réalisation,1,1,correspondance_officielle_france_competences,officiel
RNCP40904,Conducteur de travaux,1,1,correspondance_officielle_france_competences,officiel
RNCP41211,"Ingénieur diplômé de l'institut national des sciences appliquées de Toulouse, spécialité génie civil",1,1,correspondance_officielle_france_competences,officiel
RNCP41572,Génie civil - Construction durable : Bureau d’études conception,1,1,correspondance_officielle_france_competences,officiel
RNCP42691,"Ingénieur diplômé de l'Institut national des sciences appliquées de Toulouse, spécialité génie civil",1,1,correspondance_officielle_france_competences,officiel
RNCP40920,Boulanger (BM),1,1,correspondance_officielle_france_competences,officiel
RNCP41743,Boulanger ,1,1,correspondance_officielle_france_competences,officiel
RNCP37475,Diplôme d’études supérieures spécialisées en management par l’innovation (DESSMI),1,1,correspondance_officielle_france_competences,officiel
RNCP37683,Programme grande école,1,1,correspondance_officielle_france_competences,officiel
RNCP41257,"Métiers de l'électronique : microélectronique, optronique (fiche nationale)",1,1,correspondance_officielle_france_competences,officiel
