id,date_premiere_observation,date_derniere_observation,statut_observation,duree_observation_jours,duree_publication_observee_jours,rome_code,rome_libelle,type_contrat,alternance,region_derniere_connue,mot_cle_collecte
198QNFJ,2026-09-14 12:09:13+02,2026-09-22 08:30:45+02,Disparue,8,354,E1115,Chef / Cheffe de projet jeux vidéo,CDI,False,Auvergne-Rhône-Alpes,product owner
203KFZL,2026-08-14 18:41:06+02,2026-09-16 08:33:04+02,Disparue,33,229,M1419,Data analyst,CDI,False,Auvergne-Rhône-Alpes,data analyst
8813032,2026-08-14 18:45:51+02,2026-08-14 18:45:51+02,Disparue,0,189,M1889,Ingénieur / Ingénieure en Intelligence Artificielle (IA),MIS,False,Ile-de-France,machine learning
8813533,2026-08-14 18:41:07+02,2026-08-14 18:41:07+02,Disparue,0,189,M1405,Data scientist,MIS,False,Auvergne-Rhône-Alpes,data scientist
8813627,2026-08-14 18:45:52+02,2026-08-14 18:45:52+02,Disparue,0,189,M1896,Analyste cycle de vie dans les télécoms,MIS,False,Ile-de-France,ml
9329595,2026-08-14 18:41:07+02,2026-08-14 18:41:07+02,Disparue,0,175,M1405,Data scientist,CDI,False,Nouvelle-Aquitaine,data scientist
9832165,2026-08-31 21:32:25+02,2026-08-31 21:32:25+02,Disparue,0,180,M1702,Planneur / Planneuse stratégique,CDI,False,Ile-de-France,data engineer senior
9850911,2026-08-31 21:32:25+02,2026-08-31 21:32:25+02,Disparue,0,180,M1811,Data engineer,CDI,False,Ile-de-France,data engineer senior
0811342,2026-08-14 18:45:54+02,2026-09-22 08:30:41+02,Disparue,39,179,M1889,Ingénieur / Ingénieure en Intelligence Artificielle (IA),MIS,False,Pays de la Loire,mlops engineer
0962836,2026-08-14 18:41:07+02,2026-08-14 18:41:07+02,Disparue,0,136,M1405,Data scientist,CDD,True,Ile-de-France,data scientist
206MMXC,2026-08-14 18:41:08+02,2026-09-26 08:35:31+02,Disparue,43,173,M1811,Data engineer,CDI,False,Grand Est,data engineer
206MVGZ,2026-08-15 00:53:20+02,2026-09-22 08:30:44+02,Disparue,38,168,M1806,Consultant fonctionnel / Consultante fonctionnelle des systèmes d'information,CDI,False,Auvergne-Rhône-Alpes,business analyst
206RHRP,2026-08-14 18:41:08+02,2026-09-16 08:33:05+02,Disparue,33,160,M1811,Data engineer,CDI,False,Auvergne-Rhône-Alpes,data engineer
1458668,2026-08-14 18:45:51+02,2026-09-22 08:30:34+02,Disparue,39,160,M1889,Ingénieur / Ingénieure en Intelligence Artificielle (IA),CDD,True,Ile-de-France,machine learning
1474166,2026-08-31 21:32:25+02,2026-09-26 08:35:36+02,Disparue,26,164,M1811,Data engineer,MIS,False,Ile-de-France,data engineer senior
206ZGTB,2026-08-14 18:41:08+02,2026-09-26 08:35:31+02,Disparue,43,164,M1811,Data engineer,CDI,False,Occitanie,data engineer
1567497,2026-08-31 21:32:28+02,2026-09-26 08:35:41+02,Disparue,26,163,M1889,Ingénieur / Ingénieure en Intelligence Artificielle (IA),CDI,False,Non renseignee,developpeur ia
1763224,2026-08-31 21:32:28+02,2026-08-31 21:32:28+02,Disparue,0,131,M1889,Ingénieur / Ingénieure en Intelligence Artificielle (IA),MIS,False,Ile-de-France,developpeur ia
1852694,2026-08-14 18:41:07+02,2026-08-31 21:32:21+02,Disparue,17,130,K2402,Ingénieur / Ingénieure de recherche scientifique,CDI,False,Occitanie,data scientist
1917828,2026-08-31 21:32:21+02,2026-08-31 21:32:21+02,Disparue,0,128,M1405,Data scientist,CDI,False,Ile-de-France,data scientist
1918184,2026-08-14 18:41:07+02,2026-08-31 21:32:21+02,Disparue,17,128,M1405,Data scientist,CDI,False,Ile-de-France,data scientist
1918195,2026-08-31 21:32:21+02,2026-08-31 21:32:21+02,Disparue,0,128,M1405,Data scientist,CDI,False,Ile-de-France,data scientist
1918201,2026-08-14 18:41:07+02,2026-08-31 21:32:21+02,Disparue,17,128,M1405,Data scientist,CDI,False,Ile-de-France,data scientist
1918204,2026-08-31 21:32:21+02,2026-08-31 21:32:21+02,Disparue,0,128,M1405,Data scientist,CDI,False,Ile-de-France,data scientist
1918344,2026-08-31 21:32:21+02,2026-08-31 21:32:21+02,Disparue,0,128,M1405,Data scientist,CDI,False,Ile-de-France,data scientist
2042756,2026-08-31 21:32:28+02,2026-09-16 08:33:13+02,Disparue,16,141,M1889,Ingénieur / Ingénieure en Intelligence Artificielle (IA),CDI,False,Grand Est,developpeur ia
2056685,2026-08-31 21:32:21+02,2026-08-31 21:32:21+02,Disparue,0,124,M1405,Data scientist,CDI,False,Ile-de-France,data scientist
2119466,2026-08-31 21:32:25+02,2026-09-20 21:39:58+02,Disparue,20,143,M1811,Data engineer,CDI,False,Bretagne,data engineer senior
2297118,2026-08-31 21:32:28+02,2026-08-31 21:32:28+02,Disparue,0,117,M1861,Développeur / Développeuse logiciel ou d'application,CDI,False,Bretagne,developpeur ia
2319548,2026-08-14 18:41:07+02,2026-08-31 21:32:26+02,Disparue,17,117,M1101,Acheteur / Acheteuse,CDI,False,Ile-de-France,data scientist senior
207XTTK,2026-08-31 21:32:28+02,2026-08-31 21:32:28+02,Disparue,0,117,M1889,Ingénieur / Ingénieure en Intelligence Artificielle (IA),CDD,True,Normandie,developpeur ia
2393226,2026-08-14 18:41:07+02,2026-09-21 06:00:05+02,Disparue,38,137,M1405,Data scientist,CDI,False,Ile-de-France,data scientist
2395866,2026-08-14 18:41:07+02,2026-09-21 06:00:05+02,Disparue,38,137,M1405,Data scientist,CDI,False,Ile-de-France,data scientist
208BNFF,2026-08-14 18:41:08+02,2026-08-31 21:32:21+02,Disparue,17,113,M1811,Data engineer,CDI,False,Provence-Alpes-Côte d'Azur,data engineer
208GHBL,2026-08-14 18:41:06+02,2026-08-31 21:32:25+02,Disparue,17,110,M1419,Data analyst,CDI,False,Ile-de-France,data analyst junior
208GWSK,2026-08-31 21:32:28+02,2026-08-31 21:32:28+02,Disparue,0,110,M1861,Développeur / Développeuse logiciel ou d'application,CDI,False,Auvergne-Rhône-Alpes,developpeur ia
2653953,2026-08-31 21:32:25+02,2026-09-26 08:35:36+02,Disparue,26,135,M1811,Data engineer,MIS,False,Hauts-de-France,data engineer senior
2654034,2026-08-31 21:32:25+02,2026-09-26 08:35:36+02,Disparue,26,135,M1811,Data engineer,MIS,False,Hauts-de-France,data engineer senior
2807212,2026-08-31 21:32:28+02,2026-08-31 21:32:28+02,Disparue,0,103,M1889,Ingénieur / Ingénieure en Intelligence Artificielle (IA),CDI,False,Occitanie,developpeur ia
2849107,2026-08-31 21:32:21+02,2026-08-31 21:32:21+02,Disparue,0,102,M1405,Data scientist,CDI,False,Pays de la Loire,data scientist
2860521,2026-08-14 18:41:07+02,2026-08-14 18:41:07+02,Disparue,0,85,M1811,Data engineer,CDI,False,Ile-de-France,data scientist
208XHQV,2026-08-14 18:45:53+02,2026-08-14 18:45:53+02,Disparue,0,78,M1827,Ingénieur / Ingénieure DevOps,CDI,False,Provence-Alpes-Côte d'Azur,devops
3144612,2026-08-14 18:45:51+02,2026-09-26 08:35:34+02,Disparue,43,121,M1889,Ingénieur / Ingénieure en Intelligence Artificielle (IA),MIS,False,Ile-de-France,mlops
3154825,2026-08-31 21:32:25+02,2026-09-26 08:35:36+02,Disparue,26,120,M1811,Data engineer,CDI,False,Ile-de-France,data engineer senior
208XSBK,2026-08-14 18:41:08+02,2026-08-31 21:32:21+02,Disparue,17,94,M1811,Data engineer,CDI,False,Auvergne-Rhône-Alpes,data engineer
3190315,2026-08-14 18:41:07+02,2026-08-14 18:41:07+02,Disparue,0,77,F1112,Ingénieur / Ingénieure calcul et structure,CDD,True,Occitanie,data scientist
208ZFPC,2026-09-14 12:09:13+02,2026-09-26 08:35:45+02,Active,12,117,M1864,Product Owner,CDI,False,Auvergne-Rhône-Alpes,product owner
209BDSM,2026-08-14 18:45:53+02,2026-09-26 08:35:33+02,Disparue,43,117,M1827,Ingénieur / Ingénieure DevOps,CDD,False,Grand Est,devops
209BQHR,2026-08-15 00:53:20+02,2026-09-26 08:35:45+02,Active,42,116,M1204,Contrôleur / Contrôleuse de gestion,CDD,False,Occitanie,business analyst
209CJFW,2026-08-14 18:41:06+02,2026-08-14 18:41:06+02,Disparue,0,73,M1419,Data analyst,CDD,True,Auvergne-Rhône-Alpes,data analyst
209FGJM,2026-08-14 18:45:51+02,2026-08-31 21:32:22+02,Disparue,17,89,D1106,Vendeur / Vendeuse en épicerie,CDD,True,Ile-de-France,machine learning
209FJBB,2026-08-14 18:45:53+02,2026-08-14 18:45:53+02,Disparue,0,72,M1827,Ingénieur / Ingénieure DevOps,CDI,False,Provence-Alpes-Côte d'Azur,devops
209HPND,2026-08-14 18:41:06+02,2026-09-21 06:00:05+02,Disparue,38,108,M1419,Data analyst,CDI,False,Centre-Val de Loire,data analyst
209HSQC,2026-08-14 18:41:06+02,2026-08-14 18:41:06+02,Disparue,0,70,M1419,Data analyst,CDD,False,Centre-Val de Loire,data analyst
209HVPX,2026-08-14 18:45:53+02,2026-08-31 21:32:23+02,Disparue,17,87,M1827,Ingénieur / Ingénieure DevOps,CDI,False,Bretagne,devops
209JNLV,2026-08-31 21:32:23+02,2026-08-31 21:32:23+02,Disparue,0,87,M1827,Ingénieur / Ingénieure DevOps,CDD,True,Occitanie,devops
3535364,2026-08-31 21:32:29+02,2026-08-31 21:32:29+02,Disparue,0,86,M1818,Ingénieur / Ingénieure d'étude informatique,CDI,False,Provence-Alpes-Côte d'Azur,genai
3535420,2026-08-31 21:32:28+02,2026-08-31 21:32:28+02,Disparue,0,86,M1889,Ingénieur / Ingénieure en Intelligence Artificielle (IA),CDI,False,Ile-de-France,developpeur ia
209LXCS,2026-08-14 18:45:53+02,2026-08-14 18:45:53+02,Disparue,0,66,M1827,Ingénieur / Ingénieure DevOps,CDI,False,Ile-de-France,devops
209MYZF,2026-08-14 18:41:07+02,2026-08-14 18:45:51+02,Disparue,0,66,M1405,Data scientist,CDI,False,Occitanie,machine learning
3617339,2026-08-31 21:32:21+02,2026-08-31 21:32:26+02,Disparue,0,82,M1405,Data scientist,CDI,False,Ile-de-France,data scientist senior
3617352,2026-08-31 21:32:21+02,2026-08-31 21:32:21+02,Disparue,0,82,M1405,Data scientist,CDI,False,Ile-de-France,data scientist
3684719,2026-08-31 21:32:24+02,2026-09-20 21:39:57+02,Disparue,20,101,M1419,Data analyst,CDI,False,Bretagne,data analyst senior
209SPGN,2026-08-31 21:32:21+02,2026-09-26 08:35:31+02,Disparue,26,103,M1811,Data engineer,CDD,True,Ile-de-France,data engineer
3805211,2026-08-31 21:32:28+02,2026-09-14 12:09:00+02,Disparue,14,90,M1855,Développeur / Développeuse web,CDI,False,Ile-de-France,developpeur ia
209VCCG,2026-08-14 18:41:08+02,2026-09-26 08:35:31+02,Disparue,43,102,M1811,Data engineer,CDI,False,Auvergne-Rhône-Alpes,data engineer
3850813,2026-08-14 18:41:07+02,2026-09-21 06:00:05+02,Disparue,38,97,M1811,Data engineer,MIS,False,Ile-de-France,data scientist
3851440,2026-08-14 18:41:07+02,2026-09-26 08:35:39+02,Disparue,43,102,M1405,Data scientist,MIS,False,Hauts-de-France,data scientist senior
3858563,2026-08-31 21:32:21+02,2026-08-31 21:32:21+02,Disparue,0,76,M1405,Data scientist,CDI,False,Bourgogne-Franche-Comté,data scientist
3872184,2026-08-31 21:32:28+02,2026-08-31 21:32:28+02,Disparue,0,75,M1855,Développeur / Développeuse web,MIS,False,Ile-de-France,developpeur ia
3883451,2026-08-14 18:45:51+02,2026-08-14 18:45:51+02,Disparue,0,58,M1889,Ingénieur / Ingénieure en Intelligence Artificielle (IA),CDD,True,Ile-de-France,machine learning
3941310,2026-08-14 18:41:07+02,2026-09-16 08:33:04+02,Disparue,33,90,M1419,Data analyst,CDD,True,Ile-de-France,data scientist
209ZBRT,2026-08-14 18:45:53+02,2026-08-14 18:45:53+02,Disparue,0,57,M1827,Ingénieur / Ingénieure DevOps,CDI,False,Nouvelle-Aquitaine,devops
209ZLVD,2026-08-14 18:41:08+02,2026-09-25 08:37:21+02,Disparue,42,98,M1811,Data engineer,CDI,False,Bourgogne-Franche-Comté,data engineer
210CCLL,2026-08-14 18:45:53+02,2026-09-26 08:35:33+02,Disparue,43,96,M1827,Ingénieur / Ingénieure DevOps,CDI,False,Bourgogne-Franche-Comté,devops
210FFXM,2026-08-14 18:41:07+02,2026-08-14 18:41:07+02,Disparue,0,52,M1405,Data scientist,CDD,False,Ile-de-France,data scientist
210FJKM,2026-08-14 18:41:07+02,2026-08-31 21:32:26+02,Disparue,17,69,M1405,Data scientist,CDI,False,Ile-de-France,data scientist senior
210FLQL,2026-08-14 18:41:08+02,2026-08-14 18:41:08+02,Disparue,0,52,M1811,Data engineer,CDD,False,Auvergne-Rhône-Alpes,data engineer
210GFTY,2026-08-31 21:32:30+02,2026-08-31 21:32:30+02,Disparue,0,68,M1806,Consultant fonctionnel / Consultante fonctionnelle des systèmes d'information,CDI,False,Grand Est,business analyst
4208880,2026-08-31 21:32:25+02,2026-09-22 08:30:38+02,Disparue,22,89,M1868,Architecte base de données,CDI,False,Ile-de-France,data engineer senior
210JKPY,2026-08-15 00:53:20+02,2026-09-26 08:35:45+02,Active,42,93,M1806,Consultant fonctionnel / Consultante fonctionnelle des systèmes d'information,CDD,False,Ile-de-France,business analyst
4255989,2026-08-31 21:32:29+02,2026-09-22 08:30:42+02,Disparue,22,88,H1218,Responsable de projet recherche et développement,CDI,False,Ile-de-France,genai
4256001,2026-08-31 21:32:29+02,2026-09-22 08:30:42+02,Disparue,22,88,C1120,Conseiller / Conseillère en études actuarielles,CDI,False,Ile-de-France,genai
4256027,2026-08-31 21:32:29+02,2026-09-22 08:30:42+02,Disparue,22,88,M1429,Consultant / Consultante en management,CDI,False,Ile-de-France,genai
210JQWV,2026-08-14 18:41:06+02,2026-09-26 08:35:29+02,Disparue,43,92,M1419,Data analyst,CDI,False,Grand Est,data analyst
210KHBP,2026-08-14 18:41:07+02,2026-08-14 18:41:08+02,Disparue,0,49,M1405,Data scientist,CDI,False,Auvergne-Rhône-Alpes,data engineer
210KJYH,2026-08-14 18:41:08+02,2026-09-25 08:37:21+02,Disparue,42,91,M1811,Data engineer,CDI,False,Bourgogne-Franche-Comté,data engineer
4336301,2026-08-14 18:45:51+02,2026-08-31 21:32:28+02,Disparue,17,65,M1889,Ingénieur / Ingénieure en Intelligence Artificielle (IA),MIS,False,Ile-de-France,developpeur ia
4341625,2026-08-14 18:41:07+02,2026-08-31 21:32:21+02,Disparue,17,64,M1405,Data scientist,MIS,False,Centre-Val de Loire,data scientist
4341771,2026-08-14 18:41:07+02,2026-09-21 06:00:05+02,Disparue,38,85,M1405,Data scientist,MIS,False,Occitanie,data scientist
4397173,2026-08-14 18:41:07+02,2026-09-22 08:30:32+02,Disparue,39,84,M1405,Data scientist,CDI,False,Nouvelle-Aquitaine,data scientist
210NMLG,2026-08-14 18:41:06+02,2026-08-31 21:32:20+02,Disparue,17,62,M1430,Chargé / Chargée d'études commerciales,CDI,False,Pays de la Loire,data analyst
210PRHT,2026-08-14 18:45:51+02,2026-08-31 21:32:22+02,Disparue,17,61,M1889,Ingénieur / Ingénieure en Intelligence Artificielle (IA),CDI,False,Ile-de-France,machine learning
210PSNS,2026-08-14 18:41:07+02,2026-08-14 18:41:07+02,Disparue,0,44,M1405,Data scientist,CDI,False,Ile-de-France,data scientist
210QQSX,2026-08-14 18:41:08+02,2026-08-31 21:32:22+02,Disparue,17,60,M1811,Data engineer,CDI,False,Ile-de-France,machine learning
210QYVY,2026-08-14 18:45:53+02,2026-09-26 08:35:33+02,Disparue,43,86,M1827,Ingénieur / Ingénieure DevOps,CDI,False,Auvergne-Rhône-Alpes,devops
210SJLB,2026-08-14 18:45:51+02,2026-08-14 18:45:51+02,Disparue,0,42,M1889,Ingénieur / Ingénieure en Intelligence Artificielle (IA),CDI,False,Ile-de-France,machine learning
4566781,2026-08-14 18:45:51+02,2026-09-26 08:35:32+02,Disparue,43,84,M1889,Ingénieur / Ingénieure en Intelligence Artificielle (IA),CDI,False,Ile-de-France,machine learning
4570642,2026-08-14 18:41:07+02,2026-09-26 08:35:39+02,Disparue,43,84,M1405,Data scientist,CDI,False,Ile-de-France,data scientist senior
4575793,2026-08-14 18:41:07+02,2026-08-14 18:41:07+02,Disparue,0,40,M1405,Data scientist,MIS,False,Nouvelle-Aquitaine,data scientist
210TQNG,2026-08-14 18:41:06+02,2026-08-15 00:53:20+02,Disparue,1,40,M1806,Consultant fonctionnel / Consultante fonctionnelle des systèmes d'information,CDI,False,Auvergne-Rhône-Alpes,business analyst
210TQSW,2026-08-31 21:32:23+02,2026-08-31 21:32:23+02,Disparue,0,56,M1827,Ingénieur / Ingénieure DevOps,CDD,False,Normandie,devops
210TQXK,2026-08-31 21:32:30+02,2026-08-31 21:32:30+02,Disparue,0,56,M1806,Consultant fonctionnel / Consultante fonctionnelle des systèmes d'information,CDI,False,Ile-de-France,business analyst
210VCLW,2026-08-14 18:45:53+02,2026-08-14 18:45:53+02,Disparue,0,39,M1827,Ingénieur / Ingénieure DevOps,CDI,False,Grand Est,devops
4610958,2026-08-31 21:32:28+02,2026-09-26 08:35:41+02,Disparue,26,81,M1861,Développeur / Développeuse logiciel ou d'application,DDI,False,Occitanie,developpeur ia
4610959,2026-08-31 21:32:28+02,2026-09-26 08:35:41+02,Disparue,26,81,M1861,Développeur / Développeuse logiciel ou d'application,DDI,False,Nouvelle-Aquitaine,developpeur ia
4614691,2026-08-31 21:32:28+02,2026-08-31 21:32:28+02,Disparue,0,55,M1501,Assistant / Assistante Ressources Humaines (RH),CDD,True,Pays de la Loire,developpeur ia
4634533,2026-08-31 21:32:27+02,2026-09-26 08:35:41+02,Disparue,26,81,M1702,Planneur / Planneuse stratégique,CDI,False,Occitanie,consultant data ia
4635079,2026-08-14 18:41:07+02,2026-09-22 08:30:32+02,Disparue,39,77,K1703,Responsable de l'emploi des forces armées,CDI,False,Ile-de-France,data scientist
4635166,2026-08-14 18:41:07+02,2026-09-26 08:35:30+02,Disparue,43,81,K1501,Agent / Agente d'administration principal(e) des douanes,CDI,False,Ile-de-France,data scientist
4635452,2026-08-31 21:32:28+02,2026-08-31 21:32:28+02,Disparue,0,55,M1831,Développeur / Développeuse - jeux vidéo,CDI,False,Ile-de-France,developpeur ia
210VZFZ,2026-08-14 18:45:53+02,2026-08-14 18:45:53+02,Disparue,0,38,M1827,Ingénieur / Ingénieure DevOps,CDI,False,Auvergne-Rhône-Alpes,devops
210VZKL,2026-08-14 18:45:53+02,2026-09-26 08:35:33+02,Disparue,43,81,M1827,Ingénieur / Ingénieure DevOps,CDI,False,Auvergne-Rhône-Alpes,devops
4675717,2026-08-31 21:32:28+02,2026-08-31 21:32:28+02,Disparue,0,54,M1811,Data engineer,CDD,True,Nouvelle-Aquitaine,developpeur ia
210XNHD,2026-08-14 18:41:08+02,2026-08-14 18:41:08+02,Disparue,0,37,M1811,Data engineer,CDI,False,Auvergne-Rhône-Alpes,data engineer
210YFRR,2026-08-31 21:32:28+02,2026-08-31 21:32:28+02,Disparue,0,54,M1889,Ingénieur / Ingénieure en Intelligence Artificielle (IA),CDD,True,Nouvelle-Aquitaine,developpeur ia
210YNQX,2026-08-15 00:53:20+02,2026-08-31 21:32:30+02,Disparue,16,54,M1806,Consultant fonctionnel / Consultante fonctionnelle des systèmes d'information,CDI,False,Ile-de-France,business analyst
210ZZNF,2026-08-14 18:45:51+02,2026-08-14 18:45:51+02,Disparue,0,36,M1805,Développeur / Développeuse informatique,CDI,False,Auvergne-Rhône-Alpes,machine learning
4773021,2026-08-14 18:41:07+02,2026-09-26 08:35:30+02,Disparue,43,78,H1206,Ingénieur / Ingénieure R&D en industrie,CDI,False,Auvergne-Rhône-Alpes,data scientist
4790330,2026-08-31 21:32:27+02,2026-09-26 08:35:41+02,Disparue,26,78,M1702,Planneur / Planneuse stratégique,CDI,False,Provence-Alpes-Côte d'Azur,consultant data ia
4790580,2026-08-31 21:32:25+02,2026-08-31 21:32:25+02,Disparue,0,52,M1811,Data engineer,CDI,False,Ile-de-France,data engineer senior
211BKBP,2026-08-14 18:45:53+02,2026-08-31 21:32:23+02,Disparue,17,52,M1827,Ingénieur / Ingénieure DevOps,CDI,False,Hauts-de-France,devops
211BMTD,2026-08-14 18:41:08+02,2026-08-31 21:32:21+02,Disparue,17,52,M1811,Data engineer,CDI,False,Centre-Val de Loire,data engineer
211CCJF,2026-08-31 21:32:28+02,2026-09-16 08:33:13+02,Disparue,16,68,M1889,Ingénieur / Ingénieure en Intelligence Artificielle (IA),CDI,False,Provence-Alpes-Côte d'Azur,developpeur ia
211CDRH,2026-08-14 18:45:51+02,2026-08-14 18:45:51+02,Disparue,0,35,M1889,Ingénieur / Ingénieure en Intelligence Artificielle (IA),CDI,False,Auvergne-Rhône-Alpes,machine learning
4890456,2026-08-14 18:41:07+02,2026-08-14 18:41:07+02,Disparue,0,33,M1405,Data scientist,CDI,False,Nouvelle-Aquitaine,data scientist
211CRRC,2026-08-14 18:45:53+02,2026-08-14 18:45:53+02,Disparue,0,32,M1827,Ingénieur / Ingénieure DevOps,CDI,False,Ile-de-France,devops
4948728,2026-08-31 21:32:25+02,2026-08-31 21:32:25+02,Disparue,0,48,M1811,Data engineer,CDI,False,Ile-de-France,data engineer senior
4959551,2026-08-31 21:32:28+02,2026-08-31 21:32:28+02,Disparue,0,48,M1889,Ingénieur / Ingénieure en Intelligence Artificielle (IA),CDI,False,Grand Est,developpeur ia
211FDMV,2026-08-14 18:41:08+02,2026-09-26 08:35:31+02,Disparue,43,73,M1811,Data engineer,CDI,False,Provence-Alpes-Côte d'Azur,data engineer
211FQPF,2026-08-14 18:45:53+02,2026-08-14 18:45:53+02,Disparue,0,30,M1827,Ingénieur / Ingénieure DevOps,CDD,False,Provence-Alpes-Côte d'Azur,devops
211GJJH,2026-08-14 18:45:53+02,2026-08-14 18:45:53+02,Disparue,0,29,M1841,Ingénieur informaticien / Ingénieure informaticienne,CDD,False,Bretagne,devops
5036207,2026-08-14 18:45:52+02,2026-08-14 18:45:52+02,Disparue,0,29,M1868,Architecte base de données,CDI,False,Ile-de-France,ml
5042246,2026-08-31 21:32:25+02,2026-09-26 08:35:36+02,Disparue,26,72,M1811,Data engineer,MIS,False,Auvergne-Rhône-Alpes,data engineer senior
5043560,2026-08-31 21:32:28+02,2026-09-25 08:37:39+02,Disparue,25,71,M1889,Ingénieur / Ingénieure en Intelligence Artificielle (IA),CDI,False,Auvergne-Rhône-Alpes,developpeur ia
5046104,2026-08-31 21:32:25+02,2026-09-16 08:33:10+02,Disparue,16,62,M1811,Data engineer,CDI,False,Ile-de-France,data engineer senior
211GRSK,2026-08-14 18:45:51+02,2026-08-14 18:45:51+02,Disparue,0,29,M1889,Ingénieur / Ingénieure en Intelligence Artificielle (IA),CDI,False,Ile-de-France,machine learning
211GRWW,2026-08-14 18:45:51+02,2026-08-14 18:45:51+02,Disparue,0,29,M1889,Ingénieur / Ingénieure en Intelligence Artificielle (IA),CDI,False,Auvergne-Rhône-Alpes,machine learning
211GVXQ,2026-08-14 18:41:07+02,2026-08-31 21:32:22+02,Disparue,17,46,M1889,Ingénieur / Ingénieure en Intelligence Artificielle (IA),CDI,False,Hauts-de-France,machine learning
5058357,2026-08-31 21:32:28+02,2026-09-26 08:35:41+02,Disparue,26,72,M1855,Développeur / Développeuse web,CDI,False,Pays de la Loire,developpeur ia
211HHSM,2026-08-14 18:45:51+02,2026-08-14 18:45:51+02,Disparue,0,29,M1889,Ingénieur / Ingénieure en Intelligence Artificielle (IA),CDI,False,Ile-de-France,machine learning
211HRDB,2026-08-14 18:41:08+02,2026-08-14 18:41:08+02,Disparue,0,28,M1811,Data engineer,CDI,False,Hauts-de-France,data engineer
5079403,2026-08-14 18:41:07+02,2026-09-22 08:30:32+02,Disparue,39,67,M1405,Data scientist,CDI,False,Ile-de-France,data scientist
5081620,2026-08-31 21:32:25+02,2026-09-26 08:35:36+02,Disparue,26,71,M1811,Data engineer,CDI,False,Ile-de-France,data engineer senior
211JMFF,2026-08-14 18:41:08+02,2026-08-14 18:41:08+02,Disparue,0,28,M1811,Data engineer,CDD,True,Nouvelle-Aquitaine,data engineer
5118438,2026-08-14 18:41:07+02,2026-08-14 18:41:07+02,Disparue,0,26,M1228,Gestionnaire de risques financiers,CDI,False,Ile-de-France,data scientist
5118603,2026-08-14 18:41:07+02,2026-08-14 18:41:07+02,Disparue,0,26,M1405,Data scientist,CDI,False,Grand Est,data scientist
5155945,2026-08-14 18:41:07+02,2026-09-26 08:35:30+02,Disparue,43,68,M1405,Data scientist,CDI,False,Ile-de-France,data scientist
211KBHZ,2026-08-14 18:41:08+02,2026-08-14 18:41:08+02,Disparue,0,25,M1811,Data engineer,CDI,False,Ile-de-France,data engineer
211KBPJ,2026-08-14 18:41:06+02,2026-08-15 00:53:20+02,Disparue,1,26,M1419,Data analyst,CDD,True,Ile-de-France,business analyst
211KDLX,2026-08-14 18:45:51+02,2026-08-14 18:45:51+02,Disparue,0,25,M1841,Ingénieur informaticien / Ingénieure informaticienne,CDI,False,Ile-de-France,machine learning
211KSHB,2026-08-14 18:41:06+02,2026-08-14 18:41:06+02,Disparue,0,25,M1419,Data analyst,CDI,False,Ile-de-France,data analyst
211KVDR,2026-08-14 18:41:08+02,2026-08-14 18:41:08+02,Disparue,0,25,M1805,Développeur / Développeuse informatique,CDI,False,Hauts-de-France,data engineer
5199834,2026-08-31 21:32:25+02,2026-09-26 08:35:36+02,Disparue,26,67,M1811,Data engineer,CDD,False,Occitanie,data engineer senior
5199977,2026-08-31 21:32:28+02,2026-09-16 08:33:13+02,Disparue,16,57,M1889,Ingénieur / Ingénieure en Intelligence Artificielle (IA),CDI,False,Pays de la Loire,developpeur ia
211LQGX,2026-08-14 18:41:08+02,2026-08-14 18:41:08+02,Disparue,0,24,M1811,Data engineer,CDD,False,Auvergne-Rhône-Alpes,data engineer
211LRNF,2026-08-14 18:41:08+02,2026-09-26 08:35:31+02,Disparue,43,67,M1811,Data engineer,CDI,False,Provence-Alpes-Côte d'Azur,data engineer
211LRRH,2026-08-15 00:53:20+02,2026-09-26 08:35:45+02,Active,42,67,M1806,Consultant fonctionnel / Consultante fonctionnelle des systèmes d'information,CDI,False,Provence-Alpes-Côte d'Azur,business analyst
211LRTJ,2026-08-14 18:45:53+02,2026-09-26 08:35:33+02,Disparue,43,67,M1827,Ingénieur / Ingénieure DevOps,CDI,False,Provence-Alpes-Côte d'Azur,devops
211LVVK,2026-08-14 18:45:51+02,2026-09-16 08:33:06+02,Disparue,33,57,M1889,Ingénieur / Ingénieure en Intelligence Artificielle (IA),CDI,False,Auvergne-Rhône-Alpes,machine learning
211LWKZ,2026-08-14 18:45:53+02,2026-08-14 18:45:53+02,Disparue,0,24,M1827,Ingénieur / Ingénieure DevOps,CDI,False,Normandie,devops
211MCLN,2026-08-14 18:41:06+02,2026-08-14 18:41:06+02,Disparue,0,24,M1419,Data analyst,CDI,False,Ile-de-France,data analyst
211MFMS,2026-08-14 18:41:08+02,2026-08-14 18:41:08+02,Disparue,0,24,M1855,Développeur / Développeuse web,CDI,False,Ile-de-France,data engineer
5227728,2026-08-14 18:41:07+02,2026-08-31 21:32:21+02,Disparue,17,40,M1405,Data scientist,CDI,False,Pays de la Loire,data scientist
5227732,2026-08-14 18:41:07+02,2026-08-31 21:32:21+02,Disparue,17,40,M1405,Data scientist,CDI,False,Pays de la Loire,data scientist
211MTNW,2026-08-14 18:41:08+02,2026-08-14 18:41:08+02,Disparue,0,23,M1811,Data engineer,CDD,False,Ile-de-France,data engineer
5340752,2026-08-14 18:45:54+02,2026-08-14 18:45:54+02,Disparue,0,23,M1868,Architecte base de données,CDI,False,Provence-Alpes-Côte d'Azur,mlops
211NGYT,2026-08-15 00:53:20+02,2026-08-15 00:53:20+02,Disparue,0,24,M1806,Consultant fonctionnel / Consultante fonctionnelle des systèmes d'information,CDI,False,Pays de la Loire,business analyst
5356015,2026-08-14 18:41:07+02,2026-09-26 08:35:30+02,Disparue,43,65,M1405,Data scientist,CDI,False,Ile-de-France,data scientist
5356045,2026-08-14 18:41:07+02,2026-08-14 18:41:07+02,Disparue,0,22,M1405,Data scientist,CDI,False,Ile-de-France,data scientist
5358215,2026-08-14 18:41:07+02,2026-09-22 08:30:32+02,Disparue,39,61,M1405,Data scientist,CDI,False,Ile-de-France,data scientist
211NTYX,2026-08-14 18:45:53+02,2026-08-14 18:45:53+02,Disparue,0,22,M1827,Ingénieur / Ingénieure DevOps,CDI,False,Provence-Alpes-Côte d'Azur,devops
211PGFV,2026-08-14 18:41:08+02,2026-08-14 18:41:08+02,Disparue,0,22,M1811,Data engineer,CDI,False,Ile-de-France,data engineer
211PJMS,2026-08-14 18:41:07+02,2026-08-14 18:45:51+02,Disparue,0,22,M1405,Data scientist,CDD,True,Ile-de-France,machine learning
211PJPD,2026-08-14 18:41:07+02,2026-08-14 18:45:51+02,Disparue,0,22,M1405,Data scientist,CDD,True,Ile-de-France,machine learning
211PRXW,2026-08-14 18:45:53+02,2026-08-14 18:45:53+02,Disparue,0,22,M1827,Ingénieur / Ingénieure DevOps,CDD,True,Ile-de-France,devops
211PSQS,2026-08-14 18:41:08+02,2026-08-14 18:41:08+02,Disparue,0,22,M1811,Data engineer,CDD,True,Ile-de-France,data engineer
211PXTB,2026-08-14 18:41:06+02,2026-08-14 18:45:51+02,Disparue,0,22,M1419,Data analyst,CDD,True,Ile-de-France,machine learning
211PXTM,2026-08-14 18:45:51+02,2026-08-14 18:45:54+02,Disparue,0,22,M1873,Spécialiste IA embarquée,CDD,True,Ile-de-France,mlops
5395392,2026-08-31 21:32:28+02,2026-08-31 21:32:28+02,Disparue,0,38,M1501,Assistant / Assistante Ressources Humaines (RH),CDD,True,Auvergne-Rhône-Alpes,developpeur ia
5395407,2026-08-31 21:32:28+02,2026-08-31 21:32:28+02,Disparue,0,38,M1501,Assistant / Assistante Ressources Humaines (RH),CDD,True,Normandie,developpeur ia
5397637,2026-08-14 18:41:07+02,2026-09-26 08:35:30+02,Disparue,43,64,M1405,Data scientist,CDI,False,Ile-de-France,data scientist
211PZWV,2026-08-14 18:45:51+02,2026-08-14 18:45:51+02,Disparue,0,21,M1430,Chargé / Chargée d'études commerciales,CDI,False,Ile-de-France,machine learning
211QBBS,2026-08-14 18:41:07+02,2026-08-14 18:45:51+02,Disparue,0,21,M1405,Data scientist,CDI,False,Ile-de-France,machine learning
211QCJS,2026-08-14 18:45:53+02,2026-08-31 21:32:23+02,Disparue,17,38,M1827,Ingénieur / Ingénieure DevOps,CDI,False,Ile-de-France,devops
211QDPL,2026-08-14 18:41:06+02,2026-08-14 18:45:51+02,Disparue,0,21,M1419,Data analyst,CDI,False,Ile-de-France,machine learning
211QDVY,2026-08-14 18:41:06+02,2026-08-14 18:45:51+02,Disparue,0,21,M1419,Data analyst,CDI,False,Ile-de-France,machine learning
211QGZD,2026-08-14 18:41:08+02,2026-08-14 18:41:08+02,Disparue,0,21,M1811,Data engineer,CDI,False,Bourgogne-Franche-Comté,data engineer
211QLCT,2026-08-14 18:45:51+02,2026-08-14 18:45:51+02,Disparue,0,21,K2413,Chercheur / Chercheuse des écosystèmes,CDD,False,Ile-de-France,machine learning
211QLMT,2026-08-15 00:53:20+02,2026-08-15 00:53:20+02,Disparue,0,22,M1806,Consultant fonctionnel / Consultante fonctionnelle des systèmes d'information,CDI,False,Grand Est,business analyst
211QNWD,2026-08-14 18:45:51+02,2026-08-14 18:45:51+02,Disparue,0,21,M1508,Conseiller / Conseillère en gestion de carrière,CDI,False,Ile-de-France,machine learning
211QNYW,2026-08-14 18:45:51+02,2026-08-14 18:45:51+02,Disparue,0,21,H2502,Ingénieur / Ingénieure de production,CDI,False,Grand Est,machine learning
211QRQL,2026-08-14 18:41:08+02,2026-08-31 21:32:21+02,Disparue,17,38,M1811,Data engineer,CDD,False,Nouvelle-Aquitaine,data engineer
211QSXN,2026-08-14 18:45:51+02,2026-08-14 18:45:51+02,Disparue,0,21,I1620,Mécanicien-réparateur / Mécanicienne-réparatrice d'engins de levage et de manutention,CDI,False,Ile-de-France,machine learning
211QVCX,2026-08-14 18:41:06+02,2026-08-14 18:41:06+02,Disparue,0,21,M1419,Data analyst,CDI,False,Provence-Alpes-Côte d'Azur,data analyst
211QVXY,2026-08-14 18:41:08+02,2026-08-14 18:41:08+02,Disparue,0,21,M1811,Data engineer,CDD,False,Ile-de-France,data engineer
211QXTN,2026-08-14 18:41:07+02,2026-08-14 18:41:07+02,Disparue,0,21,M1405,Data scientist,CDD,False,Ile-de-France,data scientist
5433976,2026-08-31 21:32:21+02,2026-08-31 21:32:21+02,Disparue,0,38,M1405,Data scientist,CDD,False,Auvergne-Rhône-Alpes,data scientist
5436212,2026-08-14 18:41:07+02,2026-08-14 18:41:07+02,Disparue,0,20,M1405,Data scientist,CDI,False,Auvergne-Rhône-Alpes,data scientist
5436239,2026-08-14 18:41:06+02,2026-08-14 18:41:06+02,Disparue,0,20,M1811,Data engineer,CDI,False,Provence-Alpes-Côte d'Azur,data analyst
5436555,2026-08-14 18:41:06+02,2026-08-31 21:32:21+02,Disparue,17,37,M1405,Data scientist,CDI,False,Ile-de-France,data scientist
5436567,2026-08-14 18:41:06+02,2026-08-31 21:32:21+02,Disparue,17,37,M1405,Data scientist,CDI,False,Ile-de-France,data scientist
5436569,2026-08-31 21:32:21+02,2026-08-31 21:32:26+02,Disparue,0,37,M1405,Data scientist,CDI,False,Ile-de-France,data scientist senior
5436574,2026-08-31 21:32:26+02,2026-08-31 21:32:26+02,Disparue,0,37,M1405,Data scientist,CDI,False,Ile-de-France,data scientist senior
5436594,2026-08-31 21:32:21+02,2026-08-31 21:32:26+02,Disparue,0,37,M1405,Data scientist,CDI,False,Ile-de-France,data scientist senior
5462392,2026-08-31 21:32:25+02,2026-09-26 08:35:36+02,Disparue,26,63,M1811,Data engineer,MIS,False,Hauts-de-France,data engineer senior
5470747,2026-08-14 18:41:06+02,2026-08-31 21:32:26+02,Disparue,17,36,M1405,Data scientist,CDI,False,Ile-de-France,data scientist senior
5470748,2026-08-31 21:32:21+02,2026-08-31 21:32:26+02,Disparue,0,36,M1405,Data scientist,CDI,False,Ile-de-France,data scientist senior
5475815,2026-08-14 18:45:54+02,2026-09-26 08:35:34+02,Disparue,43,62,M1860,Architecte cloud,CDI,False,Ile-de-France,mlops
5481160,2026-08-14 18:41:06+02,2026-08-14 18:41:06+02,Disparue,0,18,M1805,Développeur / Développeuse informatique,CDI,False,Ile-de-France,data analyst
5488516,2026-08-14 18:41:07+02,2026-08-14 18:41:07+02,Disparue,0,18,M1405,Data scientist,CDI,False,Auvergne-Rhône-Alpes,data scientist
211RWCC,2026-08-14 18:45:53+02,2026-08-14 18:45:53+02,Disparue,0,18,M1827,Ingénieur / Ingénieure DevOps,CDD,False,Normandie,devops
211RWJH,2026-08-15 00:53:20+02,2026-08-15 00:53:20+02,Disparue,0,19,M1806,Consultant fonctionnel / Consultante fonctionnelle des systèmes d'information,CDI,False,Hauts-de-France,business analyst
211SDWQ,2026-08-14 18:45:53+02,2026-09-22 08:30:36+02,Disparue,39,57,M1827,Ingénieur / Ingénieure DevOps,CDI,False,Occitanie,mlops
211SHJL,2026-08-14 18:45:51+02,2026-08-14 18:45:52+02,Disparue,0,18,H1206,Ingénieur / Ingénieure R&D en industrie,CDI,False,Occitanie,ml
211SKPL,2026-08-14 18:41:08+02,2026-08-14 18:41:08+02,Disparue,0,18,M1811,Data engineer,CDI,False,Auvergne-Rhône-Alpes,data engineer
211SKWW,2026-08-14 18:41:06+02,2026-08-31 21:32:20+02,Disparue,17,35,I1404,Conseiller / Conseillère support technique informatique,CDD,True,Ile-de-France,data analyst
211SQCV,2026-08-14 18:41:08+02,2026-08-14 18:41:08+02,Disparue,0,18,M1811,Data engineer,CDI,False,Pays de la Loire,data engineer
211SQPH,2026-08-15 00:53:20+02,2026-08-15 00:53:20+02,Disparue,0,19,M1806,Consultant fonctionnel / Consultante fonctionnelle des systèmes d'information,CDI,False,Ile-de-France,business analyst
211SQVZ,2026-08-14 18:41:08+02,2026-08-14 18:45:51+02,Disparue,0,18,M1811,Data engineer,CDD,True,Ile-de-France,machine learning
5496058,2026-08-14 18:41:06+02,2026-08-14 18:41:06+02,Disparue,0,17,M1801,Administrateur / Administratrice de systèmes d'information (SI),CDI,False,Grand Est,data analyst
5502541,2026-08-14 18:41:07+02,2026-08-14 18:41:07+02,Disparue,0,17,M1405,Data scientist,CDD,False,Bretagne,data scientist
5503391,2026-08-14 18:41:07+02,2026-09-26 08:35:30+02,Disparue,43,60,M1405,Data scientist,CDD,True,Auvergne-Rhône-Alpes,data scientist
5503473,2026-08-14 18:41:07+02,2026-08-14 18:41:07+02,Disparue,0,17,M1405,Data scientist,CDI,False,Hauts-de-France,data scientist
5505286,2026-08-31 21:32:28+02,2026-09-25 08:37:39+02,Disparue,25,59,M1889,Ingénieur / Ingénieure en Intelligence Artificielle (IA),CDI,False,Ile-de-France,developpeur ia
5506409,2026-08-14 18:41:07+02,2026-08-31 21:32:21+02,Disparue,17,34,M1405,Data scientist,CDI,False,Provence-Alpes-Côte d'Azur,data scientist
211SVQR,2026-08-14 18:41:08+02,2026-08-14 18:41:08+02,Disparue,0,17,M1811,Data engineer,CDD,True,Centre-Val de Loire,data engineer
211TDBP,2026-08-14 18:45:51+02,2026-08-31 21:32:22+02,Disparue,17,34,M1882,Architecte sécurité informatique,CDI,False,Provence-Alpes-Côte d'Azur,machine learning
211TDGT,2026-08-14 18:45:51+02,2026-08-14 18:45:51+02,Disparue,0,17,K2108,Professeur / Professeure des universités,CDD,False,Ile-de-France,machine learning
5509807,2026-08-14 18:41:06+02,2026-08-14 18:41:06+02,Disparue,0,17,M1419,Data analyst,CDD,True,Pays de la Loire,data analyst
211THBT,2026-08-14 18:45:53+02,2026-08-14 18:45:53+02,Disparue,0,17,M1827,Ingénieur / Ingénieure DevOps,CDI,False,Provence-Alpes-Côte d'Azur,devops
211THCL,2026-08-14 18:41:07+02,2026-08-14 18:41:07+02,Disparue,0,17,M1405,Data scientist,CDI,False,Ile-de-France,data scientist
211THTR,2026-08-14 18:45:53+02,2026-08-31 21:32:23+02,Disparue,17,34,M1827,Ingénieur / Ingénieure DevOps,CDI,False,Provence-Alpes-Côte d'Azur,devops
211TLKQ,2026-08-14 18:45:53+02,2026-08-14 18:45:53+02,Disparue,0,17,M1884,"Ingénieur / Ingénieure systèmes, réseaux et sécurité informatique",CDI,False,Ile-de-France,devops
5512138,2026-08-14 18:45:52+02,2026-08-14 18:45:52+02,Disparue,0,17,M1811,Data engineer,CDD,True,Ile-de-France,ml
211TQCZ,2026-08-15 00:53:20+02,2026-08-15 00:53:20+02,Disparue,0,18,M1806,Consultant fonctionnel / Consultante fonctionnelle des systèmes d'information,CCE,False,Ile-de-France,business analyst
211TQDT,2026-08-15 00:53:20+02,2026-08-15 00:53:20+02,Disparue,0,18,M1806,Consultant fonctionnel / Consultante fonctionnelle des systèmes d'information,CCE,False,Ile-de-France,business analyst
211TSZH,2026-08-14 18:41:07+02,2026-08-14 18:41:07+02,Disparue,0,17,M1405,Data scientist,CDD,False,Provence-Alpes-Côte d'Azur,data scientist
211TWJB,2026-08-14 18:41:08+02,2026-08-14 18:41:08+02,Disparue,0,17,M1811,Data engineer,CDI,False,Auvergne-Rhône-Alpes,data engineer
211TXDY,2026-08-14 18:41:07+02,2026-08-14 18:41:07+02,Disparue,0,17,M1405,Data scientist,CDI,False,Ile-de-France,data scientist
211TYXW,2026-08-14 18:45:53+02,2026-09-25 08:37:25+02,Disparue,42,59,M1863,Evaluateur / Evaluatrice sécurité des systèmes et produits informatiques,CDI,False,Ile-de-France,devops
211VBJJ,2026-08-15 00:53:20+02,2026-08-15 00:53:20+02,Disparue,0,17,M1806,Consultant fonctionnel / Consultante fonctionnelle des systèmes d'information,CDI,False,Ile-de-France,business analyst
5517620,2026-08-14 18:41:06+02,2026-08-14 18:41:06+02,Disparue,0,16,M1419,Data analyst,CDI,False,Ile-de-France,data analyst
5523959,2026-08-14 18:41:07+02,2026-08-14 18:41:07+02,Disparue,0,16,M1405,Data scientist,CDI,False,Pays de la Loire,data scientist
5524035,2026-08-14 18:41:06+02,2026-08-14 18:41:06+02,Disparue,0,16,M1419,Data analyst,CDI,False,Ile-de-France,data analyst
5548326,2026-08-14 18:41:06+02,2026-08-14 18:41:06+02,Disparue,0,16,G1302,Yield manager,CDI,False,Centre-Val de Loire,data analyst
211VGWH,2026-08-14 18:45:53+02,2026-08-14 18:45:53+02,Disparue,0,16,M1827,Ingénieur / Ingénieure DevOps,CDI,False,Ile-de-France,devops
211VHJJ,2026-08-14 18:41:06+02,2026-08-14 18:41:06+02,Disparue,0,16,M1419,Data analyst,CDD,True,Nouvelle-Aquitaine,data analyst
211VJNB,2026-08-14 18:41:08+02,2026-08-14 18:41:08+02,Disparue,0,16,M1811,Data engineer,CDI,False,Ile-de-France,data engineer
211VKNP,2026-08-14 18:41:08+02,2026-08-14 18:41:08+02,Disparue,0,16,M1811,Data engineer,CDI,False,Pays de la Loire,data engineer
5549913,2026-08-14 18:41:06+02,2026-08-14 18:41:06+02,Disparue,0,16,M1419,Data analyst,CDI,False,Bretagne,data analyst
211VLKQ,2026-08-14 18:45:53+02,2026-08-14 18:45:53+02,Disparue,0,16,M1827,Ingénieur / Ingénieure DevOps,CDI,False,Occitanie,devops
5557655,2026-08-14 18:41:07+02,2026-09-26 08:35:30+02,Disparue,43,59,M1405,Data scientist,CDI,False,Ile-de-France,data scientist
211VQQF,2026-08-14 18:41:07+02,2026-08-14 18:45:51+02,Disparue,0,16,M1405,Data scientist,CDD,False,Ile-de-France,machine learning
211VQZS,2026-08-14 18:45:53+02,2026-08-14 18:45:53+02,Disparue,0,16,M1827,Ingénieur / Ingénieure DevOps,CDD,False,Ile-de-France,devops
211VWPF,2026-08-14 18:41:08+02,2026-08-14 18:41:08+02,Disparue,0,16,M1811,Data engineer,CDD,False,Ile-de-France,data engineer
211VYZL,2026-08-14 18:45:53+02,2026-08-14 18:45:53+02,Disparue,0,16,M1827,Ingénieur / Ingénieure DevOps,CDI,False,Nouvelle-Aquitaine,devops
211VZBW,2026-08-14 18:45:51+02,2026-09-16 08:33:06+02,Disparue,33,49,K1740,Expert / Experte en opérations spatiales militaires,CDI,False,Provence-Alpes-Côte d'Azur,machine learning
211WBPN,2026-08-14 18:45:53+02,2026-08-14 18:45:53+02,Disparue,0,16,M1827,Ingénieur / Ingénieure DevOps,CDI,False,Ile-de-France,devops
211WCRT,2026-08-14 18:45:53+02,2026-08-14 18:45:53+02,Disparue,0,16,M1827,Ingénieur / Ingénieure DevOps,CDI,False,Ile-de-France,devops
211WDNL,2026-08-14 18:45:53+02,2026-08-14 18:45:53+02,Disparue,0,16,M1827,Ingénieur / Ingénieure DevOps,CDI,False,Ile-de-France,devops
211WDNX,2026-08-14 18:41:06+02,2026-08-14 18:41:06+02,Disparue,0,16,M1102,Directeur / Directrice des achats,CDI,False,Ile-de-France,data analyst
211WGHP,2026-08-14 18:41:06+02,2026-08-31 21:32:20+02,Disparue,17,33,M1419,Data analyst,MIS,False,Normandie,data analyst
5563652,2026-08-14 18:45:51+02,2026-09-26 08:35:32+02,Disparue,43,58,H1206,Ingénieur / Ingénieure R&D en industrie,CDI,False,Ile-de-France,machine learning
5564118,2026-08-14 18:41:07+02,2026-08-14 18:41:07+02,Disparue,0,15,M1405,Data scientist,CDI,False,Auvergne-Rhône-Alpes,data scientist
5569820,2026-08-14 18:41:06+02,2026-08-14 18:41:06+02,Disparue,0,15,M1419,Data analyst,CDI,False,Ile-de-France,data analyst
5570826,2026-08-14 18:45:51+02,2026-09-26 08:35:32+02,Disparue,43,58,M1889,Ingénieur / Ingénieure en Intelligence Artificielle (IA),CDI,False,Ile-de-France,machine learning
211WJZR,2026-08-14 18:41:06+02,2026-09-26 08:35:29+02,Disparue,43,58,M1419,Data analyst,CDI,False,Normandie,data analyst
211WLNG,2026-08-14 18:45:51+02,2026-08-14 18:45:51+02,Disparue,0,15,H1215,"Bioinformaticien / Bioinformaticienne en études, recherche et développement",CDI,False,Ile-de-France,machine learning
211WRGH,2026-08-14 18:41:07+02,2026-08-31 21:32:22+02,Disparue,17,32,M1405,Data scientist,CDD,False,Provence-Alpes-Côte d'Azur,machine learning
5587028,2026-08-14 18:41:06+02,2026-09-26 08:35:35+02,Disparue,43,58,M1435,Chargé de tracking vérificateur / Chargée de tracking vérificatrice,MIS,False,Ile-de-France,data analyst senior
5589298,2026-08-14 18:41:06+02,2026-08-14 18:41:06+02,Disparue,0,15,M1419,Data analyst,CDI,False,Occitanie,data analyst
211WVHN,2026-08-14 18:41:06+02,2026-08-14 18:41:07+02,Disparue,0,15,M1405,Data scientist,CDI,False,Ile-de-France,data scientist
211WVMG,2026-08-14 18:41:06+02,2026-08-14 18:41:06+02,Disparue,0,15,M1419,Data analyst,CDI,False,Auvergne-Rhône-Alpes,data analyst
211WWNF,2026-08-14 18:41:08+02,2026-08-14 18:41:08+02,Disparue,0,15,M1811,Data engineer,CDI,False,Ile-de-France,data engineer
211WYRB,2026-08-14 18:41:06+02,2026-08-14 18:41:08+02,Disparue,0,15,M1419,Data analyst,CDI,False,Auvergne-Rhône-Alpes,data engineer
211XFYW,2026-08-14 18:45:53+02,2026-08-14 18:45:53+02,Disparue,0,15,M1827,Ingénieur / Ingénieure DevOps,CDI,False,Ile-de-France,devops
211XHVW,2026-08-14 18:45:53+02,2026-08-14 18:45:53+02,Disparue,0,15,M1861,Développeur / Développeuse logiciel ou d'application,CDI,False,Nouvelle-Aquitaine,devops
211XHZB,2026-08-14 18:45:53+02,2026-08-14 18:45:53+02,Disparue,0,15,M1827,Ingénieur / Ingénieure DevOps,CDI,False,Ile-de-France,devops
211XLYH,2026-08-14 18:41:06+02,2026-08-14 18:41:06+02,Disparue,0,14,M1419,Data analyst,CDD,True,Ile-de-France,data analyst
5596957,2026-08-31 21:32:21+02,2026-08-31 21:32:21+02,Disparue,0,31,M1405,Data scientist,CDI,False,Ile-de-France,data scientist
5599901,2026-08-14 18:41:07+02,2026-08-31 21:32:21+02,Disparue,17,31,M1405,Data scientist,CDI,False,Ile-de-France,data scientist
5603664,2026-08-14 18:41:06+02,2026-08-14 18:41:06+02,Disparue,0,14,M1419,Data analyst,CDI,False,Auvergne-Rhône-Alpes,data analyst
5603806,2026-08-31 21:32:28+02,2026-08-31 21:32:28+02,Disparue,0,31,M1889,Ingénieur / Ingénieure en Intelligence Artificielle (IA),CDI,False,Non renseignee,developpeur ia
211XRBW,2026-08-14 18:41:06+02,2026-08-14 18:41:06+02,Disparue,0,14,M1419,Data analyst,CDI,False,Centre-Val de Loire,data analyst
211XRGP,2026-08-14 18:45:51+02,2026-08-14 18:45:51+02,Disparue,0,14,E1405,Référenceur / Référenceuse web,CDI,False,Occitanie,machine learning
211XVCZ,2026-08-14 18:45:51+02,2026-08-14 18:45:51+02,Disparue,0,14,M1880,Spécialiste e-santé,CDI,False,Ile-de-France,machine learning
211XVYS,2026-08-14 18:45:51+02,2026-08-14 18:45:51+02,Disparue,0,14,M1892,Ingénieur / Ingénieure en informatique embarquée,CDD,True,Occitanie,machine learning
5620786,2026-08-14 18:41:06+02,2026-08-14 18:41:06+02,Disparue,0,14,M1419,Data analyst,CDD,True,Auvergne-Rhône-Alpes,data analyst
5621080,2026-08-14 18:41:06+02,2026-08-14 18:41:06+02,Disparue,0,14,M1419,Data analyst,CDI,False,Hauts-de-France,data analyst
211XZCW,2026-08-14 18:41:06+02,2026-09-14 12:08:19+02,Disparue,31,45,M1419,Data analyst,CDI,False,Ile-de-France,data analyst
211YBNX,2026-08-14 18:41:07+02,2026-08-31 21:32:22+02,Disparue,17,31,M1405,Data scientist,CDI,False,Ile-de-France,machine learning
211YHVW,2026-08-14 18:45:53+02,2026-08-14 18:45:53+02,Disparue,0,14,M1827,Ingénieur / Ingénieure DevOps,CDD,False,Ile-de-France,devops
211YHWG,2026-08-14 18:41:08+02,2026-08-14 18:41:08+02,Disparue,0,14,M1811,Data engineer,CDI,False,Ile-de-France,data engineer
211YHZC,2026-08-14 18:45:51+02,2026-08-31 21:32:22+02,Disparue,17,31,H1101,Ingénieur / Ingénieure support technique,CDI,False,Ile-de-France,machine learning
211YJKK,2026-08-14 18:45:51+02,2026-08-31 21:32:22+02,Disparue,17,31,H1206,Ingénieur / Ingénieure R&D en industrie,CDI,False,Ile-de-France,machine learning
211YMDR,2026-08-14 18:45:53+02,2026-08-14 18:45:53+02,Disparue,0,14,M1827,Ingénieur / Ingénieure DevOps,CDI,False,Auvergne-Rhône-Alpes,devops
211YMWT,2026-08-14 18:45:51+02,2026-08-14 18:45:51+02,Disparue,0,14,M1841,Ingénieur informaticien / Ingénieure informaticienne,CDI,False,Ile-de-France,machine learning
211YNNV,2026-08-15 00:53:20+02,2026-08-31 21:32:30+02,Disparue,16,31,M1806,Consultant fonctionnel / Consultante fonctionnelle des systèmes d'information,CDI,False,Pays de la Loire,business analyst
211YNRY,2026-08-15 00:53:20+02,2026-08-15 00:53:20+02,Disparue,0,15,M1204,Contrôleur / Contrôleuse de gestion,CDI,False,Ile-de-France,business analyst
5630079,2026-08-14 18:41:06+02,2026-08-14 18:41:06+02,Disparue,0,13,M1419,Data analyst,CDD,False,Bretagne,data analyst
5630196,2026-08-14 18:41:06+02,2026-08-14 18:41:06+02,Disparue,0,13,M1419,Data analyst,CDI,False,Ile-de-France,data analyst
5630430,2026-08-14 18:41:06+02,2026-08-14 18:41:06+02,Disparue,0,13,M1405,Data scientist,CDI,False,Auvergne-Rhône-Alpes,data analyst
5634001,2026-08-14 18:41:07+02,2026-09-26 08:35:30+02,Disparue,43,56,M1405,Data scientist,CDI,False,Ile-de-France,data scientist
5635462,2026-08-14 18:41:07+02,2026-08-14 18:41:07+02,Disparue,0,13,M1405,Data scientist,CDI,False,Ile-de-France,data scientist
5655085,2026-08-14 18:41:07+02,2026-08-31 21:32:23+02,Disparue,17,30,M1405,Data scientist,CDI,False,Provence-Alpes-Côte d'Azur,ml
5655044,2026-08-14 18:41:07+02,2026-08-14 18:41:07+02,Disparue,0,13,M1702,Planneur / Planneuse stratégique,CDI,False,Ile-de-France,data scientist
5658992,2026-08-14 18:41:06+02,2026-08-14 18:41:06+02,Disparue,0,13,M1423,Chief Data Officer,CDI,False,Grand Est,data analyst
5660037,2026-08-31 21:32:28+02,2026-08-31 21:32:28+02,Disparue,0,30,M1889,Ingénieur / Ingénieure en Intelligence Artificielle (IA),CDD,True,Ile-de-France,developpeur ia
5661997,2026-08-31 21:32:25+02,2026-09-22 08:30:38+02,Disparue,22,52,M1811,Data engineer,MIS,False,Ile-de-France,data engineer senior
5664919,2026-08-31 21:32:29+02,2026-09-26 08:35:43+02,Disparue,26,56,M1605,Secrétaire technique,CDI,False,Ile-de-France,genai
5665202,2026-08-14 18:45:51+02,2026-08-14 18:45:51+02,Disparue,0,13,M1889,Ingénieur / Ingénieure en Intelligence Artificielle (IA),CDI,False,Occitanie,machine learning
5665219,2026-08-31 21:32:28+02,2026-09-16 08:33:13+02,Disparue,16,46,M1889,Ingénieur / Ingénieure en Intelligence Artificielle (IA),CDI,False,Grand Est,developpeur ia
5665612,2026-08-31 21:32:26+02,2026-09-16 08:33:10+02,Disparue,16,46,M1405,Data scientist,CDI,False,Ile-de-France,data scientist senior
5665738,2026-08-31 21:32:28+02,2026-09-26 08:35:41+02,Disparue,26,56,M1889,Ingénieur / Ingénieure en Intelligence Artificielle (IA),CDI,False,Ile-de-France,developpeur ia
5665835,2026-08-14 18:41:06+02,2026-08-14 18:41:06+02,Disparue,0,13,M1419,Data analyst,CDI,False,Ile-de-France,data analyst
5665901,2026-08-14 18:41:06+02,2026-08-14 18:41:06+02,Disparue,0,13,M1419,Data analyst,CDI,False,Grand Est,data analyst
5666001,2026-08-31 21:32:25+02,2026-09-26 08:35:36+02,Disparue,26,56,M1811,Data engineer,CDI,False,Auvergne-Rhône-Alpes,data engineer senior
211YSFT,2026-08-14 18:45:51+02,2026-08-31 21:32:23+02,Disparue,17,30,H1215,"Bioinformaticien / Bioinformaticienne en études, recherche et développement",CDI,False,Ile-de-France,ml
5672836,2026-08-14 18:41:06+02,2026-08-14 18:41:06+02,Disparue,0,12,M1419,Data analyst,CDI,False,Ile-de-France,data analyst
5677286,2026-08-14 18:41:07+02,2026-08-14 18:41:07+02,Disparue,0,12,M1405,Data scientist,CDI,False,Auvergne-Rhône-Alpes,data scientist
5677287,2026-08-14 18:41:06+02,2026-08-14 18:41:06+02,Disparue,0,12,M1419,Data analyst,CDI,False,Auvergne-Rhône-Alpes,data analyst
5677295,2026-08-14 18:41:07+02,2026-08-14 18:45:51+02,Disparue,0,12,M1405,Data scientist,CDI,False,Ile-de-France,machine learning
5677298,2026-08-14 18:41:07+02,2026-08-14 18:45:51+02,Disparue,0,12,M1405,Data scientist,CDI,False,Auvergne-Rhône-Alpes,machine learning
5683769,2026-08-14 18:41:07+02,2026-08-14 18:41:07+02,Disparue,0,12,M1405,Data scientist,CDI,False,Ile-de-France,data scientist
5683773,2026-08-14 18:41:07+02,2026-08-14 18:41:07+02,Disparue,0,12,M1405,Data scientist,CDI,False,Ile-de-France,data scientist
5684556,2026-08-14 18:41:06+02,2026-08-14 18:41:06+02,Disparue,0,12,M1419,Data analyst,LIB,False,Ile-de-France,data analyst
5684597,2026-08-14 18:45:51+02,2026-08-14 18:45:51+02,Disparue,0,12,M1868,Architecte base de données,CDI,False,Hauts-de-France,machine learning
5684981,2026-08-14 18:41:06+02,2026-08-14 18:41:06+02,Disparue,0,12,M1419,Data analyst,CDD,True,Auvergne-Rhône-Alpes,data analyst
5687975,2026-08-14 18:41:07+02,2026-08-14 18:41:07+02,Disparue,0,11,M1405,Data scientist,CDI,False,Ile-de-France,data scientist
5688360,2026-08-14 18:41:08+02,2026-08-14 18:41:08+02,Disparue,0,11,M1811,Data engineer,CDI,False,Ile-de-France,data engineer
211YVQP,2026-08-31 21:32:28+02,2026-08-31 21:32:28+02,Disparue,0,28,M1889,Ingénieur / Ingénieure en Intelligence Artificielle (IA),CDI,False,Hauts-de-France,developpeur ia
5689475,2026-08-14 18:41:07+02,2026-09-26 08:35:43+02,Disparue,43,54,M1811,Data engineer,CDI,False,Ile-de-France,genai
211ZDFR,2026-08-14 18:45:53+02,2026-08-14 18:45:53+02,Disparue,0,11,H1206,Ingénieur / Ingénieure R&D en industrie,CDI,False,Ile-de-France,devops
211ZDZS,2026-08-14 18:45:53+02,2026-09-14 12:08:25+02,Disparue,31,42,M1827,Ingénieur / Ingénieure DevOps,CDI,False,Provence-Alpes-Côte d'Azur,devops
5690333,2026-08-14 18:41:07+02,2026-09-26 08:35:30+02,Disparue,43,54,M1405,Data scientist,CDI,False,Bourgogne-Franche-Comté,data scientist
211ZFVB,2026-08-14 18:41:06+02,2026-08-14 18:41:06+02,Disparue,0,11,M1419,Data analyst,CDI,False,Ile-de-France,data analyst
211ZGNP,2026-08-14 18:45:51+02,2026-08-31 21:32:22+02,Disparue,17,28,M1201,Analyste financier / Analyste financière,CDI,False,Ile-de-France,machine learning
211ZGNV,2026-08-14 18:45:51+02,2026-08-31 21:32:22+02,Disparue,17,28,M1201,Analyste financier / Analyste financière,CDI,False,Ile-de-France,machine learning
211ZJSK,2026-08-14 18:41:08+02,2026-08-14 18:41:08+02,Disparue,0,11,M1811,Data engineer,CDI,False,Ile-de-France,data engineer
211ZLPJ,2026-08-14 18:41:06+02,2026-08-14 18:41:06+02,Disparue,0,11,M1419,Data analyst,CDI,False,Grand Est,data analyst
211ZLRL,2026-08-14 18:41:06+02,2026-08-14 18:41:06+02,Disparue,0,11,M1419,Data analyst,CDI,False,Grand Est,data analyst
211ZMDB,2026-08-14 18:45:53+02,2026-08-14 18:45:53+02,Disparue,0,11,M1827,Ingénieur / Ingénieure DevOps,CDI,False,Martinique,devops
211ZNGX,2026-08-14 18:45:51+02,2026-09-22 08:30:34+02,Disparue,39,50,H1206,Ingénieur / Ingénieure R&D en industrie,CDD,False,Grand Est,machine learning
211ZNPM,2026-08-14 18:41:08+02,2026-08-14 18:41:08+02,Disparue,0,11,M1811,Data engineer,CDI,False,Auvergne-Rhône-Alpes,data engineer
211ZXFF,2026-08-14 18:45:53+02,2026-08-14 18:45:53+02,Disparue,0,11,M1855,Développeur / Développeuse web,CDI,False,Grand Est,devops
211ZYHB,2026-08-14 18:45:51+02,2026-09-22 08:30:34+02,Disparue,39,49,M1889,Ingénieur / Ingénieure en Intelligence Artificielle (IA),CDD,False,Ile-de-France,machine learning
212BFBV,2026-08-14 18:41:06+02,2026-08-14 18:41:06+02,Disparue,0,10,M1419,Data analyst,CDI,False,Grand Est,data analyst
212BJXN,2026-08-14 18:45:53+02,2026-08-14 18:45:53+02,Disparue,0,10,M1827,Ingénieur / Ingénieure DevOps,CDI,False,Hauts-de-France,devops
212BLMM,2026-08-14 18:45:53+02,2026-08-31 21:32:23+02,Disparue,17,27,M1827,Ingénieur / Ingénieure DevOps,CDI,False,Provence-Alpes-Côte d'Azur,devops
212BLXF,2026-08-14 18:41:08+02,2026-08-31 21:32:21+02,Disparue,17,27,M1811,Data engineer,CDD,True,Ile-de-France,data engineer
212BNGP,2026-08-14 18:45:51+02,2026-08-31 21:32:22+02,Disparue,17,27,M1201,Analyste financier / Analyste financière,CDI,False,Ile-de-France,machine learning
212BTPT,2026-08-14 18:41:06+02,2026-08-14 18:41:06+02,Disparue,0,10,M1211,Expert-comptable / Experte-comptable,CDI,False,Occitanie,data analyst
212BWCT,2026-08-14 18:45:53+02,2026-09-16 08:33:07+02,Disparue,33,43,M1827,Ingénieur / Ingénieure DevOps,CDD,False,Ile-de-France,devops
212BXLJ,2026-08-14 18:41:08+02,2026-08-14 18:41:08+02,Disparue,0,10,M1811,Data engineer,CDI,False,Ile-de-France,data engineer
212BXWK,2026-08-15 00:53:20+02,2026-08-31 21:32:30+02,Disparue,16,27,M1806,Consultant fonctionnel / Consultante fonctionnelle des systèmes d'information,CDI,False,Auvergne-Rhône-Alpes,business analyst
212BZGN,2026-08-14 18:45:53+02,2026-08-14 18:45:53+02,Disparue,0,10,M1851,Analyste décisionnel - Business Intelligence,CDD,False,Non renseignee,devops
212CBQM,2026-08-15 00:53:20+02,2026-08-15 00:53:20+02,Disparue,0,11,M1806,Consultant fonctionnel / Consultante fonctionnelle des systèmes d'information,CDI,False,Nouvelle-Aquitaine,business analyst
212CCPJ,2026-08-15 00:53:20+02,2026-08-15 00:53:20+02,Disparue,0,11,M1508,Conseiller / Conseillère en gestion de carrière,CDD,False,Ile-de-France,business analyst
212CGMW,2026-08-14 18:41:08+02,2026-08-31 21:32:25+02,Disparue,17,26,M1811,Data engineer,CDI,False,Ile-de-France,data engineer senior
212CHRB,2026-08-14 18:45:53+02,2026-08-31 21:32:23+02,Disparue,17,26,M1827,Ingénieur / Ingénieure DevOps,CDI,False,Occitanie,devops
212CJXF,2026-08-15 00:53:20+02,2026-08-15 00:53:20+02,Disparue,0,10,M1806,Consultant fonctionnel / Consultante fonctionnelle des systèmes d'information,CDI,False,Ile-de-France,business analyst
212CLYD,2026-08-14 18:45:52+02,2026-09-26 08:35:33+02,Disparue,43,52,M1889,Ingénieur / Ingénieure en Intelligence Artificielle (IA),CDI,False,Ile-de-France,ml
212CMTJ,2026-08-14 18:45:51+02,2026-08-14 18:45:51+02,Disparue,0,9,M1860,Architecte cloud,CDI,False,Pays de la Loire,machine learning
212CNQH,2026-08-14 18:41:08+02,2026-09-22 08:30:33+02,Disparue,39,48,M1811,Data engineer,CDI,False,Hauts-de-France,data engineer
212CQMJ,2026-08-14 18:45:53+02,2026-08-14 18:45:53+02,Disparue,0,9,I1401,Technicien / Technicienne de maintenance en informatique,CDD,False,Normandie,devops
212CQVG,2026-08-14 18:45:53+02,2026-08-14 18:45:53+02,Disparue,0,9,M1861,Développeur / Développeuse logiciel ou d'application,CDI,False,Nouvelle-Aquitaine,devops
5699764,2026-08-14 18:41:07+02,2026-08-31 21:32:21+02,Disparue,17,26,M1405,Data scientist,CDI,False,Hauts-de-France,data scientist
5700818,2026-08-14 18:41:08+02,2026-08-14 18:41:08+02,Disparue,0,9,M1811,Data engineer,CDI,False,Occitanie,data engineer
5702361,2026-08-14 18:41:06+02,2026-08-14 18:41:06+02,Disparue,0,9,G1302,Yield manager,CDD,False,Ile-de-France,data analyst
5707600,2026-08-14 18:41:08+02,2026-08-14 18:41:08+02,Disparue,0,9,M1405,Data scientist,CDI,False,Pays de la Loire,data engineer
5711038,2026-08-14 18:41:06+02,2026-08-14 18:41:06+02,Disparue,0,9,M1419,Data analyst,CDI,False,Nouvelle-Aquitaine,data analyst
5711063,2026-08-31 21:32:28+02,2026-08-31 21:32:28+02,Disparue,0,26,M1855,Développeur / Développeuse web,CDI,False,Nouvelle-Aquitaine,developpeur ia
5711154,2026-08-14 18:41:08+02,2026-08-14 18:41:08+02,Disparue,0,9,M1811,Data engineer,CDI,False,Hauts-de-France,data engineer
5711895,2026-08-14 18:41:08+02,2026-08-14 18:41:08+02,Disparue,0,9,M1811,Data engineer,CDI,False,Ile-de-France,data engineer
5712555,2026-08-14 18:41:07+02,2026-08-14 18:41:07+02,Disparue,0,9,M1405,Data scientist,CDD,False,Ile-de-France,data scientist
5713538,2026-08-31 21:32:28+02,2026-08-31 21:32:28+02,Disparue,0,26,M1889,Ingénieur / Ingénieure en Intelligence Artificielle (IA),CDI,False,Grand Est,developpeur ia
5713539,2026-08-14 18:41:08+02,2026-08-14 18:41:08+02,Disparue,0,9,M1811,Data engineer,CDI,False,Nouvelle-Aquitaine,data engineer
5713541,2026-08-14 18:45:51+02,2026-08-31 21:32:22+02,Disparue,17,26,M1889,Ingénieur / Ingénieure en Intelligence Artificielle (IA),CDI,False,Hauts-de-France,machine learning
5700448,2026-08-14 18:41:06+02,2026-08-14 18:41:06+02,Disparue,0,9,G1211,Analyste de la performance sportive,CDI,False,Pays de la Loire,data analyst
5725694,2026-08-14 18:41:06+02,2026-08-31 21:32:20+02,Disparue,17,26,M1419,Data analyst,CDD,True,Ile-de-France,data analyst
5726965,2026-08-31 21:32:28+02,2026-08-31 21:32:28+02,Disparue,0,26,D1410,Attaché commercial / Attachée commerciale,CDD,True,Ile-de-France,developpeur ia
5700964,2026-08-14 18:41:07+02,2026-08-14 18:41:07+02,Disparue,0,9,M1405,Data scientist,CDI,False,Non renseignee,data scientist
5702523,2026-08-14 18:45:52+02,2026-08-31 21:32:23+02,Disparue,17,26,G1302,Yield manager,CDI,False,Ile-de-France,ml
5706982,2026-08-14 18:41:08+02,2026-08-14 18:41:08+02,Disparue,0,9,M1811,Data engineer,CDI,False,Pays de la Loire,data engineer
5710455,2026-08-14 18:41:08+02,2026-08-14 18:41:08+02,Disparue,0,9,M1811,Data engineer,CDI,False,Grand Est,data engineer
5710523,2026-08-14 18:41:08+02,2026-08-14 18:41:08+02,Disparue,0,9,M1811,Data engineer,CDI,False,Grand Est,data engineer
5710589,2026-08-14 18:45:51+02,2026-08-31 21:32:22+02,Disparue,17,26,M1889,Ingénieur / Ingénieure en Intelligence Artificielle (IA),CDI,False,Grand Est,machine learning
212CSLT,2026-08-14 18:45:53+02,2026-08-14 18:45:53+02,Disparue,0,9,M1874,Spécialiste support,CDI,False,Corse,devops
5723991,2026-08-14 18:41:08+02,2026-08-14 18:41:08+02,Disparue,0,9,M1811,Data engineer,CDI,False,Auvergne-Rhône-Alpes,data engineer
212CWPQ,2026-08-14 18:45:51+02,2026-08-31 21:32:22+02,Disparue,17,26,L1505,Opérateur / Opératrice de prise de vues,CDI,False,Ile-de-France,machine learning
212CXFZ,2026-08-14 18:45:51+02,2026-08-14 18:45:51+02,Disparue,0,9,M1889,Ingénieur / Ingénieure en Intelligence Artificielle (IA),CDI,False,Ile-de-France,machine learning
212CXJH,2026-08-14 18:45:53+02,2026-08-14 18:45:53+02,Disparue,0,9,M1855,Développeur / Développeuse web,CDI,False,Occitanie,devops
212CYQM,2026-08-14 18:45:53+02,2026-08-14 18:45:53+02,Disparue,0,9,M1876,Technicien / Technicienne Cloud,CDI,False,Ile-de-France,devops
212CZSV,2026-08-14 18:41:08+02,2026-08-14 18:41:08+02,Disparue,0,9,M1718,Chargé / Chargée de marketing digital,CDI,False,Ile-de-France,data engineer
212DCDV,2026-08-14 18:45:53+02,2026-08-14 18:45:53+02,Disparue,0,9,F1117,Ingénieur / Ingénieure d'étude CVC,CDI,False,Occitanie,devops
212DCLY,2026-08-31 21:32:21+02,2026-09-16 08:33:05+02,Disparue,16,42,M1811,Data engineer,CDI,False,Hauts-de-France,data engineer
212DDCX,2026-08-14 18:41:08+02,2026-08-14 18:41:08+02,Disparue,0,9,M1811,Data engineer,CDI,False,Ile-de-France,data engineer
212DFRB,2026-08-14 18:45:53+02,2026-08-31 21:32:23+02,Disparue,17,26,M1810,Technicien / Technicienne d'exploitation informatique,MIS,False,Hauts-de-France,devops
212DHFL,2026-08-14 18:45:53+02,2026-08-31 21:32:23+02,Disparue,17,25,M1841,Ingénieur informaticien / Ingénieure informaticienne,CDD,False,Bretagne,devops
5737785,2026-08-14 18:41:06+02,2026-08-31 21:32:20+02,Disparue,17,25,M1419,Data analyst,CDD,False,Ile-de-France,data analyst
5738073,2026-08-14 18:41:06+02,2026-08-31 21:32:20+02,Disparue,17,25,M1419,Data analyst,CDI,False,Non renseignee,data analyst
5739442,2026-08-14 18:41:07+02,2026-08-31 21:32:21+02,Disparue,17,25,M1405,Data scientist,CDI,False,Ile-de-France,data scientist
5739448,2026-08-14 18:41:07+02,2026-08-31 21:32:21+02,Disparue,17,25,M1405,Data scientist,CDI,False,Ile-de-France,data scientist
5742138,2026-08-14 18:41:08+02,2026-08-14 18:41:08+02,Disparue,0,8,M1811,Data engineer,CDI,False,Hauts-de-France,data engineer
5742738,2026-08-14 18:41:06+02,2026-08-31 21:32:20+02,Disparue,17,25,M1419,Data analyst,CDI,False,Ile-de-France,data analyst
5744284,2026-08-14 18:41:08+02,2026-08-14 18:41:08+02,Disparue,0,8,C1120,Conseiller / Conseillère en études actuarielles,CDI,False,Hauts-de-France,data engineer
212DPYL,2026-08-14 18:45:53+02,2026-08-14 18:45:53+02,Disparue,0,8,H1520,Ingénieur qualité / Ingénieure qualité,CDI,False,Provence-Alpes-Côte d'Azur,devops
5777482,2026-08-14 18:41:07+02,2026-08-14 18:41:07+02,Disparue,0,8,M1405,Data scientist,CDI,False,Ile-de-France,data scientist
5778447,2026-08-14 18:41:07+02,2026-09-26 08:35:30+02,Disparue,43,51,M1405,Data scientist,CDI,False,Ile-de-France,data scientist
5780139,2026-08-14 18:41:08+02,2026-08-14 18:41:08+02,Disparue,0,8,C1106,Expert / Experte risques en assurances,CDI,False,Grand Est,data engineer
5780667,2026-08-14 18:45:51+02,2026-08-31 21:32:22+02,Disparue,17,25,H1406,Ingénieur / Ingénieure supply chain en industrie,CDI,False,Ile-de-France,machine learning
212DWJR,2026-08-14 18:45:51+02,2026-09-26 08:35:32+02,Disparue,43,51,H1208,Automaticien / Automaticienne en bureau d'études,CDD,False,Auvergne-Rhône-Alpes,machine learning
5782048,2026-08-14 18:41:07+02,2026-08-14 18:41:07+02,Disparue,0,8,M1405,Data scientist,CDD,False,Ile-de-France,data scientist
212DYPT,2026-08-14 18:41:08+02,2026-08-14 18:41:08+02,Disparue,0,8,M1811,Data engineer,CDD,True,Ile-de-France,data engineer
212DZWS,2026-08-14 18:45:53+02,2026-09-26 08:35:33+02,Disparue,43,51,M1827,Ingénieur / Ingénieure DevOps,CDI,False,Provence-Alpes-Côte d'Azur,devops
212FCNW,2026-08-14 18:45:53+02,2026-08-14 18:45:53+02,Disparue,0,8,M1889,Ingénieur / Ingénieure en Intelligence Artificielle (IA),CDI,False,Auvergne-Rhône-Alpes,devops
212FCRS,2026-08-14 18:45:53+02,2026-08-14 18:45:53+02,Disparue,0,8,M1855,Développeur / Développeuse web,CDI,False,Auvergne-Rhône-Alpes,devops
212FDLL,2026-08-14 18:45:53+02,2026-08-14 18:45:53+02,Disparue,0,8,M1818,Ingénieur / Ingénieure d'étude informatique,CDI,False,Provence-Alpes-Côte d'Azur,devops
212FDSX,2026-08-14 18:45:51+02,2026-08-31 21:32:22+02,Disparue,17,25,H1206,Ingénieur / Ingénieure R&D en industrie,CDI,False,Nouvelle-Aquitaine,machine learning
212FHYV,2026-08-14 18:41:06+02,2026-08-31 21:32:20+02,Disparue,17,25,M1419,Data analyst,CDD,True,Ile-de-France,data analyst
5787434,2026-08-14 18:41:06+02,2026-08-31 21:32:20+02,Disparue,17,25,M1419,Data analyst,CDD,True,Ile-de-France,data analyst
5787824,2026-08-14 18:45:51+02,2026-08-14 18:45:51+02,Disparue,0,8,M1889,Ingénieur / Ingénieure en Intelligence Artificielle (IA),CDD,False,Ile-de-France,machine learning
5793037,2026-08-14 18:41:08+02,2026-08-14 18:41:08+02,Disparue,0,7,M1811,Data engineer,CDI,False,Ile-de-France,data engineer
5793039,2026-08-14 18:41:06+02,2026-08-14 18:41:06+02,Disparue,0,7,M1419,Data analyst,CDI,False,Ile-de-France,data analyst
5793136,2026-08-14 18:41:08+02,2026-08-14 18:41:08+02,Disparue,0,7,M1811,Data engineer,CDI,False,Bretagne,data engineer
5793178,2026-08-14 18:45:51+02,2026-08-31 21:32:22+02,Disparue,17,24,M1889,Ingénieur / Ingénieure en Intelligence Artificielle (IA),CDI,False,Nouvelle-Aquitaine,machine learning
5793344,2026-08-14 18:41:08+02,2026-08-14 18:41:08+02,Disparue,0,7,M1811,Data engineer,CDI,False,Auvergne-Rhône-Alpes,data engineer
5795767,2026-08-15 00:53:20+02,2026-08-15 00:53:20+02,Disparue,0,8,M1201,Analyste financier / Analyste financière,CDI,False,Normandie,business analyst
5797630,2026-08-15 00:53:20+02,2026-08-15 00:53:20+02,Disparue,0,8,M1806,Consultant fonctionnel / Consultante fonctionnelle des systèmes d'information,CDI,False,Auvergne-Rhône-Alpes,business analyst
5798594,2026-08-14 18:45:51+02,2026-08-31 21:32:22+02,Disparue,17,24,M1889,Ingénieur / Ingénieure en Intelligence Artificielle (IA),CDI,False,Auvergne-Rhône-Alpes,machine learning
5801106,2026-08-15 00:53:20+02,2026-08-15 00:53:20+02,Disparue,0,8,M1806,Consultant fonctionnel / Consultante fonctionnelle des systèmes d'information,MIS,False,Ile-de-France,business analyst
5801477,2026-08-14 18:41:07+02,2026-08-31 21:32:21+02,Disparue,17,24,M1405,Data scientist,CDI,False,Auvergne-Rhône-Alpes,data scientist
5801649,2026-08-14 18:41:08+02,2026-08-14 18:41:08+02,Disparue,0,7,M1811,Data engineer,CDI,False,Hauts-de-France,data engineer
5801798,2026-08-15 00:53:20+02,2026-08-15 00:53:20+02,Disparue,0,8,M1806,Consultant fonctionnel / Consultante fonctionnelle des systèmes d'information,CDI,False,Ile-de-France,business analyst
5815848,2026-08-14 18:41:06+02,2026-08-14 18:41:06+02,Disparue,0,7,G1302,Yield manager,CDI,False,Ile-de-France,data analyst
212FNTK,2026-08-14 18:41:08+02,2026-08-14 18:45:53+02,Disparue,0,7,M1811,Data engineer,CDI,False,Ile-de-France,devops
212FNWB,2026-08-15 00:53:20+02,2026-08-31 21:32:30+02,Disparue,16,24,M1806,Consultant fonctionnel / Consultante fonctionnelle des systèmes d'information,CDI,False,Ile-de-France,business analyst
212FPBF,2026-08-14 18:41:08+02,2026-08-14 18:45:53+02,Disparue,0,7,M1811,Data engineer,CDI,False,Ile-de-France,devops
212FQHL,2026-08-14 18:45:53+02,2026-08-14 18:45:53+02,Disparue,0,7,M1801,Administrateur / Administratrice de systèmes d'information (SI),CDI,False,Pays de la Loire,devops
212FQHZ,2026-08-14 18:45:53+02,2026-08-14 18:45:53+02,Disparue,0,7,M1801,Administrateur / Administratrice de systèmes d'information (SI),CDI,False,Bretagne,devops
5819159,2026-08-15 00:53:20+02,2026-08-15 00:53:20+02,Disparue,0,8,M1419,Data analyst,CDI,False,Provence-Alpes-Côte d'Azur,business analyst
5819342,2026-08-14 18:41:08+02,2026-08-14 18:41:08+02,Disparue,0,7,M1868,Architecte base de données,CDI,False,Ile-de-France,data engineer
5819376,2026-08-14 18:41:08+02,2026-08-14 18:41:08+02,Disparue,0,7,M1868,Architecte base de données,CDI,False,Provence-Alpes-Côte d'Azur,data engineer
5821012,2026-08-31 21:32:28+02,2026-08-31 21:32:28+02,Disparue,0,24,M1889,Ingénieur / Ingénieure en Intelligence Artificielle (IA),MIS,False,Bretagne,developpeur ia
5821158,2026-08-14 18:41:07+02,2026-08-31 21:32:21+02,Disparue,17,24,M1405,Data scientist,CDI,False,Auvergne-Rhône-Alpes,data scientist
212FWFH,2026-08-14 18:41:07+02,2026-08-14 18:45:51+02,Disparue,0,7,M1405,Data scientist,CDI,False,Ile-de-France,machine learning
5823585,2026-08-15 00:53:20+02,2026-08-15 00:53:20+02,Disparue,0,8,M1852,Analyste d'étude informatique,CDI,False,Ile-de-France,business analyst
212GCNN,2026-08-14 18:45:53+02,2026-08-14 18:45:53+02,Disparue,0,7,M1855,Développeur / Développeuse web,CDI,False,Ile-de-France,devops
212GCXP,2026-08-14 18:41:08+02,2026-08-14 18:41:08+02,Disparue,0,7,M1718,Chargé / Chargée de marketing digital,CDD,False,Ile-de-France,data engineer
212GDBB,2026-08-15 00:53:20+02,2026-08-31 21:32:30+02,Disparue,16,24,M1806,Consultant fonctionnel / Consultante fonctionnelle des systèmes d'information,MIS,False,Ile-de-France,business analyst
212GFBC,2026-08-14 18:45:51+02,2026-09-26 08:35:32+02,Disparue,43,50,H2605,Monteur-câbleur / Monteuse-câbleuse,CDD,False,Grand Est,machine learning
212GGZC,2026-08-14 18:41:06+02,2026-08-31 21:32:20+02,Disparue,17,24,M1419,Data analyst,CDI,False,Ile-de-France,data analyst
212GHVC,2026-08-15 00:53:20+02,2026-08-31 21:32:30+02,Disparue,16,24,M1806,Consultant fonctionnel / Consultante fonctionnelle des systèmes d'information,CDI,False,Auvergne-Rhône-Alpes,business analyst
212GKZK,2026-08-14 18:45:53+02,2026-08-14 18:45:53+02,Disparue,0,7,M1810,Technicien / Technicienne d'exploitation informatique,CDI,False,Non renseignee,devops
212GLBL,2026-08-15 00:53:20+02,2026-08-31 21:32:30+02,Disparue,16,24,M1806,Consultant fonctionnel / Consultante fonctionnelle des systèmes d'information,CDI,False,Auvergne-Rhône-Alpes,business analyst
212GLDX,2026-08-14 18:45:53+02,2026-08-14 18:45:53+02,Disparue,0,7,M1810,Technicien / Technicienne d'exploitation informatique,CDD,False,Non renseignee,devops
212GLGM,2026-08-14 18:45:53+02,2026-08-14 18:45:53+02,Disparue,0,7,M1805,Développeur / Développeuse informatique,CDI,False,Non renseignee,devops
212GLGS,2026-08-14 18:45:53+02,2026-08-14 18:45:53+02,Disparue,0,7,M1805,Développeur / Développeuse informatique,CDD,False,Non renseignee,devops
212GLGY,2026-08-14 18:45:53+02,2026-08-14 18:45:53+02,Disparue,0,7,M1806,Consultant fonctionnel / Consultante fonctionnelle des systèmes d'information,CDI,False,Non renseignee,devops
212GLHF,2026-08-14 18:45:53+02,2026-08-14 18:45:53+02,Disparue,0,7,M1806,Consultant fonctionnel / Consultante fonctionnelle des systèmes d'information,CDD,False,Non renseignee,devops
212GLHJ,2026-08-14 18:45:51+02,2026-08-31 21:32:22+02,Disparue,17,24,M1851,Analyste décisionnel - Business Intelligence,CDI,False,Non renseignee,machine learning
212GLHM,2026-08-14 18:45:51+02,2026-08-31 21:32:22+02,Disparue,17,24,M1851,Analyste décisionnel - Business Intelligence,CDD,False,Non renseignee,machine learning
212GMRZ,2026-08-14 18:45:53+02,2026-08-14 18:45:53+02,Disparue,0,7,M1855,Développeur / Développeuse web,CDI,False,Hauts-de-France,devops
5828327,2026-08-15 00:53:20+02,2026-08-15 00:53:20+02,Disparue,0,8,M1806,Consultant fonctionnel / Consultante fonctionnelle des systèmes d'information,CDI,False,Ile-de-France,business analyst
5828352,2026-08-15 00:53:20+02,2026-08-15 00:53:20+02,Disparue,0,8,M1806,Consultant fonctionnel / Consultante fonctionnelle des systèmes d'information,CDI,False,Pays de la Loire,business analyst
5829011,2026-08-14 18:41:06+02,2026-08-14 18:41:06+02,Disparue,0,6,M1419,Data analyst,CDI,False,Ile-de-France,data analyst
5829043,2026-08-31 21:32:28+02,2026-09-22 08:30:42+02,Disparue,22,45,M1855,Développeur / Développeuse web,CDI,False,Auvergne-Rhône-Alpes,developpeur ia
5830975,2026-08-14 18:41:06+02,2026-08-31 21:32:20+02,Disparue,17,23,M1419,Data analyst,CDI,False,Ile-de-France,data analyst
5832423,2026-08-14 18:41:07+02,2026-08-31 21:32:21+02,Disparue,17,23,M1405,Data scientist,CDI,False,Auvergne-Rhône-Alpes,data scientist
5833007,2026-08-14 18:41:07+02,2026-09-25 08:37:19+02,Disparue,42,48,M1405,Data scientist,LIB,False,Ile-de-France,data scientist
5835522,2026-08-14 18:41:06+02,2026-08-14 18:41:06+02,Disparue,0,6,M1419,Data analyst,MIS,False,Centre-Val de Loire,data analyst
5835597,2026-08-14 18:45:51+02,2026-08-31 21:32:28+02,Disparue,17,23,M1889,Ingénieur / Ingénieure en Intelligence Artificielle (IA),CDD,True,Grand Est,developpeur ia
5848362,2026-08-15 00:53:20+02,2026-08-15 00:53:20+02,Disparue,0,7,G1302,Yield manager,CDI,False,Ile-de-France,business analyst
212GPNC,2026-08-14 18:41:08+02,2026-08-31 21:32:21+02,Disparue,17,23,M1811,Data engineer,CDI,False,Nouvelle-Aquitaine,data engineer
212GPND,2026-08-14 18:45:53+02,2026-08-31 21:32:23+02,Disparue,17,23,M1827,Ingénieur / Ingénieure DevOps,CDI,False,Nouvelle-Aquitaine,devops
212GPNJ,2026-08-14 18:45:53+02,2026-08-31 21:32:23+02,Disparue,17,23,M1827,Ingénieur / Ingénieure DevOps,CDI,False,Nouvelle-Aquitaine,devops
212GPNM,2026-08-15 00:53:20+02,2026-08-31 21:32:30+02,Disparue,16,23,M1806,Consultant fonctionnel / Consultante fonctionnelle des systèmes d'information,CDI,False,Nouvelle-Aquitaine,business analyst
212GPNP,2026-08-14 18:41:08+02,2026-08-31 21:32:21+02,Disparue,17,23,M1879,Ingénieur / Ingénieure Cloud computing,CDI,False,Provence-Alpes-Côte d'Azur,data engineer
5857222,2026-08-15 00:53:20+02,2026-08-15 00:53:20+02,Disparue,0,6,M1806,Consultant fonctionnel / Consultante fonctionnelle des systèmes d'information,CDI,False,Hauts-de-France,business analyst
5857386,2026-08-14 18:41:06+02,2026-08-31 21:32:20+02,Disparue,17,22,M1801,Administrateur / Administratrice de systèmes d'information (SI),CDI,False,Grand Est,data analyst
5857533,2026-08-14 18:41:06+02,2026-08-31 21:32:20+02,Disparue,17,22,M1801,Administrateur / Administratrice de systèmes d'information (SI),CDI,False,Grand Est,data analyst
5857751,2026-08-14 18:41:07+02,2026-08-14 18:41:07+02,Disparue,0,5,M1405,Data scientist,CDI,False,Pays de la Loire,data scientist
5857753,2026-08-15 00:53:20+02,2026-08-15 00:53:20+02,Disparue,0,6,M1806,Consultant fonctionnel / Consultante fonctionnelle des systèmes d'information,CDI,False,Ile-de-France,business analyst
5857874,2026-08-14 18:45:51+02,2026-08-14 18:45:51+02,Disparue,0,5,M1889,Ingénieur / Ingénieure en Intelligence Artificielle (IA),CDI,False,Ile-de-France,machine learning
5859995,2026-08-14 18:45:51+02,2026-08-14 18:45:51+02,Disparue,0,5,M1889,Ingénieur / Ingénieure en Intelligence Artificielle (IA),CDI,False,Ile-de-France,machine learning
5860144,2026-08-15 00:53:20+02,2026-08-15 00:53:20+02,Disparue,0,6,M1806,Consultant fonctionnel / Consultante fonctionnelle des systèmes d'information,CDI,False,Ile-de-France,business analyst
5860147,2026-08-15 00:53:20+02,2026-08-15 00:53:20+02,Disparue,0,6,M1806,Consultant fonctionnel / Consultante fonctionnelle des systèmes d'information,CDI,False,Ile-de-France,business analyst
5860153,2026-08-15 00:53:20+02,2026-08-15 00:53:20+02,Disparue,0,6,M1806,Consultant fonctionnel / Consultante fonctionnelle des systèmes d'information,CDI,False,Ile-de-France,business analyst
5860155,2026-08-14 18:41:08+02,2026-08-14 18:41:08+02,Disparue,0,5,M1811,Data engineer,CDI,False,Nouvelle-Aquitaine,data engineer
5860161,2026-08-15 00:53:20+02,2026-08-15 00:53:20+02,Disparue,0,6,M1806,Consultant fonctionnel / Consultante fonctionnelle des systèmes d'information,CDI,False,Ile-de-France,business analyst
5860183,2026-08-14 18:41:08+02,2026-08-14 18:41:08+02,Disparue,0,5,M1811,Data engineer,CDI,False,Auvergne-Rhône-Alpes,data engineer
5860190,2026-08-15 00:53:20+02,2026-08-15 00:53:20+02,Disparue,0,6,M1806,Consultant fonctionnel / Consultante fonctionnelle des systèmes d'information,CDI,False,Ile-de-France,business analyst
5860196,2026-08-15 00:53:20+02,2026-08-15 00:53:20+02,Disparue,0,6,M1806,Consultant fonctionnel / Consultante fonctionnelle des systèmes d'information,CDI,False,Ile-de-France,business analyst
5860197,2026-08-15 00:53:20+02,2026-08-15 00:53:20+02,Disparue,0,6,M1806,Consultant fonctionnel / Consultante fonctionnelle des systèmes d'information,CDI,False,Ile-de-France,business analyst
5860199,2026-08-15 00:53:20+02,2026-08-15 00:53:20+02,Disparue,0,6,M1806,Consultant fonctionnel / Consultante fonctionnelle des systèmes d'information,CDI,False,Ile-de-France,business analyst
5860201,2026-08-15 00:53:20+02,2026-08-15 00:53:20+02,Disparue,0,6,M1806,Consultant fonctionnel / Consultante fonctionnelle des systèmes d'information,CDI,False,Ile-de-France,business analyst
5860203,2026-08-15 00:53:20+02,2026-08-15 00:53:20+02,Disparue,0,6,M1806,Consultant fonctionnel / Consultante fonctionnelle des systèmes d'information,CDI,False,Ile-de-France,business analyst
5860227,2026-08-15 00:53:20+02,2026-08-15 00:53:20+02,Disparue,0,6,M1806,Consultant fonctionnel / Consultante fonctionnelle des systèmes d'information,CDI,False,Ile-de-France,business analyst
5861771,2026-08-15 00:53:20+02,2026-08-15 00:53:20+02,Disparue,0,6,M1806,Consultant fonctionnel / Consultante fonctionnelle des systèmes d'information,CDI,False,Ile-de-France,business analyst
5861773,2026-08-15 00:53:20+02,2026-08-15 00:53:20+02,Disparue,0,6,M1806,Consultant fonctionnel / Consultante fonctionnelle des systèmes d'information,CDI,False,Ile-de-France,business analyst
5862150,2026-08-15 00:53:20+02,2026-08-15 00:53:20+02,Disparue,0,6,M1806,Consultant fonctionnel / Consultante fonctionnelle des systèmes d'information,CDI,False,Auvergne-Rhône-Alpes,business analyst
5862258,2026-08-14 18:41:07+02,2026-08-14 18:41:07+02,Disparue,0,5,J1102,Médecin généraliste,CDI,False,Bretagne,data scientist
212GQHM,2026-08-14 18:45:53+02,2026-08-14 18:45:53+02,Disparue,0,5,M1855,Développeur / Développeuse web,CDI,False,Bretagne,devops
5865203,2026-08-15 00:53:20+02,2026-08-15 00:53:20+02,Disparue,0,6,M1806,Consultant fonctionnel / Consultante fonctionnelle des systèmes d'information,CDI,False,Pays de la Loire,business analyst
5866125,2026-08-15 00:53:20+02,2026-08-15 00:53:20+02,Disparue,0,6,M1881,Chef / Cheffe de projet Maîtrise d'Ouvrage des Systèmes d'Information (MOA),MIS,False,Nouvelle-Aquitaine,business analyst
5866132,2026-08-15 00:53:20+02,2026-08-15 00:53:20+02,Disparue,0,6,M1881,Chef / Cheffe de projet Maîtrise d'Ouvrage des Systèmes d'Information (MOA),MIS,False,Nouvelle-Aquitaine,business analyst
5866327,2026-08-14 18:41:06+02,2026-08-14 18:41:06+02,Disparue,0,5,M1419,Data analyst,CDI,False,Ile-de-France,data analyst
5866373,2026-08-14 18:41:08+02,2026-08-14 18:41:08+02,Disparue,0,5,M1868,Architecte base de données,CDI,False,Provence-Alpes-Côte d'Azur,data engineer
5868381,2026-08-15 00:53:20+02,2026-08-15 00:53:20+02,Disparue,0,6,M1806,Consultant fonctionnel / Consultante fonctionnelle des systèmes d'information,CDI,False,Ile-de-France,business analyst
212GQYG,2026-08-14 18:45:53+02,2026-08-14 18:45:53+02,Disparue,0,4,M1818,Ingénieur / Ingénieure d'étude informatique,CDI,False,Non renseignee,devops
212GQYJ,2026-08-14 18:41:08+02,2026-09-25 08:37:21+02,Disparue,42,46,M1811,Data engineer,CDI,False,Provence-Alpes-Côte d'Azur,data engineer
212GQYK,2026-08-31 21:32:28+02,2026-09-25 08:37:39+02,Disparue,25,46,M1818,Ingénieur / Ingénieure d'étude informatique,CDI,False,Provence-Alpes-Côte d'Azur,developpeur ia
5870941,2026-08-14 18:41:06+02,2026-08-31 21:32:20+02,Disparue,17,21,M1419,Data analyst,CDI,False,Provence-Alpes-Côte d'Azur,data analyst
5871013,2026-08-14 18:41:07+02,2026-08-14 18:41:07+02,Disparue,0,4,M1405,Data scientist,CDI,False,La Réunion,data scientist
212GTQC,2026-08-14 18:45:53+02,2026-08-14 18:45:53+02,Disparue,0,4,M1802,Expert / Experte systèmes et réseaux informatiques,CDI,False,Grand Est,devops
212GWSB,2026-08-14 18:41:06+02,2026-08-31 21:32:20+02,Disparue,17,21,M1419,Data analyst,CDI,False,Provence-Alpes-Côte d'Azur,data analyst
212GWVX,2026-08-14 18:45:53+02,2026-08-31 21:32:23+02,Disparue,17,21,M1827,Ingénieur / Ingénieure DevOps,CDI,False,Provence-Alpes-Côte d'Azur,devops
5877651,2026-08-14 18:41:08+02,2026-08-14 18:41:08+02,Disparue,0,4,M1868,Architecte base de données,CDI,False,Grand Est,data engineer
5877682,2026-08-14 18:41:08+02,2026-08-14 18:41:08+02,Disparue,0,4,M1868,Architecte base de données,CDI,False,Ile-de-France,data engineer
212GZGP,2026-08-14 18:41:08+02,2026-08-31 21:32:21+02,Disparue,17,21,M1811,Data engineer,CDI,False,Grand Est,data engineer
5878101,2026-08-15 00:53:20+02,2026-08-15 00:53:20+02,Disparue,0,5,M1806,Consultant fonctionnel / Consultante fonctionnelle des systèmes d'information,CDI,False,Ile-de-France,business analyst
212HBTL,2026-08-14 18:45:51+02,2026-08-14 18:45:51+02,Disparue,0,4,I1616,Mécanicien / Mécanicienne d'engins de chantier et de travaux publics,CDI,False,Bretagne,machine learning
212HDJJ,2026-08-15 00:53:20+02,2026-08-31 21:32:30+02,Disparue,16,21,M1852,Analyste d'étude informatique,MIS,False,Ile-de-France,business analyst
212HFYF,2026-08-15 00:53:20+02,2026-08-31 21:32:30+02,Disparue,16,21,M1806,Consultant fonctionnel / Consultante fonctionnelle des systèmes d'information,CDI,False,Ile-de-France,business analyst
212HHZT,2026-08-14 18:45:53+02,2026-08-31 21:32:23+02,Disparue,17,21,M1827,Ingénieur / Ingénieure DevOps,CDI,False,Ile-de-France,devops
212HKXC,2026-08-14 18:41:07+02,2026-08-14 18:41:07+02,Disparue,0,4,M1405,Data scientist,CDD,False,Ile-de-France,data scientist
212HLKL,2026-08-14 18:41:06+02,2026-08-14 18:41:06+02,Disparue,0,4,M1419,Data analyst,MIS,False,Ile-de-France,data analyst
212HNKH,2026-08-14 18:45:53+02,2026-08-14 18:45:53+02,Disparue,0,4,M1867,Responsable des systèmes d'information (SI),CDI,False,Provence-Alpes-Côte d'Azur,devops
212HNKV,2026-08-14 18:45:53+02,2026-08-14 18:45:53+02,Disparue,0,4,M1867,Responsable des systèmes d'information (SI),CDI,False,Provence-Alpes-Côte d'Azur,devops
5879804,2026-08-14 18:41:07+02,2026-08-14 18:45:51+02,Disparue,0,4,M1405,Data scientist,CDI,False,Ile-de-France,machine learning
5879890,2026-08-14 18:41:08+02,2026-08-14 18:41:08+02,Disparue,0,4,M1419,Data analyst,CDI,False,Auvergne-Rhône-Alpes,data engineer
5880106,2026-08-14 18:41:08+02,2026-08-14 18:41:08+02,Disparue,0,4,M1419,Data analyst,CDI,False,Ile-de-France,data engineer
5880211,2026-08-14 18:41:06+02,2026-08-31 21:32:20+02,Disparue,17,21,M1419,Data analyst,CDI,False,Ile-de-France,data analyst
5880226,2026-08-14 18:41:06+02,2026-08-14 18:41:06+02,Disparue,0,4,M1419,Data analyst,CDD,True,Pays de la Loire,data analyst
5880724,2026-08-14 18:41:07+02,2026-08-31 21:32:22+02,Disparue,17,20,M1811,Data engineer,CDI,False,Hauts-de-France,machine learning
5880749,2026-08-14 18:45:51+02,2026-08-31 21:32:22+02,Disparue,17,20,M1889,Ingénieur / Ingénieure en Intelligence Artificielle (IA),CDD,False,Auvergne-Rhône-Alpes,machine learning
5880834,2026-08-31 21:32:28+02,2026-08-31 21:32:28+02,Disparue,0,20,M1805,Développeur / Développeuse informatique,CDI,False,Occitanie,developpeur ia
5880909,2026-08-15 00:53:20+02,2026-08-15 00:53:20+02,Disparue,0,4,M1872,Consultant décisionnel / Consultante décisionnelle - Business Intelligence,CDI,False,Auvergne-Rhône-Alpes,business analyst
5882452,2026-08-14 18:41:07+02,2026-09-26 08:35:30+02,Disparue,43,46,M1405,Data scientist,CDI,False,Ile-de-France,data scientist
5882586,2026-08-14 18:41:08+02,2026-08-14 18:41:08+02,Disparue,0,3,M1811,Data engineer,CDI,False,Auvergne-Rhône-Alpes,data engineer
5882904,2026-08-14 18:45:51+02,2026-08-14 18:45:51+02,Disparue,0,3,M1889,Ingénieur / Ingénieure en Intelligence Artificielle (IA),CDI,False,Auvergne-Rhône-Alpes,machine learning
5883792,2026-08-15 00:53:20+02,2026-08-15 00:53:20+02,Disparue,0,4,M1806,Consultant fonctionnel / Consultante fonctionnelle des systèmes d'information,CDI,False,Ile-de-France,business analyst
5884717,2026-08-14 18:41:06+02,2026-08-15 00:53:20+02,Disparue,1,4,M1419,Data analyst,CDI,False,Ile-de-France,business analyst
5884749,2026-08-14 18:41:06+02,2026-08-14 18:41:06+02,Disparue,0,3,M1419,Data analyst,CDI,False,Ile-de-France,data analyst
5885930,2026-08-14 18:41:07+02,2026-08-31 21:32:21+02,Disparue,17,20,M1405,Data scientist,CDI,False,Grand Est,data scientist
5886497,2026-08-15 00:53:20+02,2026-08-15 00:53:20+02,Disparue,0,4,M1806,Consultant fonctionnel / Consultante fonctionnelle des systèmes d'information,CDI,False,Nouvelle-Aquitaine,business analyst
5886517,2026-08-15 00:53:20+02,2026-08-15 00:53:20+02,Disparue,0,4,M1806,Consultant fonctionnel / Consultante fonctionnelle des systèmes d'information,CDI,False,Auvergne-Rhône-Alpes,business analyst
5886516,2026-08-14 18:41:08+02,2026-08-14 18:41:08+02,Disparue,0,3,M1811,Data engineer,CDI,False,Ile-de-France,data engineer
5886521,2026-08-15 00:53:20+02,2026-08-15 00:53:20+02,Disparue,0,4,M1806,Consultant fonctionnel / Consultante fonctionnelle des systèmes d'information,CDI,False,Nouvelle-Aquitaine,business analyst
5886557,2026-08-15 00:53:20+02,2026-08-15 00:53:20+02,Disparue,0,4,M1806,Consultant fonctionnel / Consultante fonctionnelle des systèmes d'information,CDI,False,Hauts-de-France,business analyst
5886575,2026-08-15 00:53:20+02,2026-08-15 00:53:20+02,Disparue,0,4,M1864,Product Owner,CDI,False,Auvergne-Rhône-Alpes,business analyst
5886578,2026-08-14 18:41:07+02,2026-08-14 18:41:07+02,Disparue,0,3,M1405,Data scientist,CDI,False,Ile-de-France,data scientist
5886707,2026-08-14 18:41:08+02,2026-08-31 21:32:21+02,Disparue,17,20,M1811,Data engineer,CDI,False,Ile-de-France,data engineer
5886715,2026-08-14 18:41:08+02,2026-08-14 18:41:08+02,Disparue,0,3,M1811,Data engineer,CDI,False,Pays de la Loire,data engineer
212HYKK,2026-08-14 18:45:51+02,2026-08-31 21:32:22+02,Disparue,17,20,M1851,Analyste décisionnel - Business Intelligence,CDI,False,Ile-de-France,machine learning
212JBMF,2026-08-14 18:41:08+02,2026-08-31 21:32:26+02,Disparue,17,20,M1811,Data engineer,CDI,False,Ile-de-France,data engineer junior
212JCVK,2026-08-15 00:53:20+02,2026-08-15 00:53:20+02,Disparue,0,4,M1806,Consultant fonctionnel / Consultante fonctionnelle des systèmes d'information,CDI,False,Ile-de-France,business analyst
5901116,2026-08-15 00:53:20+02,2026-08-15 00:53:20+02,Disparue,0,4,M1209,Conseiller / Conseillère en gestion,CDD,True,Nouvelle-Aquitaine,business analyst
5901353,2026-08-15 00:53:20+02,2026-08-15 00:53:20+02,Disparue,0,4,H1402,Ingénieur / Ingénieure méthodes et process,CDI,False,Ile-de-France,business analyst
5901927,2026-08-31 21:32:28+02,2026-09-26 08:35:41+02,Disparue,26,46,M1855,Développeur / Développeuse web,CDD,True,Ile-de-France,developpeur ia
5902586,2026-08-14 18:41:06+02,2026-08-14 18:41:06+02,Disparue,0,3,M1419,Data analyst,CDI,False,Auvergne-Rhône-Alpes,data analyst
5904799,2026-08-14 18:45:52+02,2026-08-31 21:32:23+02,Disparue,17,20,M1896,Analyste cycle de vie dans les télécoms,CDI,False,Ile-de-France,ml
212JFKS,2026-08-14 18:45:52+02,2026-09-26 08:35:33+02,Disparue,43,46,M1855,Développeur / Développeuse web,CDI,False,Ile-de-France,devops
212JGFP,2026-08-14 18:41:08+02,2026-08-14 18:41:08+02,Disparue,0,3,M1811,Data engineer,CDI,False,Bretagne,data engineer
212JNVS,2026-08-14 18:41:08+02,2026-08-31 21:32:21+02,Disparue,17,20,M1811,Data engineer,CDD,False,Occitanie,data engineer
212JPGG,2026-08-14 18:41:08+02,2026-08-14 18:41:08+02,Disparue,0,3,M1811,Data engineer,CDI,False,Pays de la Loire,data engineer
212JSDL,2026-08-15 00:53:20+02,2026-08-15 00:53:20+02,Disparue,0,4,M1806,Consultant fonctionnel / Consultante fonctionnelle des systèmes d'information,CDI,False,Ile-de-France,business analyst
5909906,2026-08-14 18:41:06+02,2026-09-22 08:30:37+02,Disparue,39,41,G1211,Analyste de la performance sportive,CDI,False,Ile-de-France,data analyst senior
5909912,2026-08-15 00:53:20+02,2026-08-15 00:53:20+02,Disparue,0,3,M1806,Consultant fonctionnel / Consultante fonctionnelle des systèmes d'information,CDI,False,Bretagne,business analyst
5909926,2026-08-15 00:53:20+02,2026-08-15 00:53:20+02,Disparue,0,3,M1806,Consultant fonctionnel / Consultante fonctionnelle des systèmes d'information,CDI,False,Pays de la Loire,business analyst
5915436,2026-08-15 00:53:20+02,2026-08-15 00:53:20+02,Disparue,0,3,M1806,Consultant fonctionnel / Consultante fonctionnelle des systèmes d'information,CDI,False,Ile-de-France,business analyst
5915545,2026-08-15 00:53:20+02,2026-08-15 00:53:20+02,Disparue,0,3,M1806,Consultant fonctionnel / Consultante fonctionnelle des systèmes d'information,CDI,False,Ile-de-France,business analyst
5915570,2026-08-15 00:53:20+02,2026-08-15 00:53:20+02,Disparue,0,3,M1806,Consultant fonctionnel / Consultante fonctionnelle des systèmes d'information,CDI,False,Bretagne,business analyst
5916065,2026-08-14 18:45:54+02,2026-09-26 08:35:34+02,Disparue,43,45,M1841,Ingénieur informaticien / Ingénieure informaticienne,CDI,False,Occitanie,mlops
5916833,2026-08-15 00:53:20+02,2026-08-15 00:53:20+02,Disparue,0,3,M1806,Consultant fonctionnel / Consultante fonctionnelle des systèmes d'information,CDI,False,Centre-Val de Loire,business analyst
5916836,2026-08-14 18:41:08+02,2026-08-31 21:32:21+02,Disparue,17,19,M1811,Data engineer,CDI,False,Ile-de-France,data engineer
5921091,2026-08-14 18:41:06+02,2026-08-15 00:53:20+02,Disparue,1,3,M1419,Data analyst,CDI,False,Ile-de-France,business analyst
5929849,2026-08-14 18:41:08+02,2026-08-31 21:32:25+02,Disparue,17,19,M1811,Data engineer,CDI,False,Ile-de-France,data engineer senior
5929866,2026-08-31 21:32:25+02,2026-08-31 21:32:25+02,Disparue,0,19,M1811,Data engineer,CDI,False,Ile-de-France,data engineer senior
212JWZB,2026-08-14 18:45:51+02,2026-08-31 21:32:22+02,Disparue,17,19,I1616,Mécanicien / Mécanicienne d'engins de chantier et de travaux publics,CDI,False,Grand Est,machine learning
212KFFV,2026-08-14 18:45:51+02,2026-08-14 18:45:51+02,Disparue,0,2,M1889,Ingénieur / Ingénieure en Intelligence Artificielle (IA),CDD,True,Bourgogne-Franche-Comté,machine learning
5933416,2026-08-14 18:41:06+02,2026-08-14 18:41:06+02,Disparue,0,2,M1419,Data analyst,CDI,False,Ile-de-France,data analyst
5933806,2026-08-14 18:41:06+02,2026-08-31 21:32:20+02,Disparue,17,19,M1853,Chef / Cheffe de projet étude et développement informatique,CDD,True,Ile-de-France,data analyst
5936995,2026-08-15 00:53:20+02,2026-08-15 00:53:20+02,Disparue,0,3,M1852,Analyste d'étude informatique,CDI,False,Occitanie,business analyst
212KNGN,2026-08-15 00:53:20+02,2026-08-31 21:32:30+02,Disparue,16,19,M1806,Consultant fonctionnel / Consultante fonctionnelle des systèmes d'information,CDI,False,Ile-de-France,business analyst
212KQNN,2026-08-14 18:41:06+02,2026-09-26 08:35:35+02,Disparue,43,45,M1419,Data analyst,CDI,False,Ile-de-France,data analyst senior
212KSBY,2026-08-14 18:45:51+02,2026-08-31 21:32:22+02,Disparue,17,19,M1717,Responsable innovation,CDI,False,Ile-de-France,machine learning
212KTFN,2026-08-14 18:41:08+02,2026-09-16 08:33:05+02,Disparue,33,35,M1811,Data engineer,LIB,False,Occitanie,data engineer
212KTGB,2026-08-14 18:41:07+02,2026-09-16 08:33:06+02,Disparue,33,35,M1405,Data scientist,LIB,False,Occitanie,machine learning
212KTGP,2026-09-14 12:08:20+02,2026-09-16 08:33:05+02,Disparue,2,35,M1811,Data engineer,LIB,False,Occitanie,data engineer
212KTGW,2026-08-14 18:41:08+02,2026-09-16 08:33:05+02,Disparue,33,35,M1811,Data engineer,LIB,False,Occitanie,data engineer
5940784,2026-08-15 00:53:20+02,2026-08-15 00:53:20+02,Disparue,0,2,M1806,Consultant fonctionnel / Consultante fonctionnelle des systèmes d'information,CDI,False,Ile-de-France,business analyst
5940839,2026-08-14 18:41:08+02,2026-08-31 21:32:21+02,Disparue,17,18,M1811,Data engineer,CDI,False,Pays de la Loire,data engineer
5942028,2026-08-31 21:32:28+02,2026-09-16 08:33:13+02,Disparue,16,34,M1811,Data engineer,CDI,False,Auvergne-Rhône-Alpes,developpeur ia
5942834,2026-08-31 21:32:28+02,2026-08-31 21:32:28+02,Disparue,0,18,M1889,Ingénieur / Ingénieure en Intelligence Artificielle (IA),CDI,False,Grand Est,developpeur ia
5942873,2026-08-14 18:41:07+02,2026-09-14 12:08:20+02,Disparue,31,32,M1405,Data scientist,CDI,False,Pays de la Loire,data scientist
5942894,2026-08-15 00:53:20+02,2026-08-15 00:53:20+02,Disparue,0,2,M1806,Consultant fonctionnel / Consultante fonctionnelle des systèmes d'information,CDI,False,Bretagne,business analyst
5944148,2026-08-14 18:41:06+02,2026-08-14 18:41:06+02,Disparue,0,1,M1419,Data analyst,CDI,False,Ile-de-France,data analyst
5944169,2026-08-15 00:53:20+02,2026-08-15 00:53:20+02,Disparue,0,2,M1806,Consultant fonctionnel / Consultante fonctionnelle des systèmes d'information,CDI,False,Ile-de-France,business analyst
5944267,2026-08-14 18:41:07+02,2026-08-31 21:32:21+02,Disparue,17,18,M1405,Data scientist,CDI,False,Occitanie,data scientist
5944629,2026-08-15 00:53:20+02,2026-08-15 00:53:20+02,Disparue,0,2,M1806,Consultant fonctionnel / Consultante fonctionnelle des systèmes d'information,CDI,False,Ile-de-France,business analyst
5944763,2026-08-15 00:53:20+02,2026-08-15 00:53:20+02,Disparue,0,2,M1806,Consultant fonctionnel / Consultante fonctionnelle des systèmes d'information,CDI,False,Auvergne-Rhône-Alpes,business analyst
5944767,2026-08-15 00:53:20+02,2026-08-15 00:53:20+02,Disparue,0,2,M1806,Consultant fonctionnel / Consultante fonctionnelle des systèmes d'information,CDI,False,Auvergne-Rhône-Alpes,business analyst
5945059,2026-08-15 00:53:20+02,2026-08-15 00:53:20+02,Disparue,0,2,M1806,Consultant fonctionnel / Consultante fonctionnelle des systèmes d'information,CDI,False,Nouvelle-Aquitaine,business analyst
5945622,2026-08-14 18:41:07+02,2026-08-31 21:32:26+02,Disparue,17,18,M1405,Data scientist,CDI,False,Auvergne-Rhône-Alpes,data scientist senior
5945833,2026-08-15 00:53:20+02,2026-08-15 00:53:20+02,Disparue,0,2,M1806,Consultant fonctionnel / Consultante fonctionnelle des systèmes d'information,MIS,False,Ile-de-France,business analyst
5946137,2026-08-15 00:53:20+02,2026-08-15 00:53:20+02,Disparue,0,2,M1806,Consultant fonctionnel / Consultante fonctionnelle des systèmes d'information,CDI,False,Auvergne-Rhône-Alpes,business analyst
5946139,2026-08-15 00:53:20+02,2026-08-15 00:53:20+02,Disparue,0,2,M1806,Consultant fonctionnel / Consultante fonctionnelle des systèmes d'information,CDI,False,Auvergne-Rhône-Alpes,business analyst
5946143,2026-08-15 00:53:20+02,2026-08-15 00:53:20+02,Disparue,0,2,M1806,Consultant fonctionnel / Consultante fonctionnelle des systèmes d'information,CDI,False,Normandie,business analyst
5946145,2026-08-15 00:53:20+02,2026-08-15 00:53:20+02,Disparue,0,2,C1202,Analyste de crédits et risques bancaires,CDI,False,Auvergne-Rhône-Alpes,business analyst
5947266,2026-08-15 00:53:20+02,2026-08-15 00:53:20+02,Disparue,0,2,M1806,Consultant fonctionnel / Consultante fonctionnelle des systèmes d'information,CDI,False,Ile-de-France,business analyst
212KYZC,2026-08-14 18:41:08+02,2026-08-14 18:41:08+02,Disparue,0,1,M1811,Data engineer,MIS,False,Nouvelle-Aquitaine,data engineer
212LDVF,2026-08-15 00:53:20+02,2026-09-26 08:35:45+02,Active,42,44,M1852,Analyste d'étude informatique,CDI,False,Centre-Val de Loire,business analyst
5958451,2026-08-14 18:41:07+02,2026-08-14 18:41:07+02,Disparue,0,1,M1405,Data scientist,MIS,False,Ile-de-France,data scientist
5958557,2026-08-14 18:45:51+02,2026-08-14 18:45:51+02,Disparue,0,1,M1827,Ingénieur / Ingénieure DevOps,MIS,False,Occitanie,machine learning
5959551,2026-08-14 18:45:51+02,2026-08-31 21:32:28+02,Disparue,17,18,M1889,Ingénieur / Ingénieure en Intelligence Artificielle (IA),CDI,False,Grand Est,developpeur ia
5959561,2026-08-15 00:53:20+02,2026-08-15 00:53:20+02,Disparue,0,2,C1202,Analyste de crédits et risques bancaires,CDI,False,Auvergne-Rhône-Alpes,business analyst
5959583,2026-08-15 00:53:20+02,2026-08-15 00:53:20+02,Disparue,0,2,C1102,Conseiller commercial / Conseillère commerciale et relation client en assurances,CDI,False,Auvergne-Rhône-Alpes,business analyst
5959595,2026-08-15 00:53:20+02,2026-08-15 00:53:20+02,Disparue,0,2,C1202,Analyste de crédits et risques bancaires,CDI,False,Auvergne-Rhône-Alpes,business analyst
212LFCC,2026-08-14 18:45:53+02,2026-08-31 21:32:23+02,Disparue,17,18,H1206,Ingénieur / Ingénieure R&D en industrie,CDI,False,Ile-de-France,devops
212LLFS,2026-08-14 18:45:51+02,2026-08-31 21:32:22+02,Disparue,17,18,H1206,Ingénieur / Ingénieure R&D en industrie,CDI,False,Ile-de-France,machine learning
212LLJM,2026-08-14 18:45:51+02,2026-08-14 18:45:51+02,Disparue,0,1,K2205,Agent / Agente de propreté de locaux,CDI,False,Nouvelle-Aquitaine,machine learning
212LMGG,2026-08-31 21:32:20+02,2026-08-31 21:32:20+02,Disparue,0,18,M1419,Data analyst,CDI,False,Auvergne-Rhône-Alpes,data analyst
212LMNG,2026-08-14 18:45:53+02,2026-08-31 21:32:23+02,Disparue,17,18,M1860,Architecte cloud,CDI,False,Bourgogne-Franche-Comté,devops
212LPBK,2026-08-14 18:45:51+02,2026-08-31 21:32:22+02,Disparue,17,18,M1802,Expert / Experte systèmes et réseaux informatiques,CDI,False,Ile-de-France,machine learning
212LPDL,2026-08-14 18:45:53+02,2026-08-31 21:32:23+02,Disparue,17,18,M1810,Technicien / Technicienne d'exploitation informatique,CDI,False,Nouvelle-Aquitaine,devops
212LPFG,2026-08-14 18:45:53+02,2026-08-31 21:32:23+02,Disparue,17,18,M1810,Technicien / Technicienne d'exploitation informatique,CDI,False,Nouvelle-Aquitaine,devops
212LQCB,2026-08-14 18:41:06+02,2026-08-31 21:32:20+02,Disparue,17,18,M1419,Data analyst,CDI,False,Ile-de-France,data analyst
5964268,2026-08-14 18:41:08+02,2026-08-31 21:32:21+02,Disparue,17,18,M1811,Data engineer,CDI,False,Nouvelle-Aquitaine,data engineer
5971073,2026-08-15 00:53:20+02,2026-08-15 00:53:20+02,Disparue,0,1,M1806,Consultant fonctionnel / Consultante fonctionnelle des systèmes d'information,CDI,False,Nouvelle-Aquitaine,business analyst
5971477,2026-08-14 18:41:06+02,2026-08-31 21:32:20+02,Disparue,17,17,M1419,Data analyst,CDI,False,Nouvelle-Aquitaine,data analyst
5971822,2026-08-14 18:45:51+02,2026-08-14 18:45:51+02,Disparue,0,0,M1811,Data engineer,CDI,False,Nouvelle-Aquitaine,machine learning
5972279,2026-08-14 18:45:51+02,2026-08-14 18:45:51+02,Disparue,0,0,M1811,Data engineer,CDI,False,Nouvelle-Aquitaine,machine learning
5972466,2026-08-15 00:53:20+02,2026-08-15 00:53:20+02,Disparue,0,1,M1806,Consultant fonctionnel / Consultante fonctionnelle des systèmes d'information,CDI,False,Nouvelle-Aquitaine,business analyst
5972730,2026-08-14 18:41:06+02,2026-08-31 21:32:20+02,Disparue,17,17,M1419,Data analyst,CDI,False,Ile-de-France,data analyst
5972977,2026-08-14 18:41:06+02,2026-08-31 21:32:20+02,Disparue,17,17,M1419,Data analyst,CDI,False,Martinique,data analyst
5974193,2026-08-14 18:41:06+02,2026-08-14 18:41:06+02,Disparue,0,0,M1419,Data analyst,MIS,False,Ile-de-France,data analyst
5974201,2026-08-14 18:45:51+02,2026-08-31 21:32:28+02,Disparue,17,17,M1889,Ingénieur / Ingénieure en Intelligence Artificielle (IA),CDI,False,Grand Est,developpeur ia
5974203,2026-08-15 00:53:20+02,2026-08-15 00:53:20+02,Disparue,0,1,M1806,Consultant fonctionnel / Consultante fonctionnelle des systèmes d'information,CDI,False,Normandie,business analyst
5974208,2026-08-14 18:41:08+02,2026-08-31 21:32:21+02,Disparue,17,17,M1811,Data engineer,CDI,False,Ile-de-France,data engineer
5974304,2026-08-14 18:41:06+02,2026-08-14 18:41:06+02,Disparue,0,0,D1438,Assistant / Assistante e-commerce,CDD,True,Ile-de-France,data analyst
5974315,2026-08-15 00:53:20+02,2026-08-15 00:53:20+02,Disparue,0,1,M1806,Consultant fonctionnel / Consultante fonctionnelle des systèmes d'information,CDI,False,Pays de la Loire,business analyst
5990566,2026-08-14 18:41:08+02,2026-08-31 21:32:21+02,Disparue,17,17,M1811,Data engineer,CDI,False,Ile-de-France,data engineer
5990619,2026-08-14 18:41:06+02,2026-08-14 18:41:06+02,Disparue,0,0,G1302,Yield manager,MIS,False,Nouvelle-Aquitaine,data analyst
212LVVZ,2026-08-14 18:45:53+02,2026-08-31 21:32:23+02,Disparue,17,17,M1805,Développeur / Développeuse informatique,CDI,False,Ile-de-France,devops
212LVXJ,2026-08-14 18:45:53+02,2026-09-16 08:33:07+02,Disparue,33,33,M1827,Ingénieur / Ingénieure DevOps,CDI,False,Ile-de-France,devops
212MBPP,2026-08-14 18:45:51+02,2026-09-26 08:35:32+02,Disparue,43,43,I1616,Mécanicien / Mécanicienne d'engins de chantier et de travaux publics,CDI,False,Auvergne-Rhône-Alpes,machine learning
5993318,2026-08-14 18:41:07+02,2026-08-14 18:45:51+02,Disparue,0,0,M1405,Data scientist,CDI,False,Ile-de-France,machine learning
5993921,2026-08-31 21:32:28+02,2026-08-31 21:32:28+02,Disparue,0,17,M1822,Spécialiste Jumeau Numérique,CDD,True,Ile-de-France,developpeur ia
5994568,2026-08-14 18:41:06+02,2026-08-14 18:41:06+02,Disparue,0,0,M1806,Consultant fonctionnel / Consultante fonctionnelle des systèmes d'information,CDD,True,Ile-de-France,data analyst
5994910,2026-08-31 21:32:28+02,2026-08-31 21:32:28+02,Disparue,0,17,M1889,Ingénieur / Ingénieure en Intelligence Artificielle (IA),CDD,True,Ile-de-France,developpeur ia
5995008,2026-08-14 18:45:51+02,2026-08-14 18:45:51+02,Disparue,0,0,M1896,Analyste cycle de vie dans les télécoms,CDI,False,Ile-de-France,machine learning
212MDFL,2026-08-14 18:45:53+02,2026-08-31 21:32:23+02,Disparue,17,17,M1860,Architecte cloud,CDI,False,La Réunion,devops
5996026,2026-08-14 18:41:06+02,2026-08-14 18:41:06+02,Disparue,0,0,M1803,Directeur / Directrice des systèmes d'information (DSI),CDI,False,Provence-Alpes-Côte d'Azur,data analyst
212MFSF,2026-08-14 18:41:08+02,2026-08-14 18:41:08+02,Disparue,0,0,M1811,Data engineer,CDD,False,Occitanie,data engineer
212MGDT,2026-08-31 21:32:28+02,2026-08-31 21:32:28+02,Disparue,0,17,M1855,Développeur / Développeuse web,CDI,False,Non renseignee,developpeur ia
212MHLQ,2026-08-31 21:32:23+02,2026-08-31 21:32:23+02,Disparue,0,17,M1827,Ingénieur / Ingénieure DevOps,CDI,False,Ile-de-France,devops
5997133,2026-08-15 00:53:20+02,2026-08-15 00:53:20+02,Disparue,0,1,M1419,Data analyst,CDD,True,Ile-de-France,business analyst
212MHVS,2026-08-14 18:45:53+02,2026-08-31 21:32:23+02,Disparue,17,17,M1827,Ingénieur / Ingénieure DevOps,CDI,False,Auvergne-Rhône-Alpes,devops
212MHXR,2026-08-14 18:45:51+02,2026-08-31 21:32:24+02,Disparue,17,17,H2502,Ingénieur / Ingénieure de production,CDI,False,Auvergne-Rhône-Alpes,mlops
212MJDC,2026-08-14 18:45:51+02,2026-08-31 21:32:28+02,Disparue,17,17,M1805,Développeur / Développeuse informatique,CDI,False,Grand Est,developpeur ia
212MJJP,2026-08-14 18:36:43+02,2026-08-31 21:32:20+02,Disparue,17,17,M1419,Data analyst,CDI,False,Grand Est,data analyst
212MNJX,2026-08-14 18:45:53+02,2026-08-31 21:32:23+02,Disparue,17,17,M1853,Chef / Cheffe de projet étude et développement informatique,CDI,False,Pays de la Loire,devops
212MPTX,2026-08-31 21:32:23+02,2026-08-31 21:32:23+02,Disparue,0,17,M1876,Technicien / Technicienne Cloud,CDI,False,Non renseignee,devops
6003131,2026-08-31 21:32:20+02,2026-08-31 21:32:20+02,Disparue,0,16,M1419,Data analyst,CDI,False,Guyane,data analyst
6003150,2026-08-31 21:32:20+02,2026-08-31 21:32:20+02,Disparue,0,16,M1419,Data analyst,CDI,False,Guyane,data analyst
6007038,2026-08-31 21:32:30+02,2026-08-31 21:32:30+02,Disparue,0,16,M1806,Consultant fonctionnel / Consultante fonctionnelle des systèmes d'information,CDI,False,Pays de la Loire,business analyst
6018232,2026-08-31 21:32:20+02,2026-08-31 21:32:20+02,Disparue,0,16,G1302,Yield manager,CDI,False,Ile-de-France,data analyst
6019792,2026-08-31 21:32:28+02,2026-09-22 08:30:42+02,Disparue,22,38,M1889,Ingénieur / Ingénieure en Intelligence Artificielle (IA),CDI,False,Bretagne,developpeur ia
6020804,2026-08-31 21:32:28+02,2026-08-31 21:32:28+02,Disparue,0,16,M1889,Ingénieur / Ingénieure en Intelligence Artificielle (IA),CDI,False,Ile-de-France,developpeur ia
6027430,2026-08-31 21:32:30+02,2026-08-31 21:32:30+02,Disparue,0,15,M1806,Consultant fonctionnel / Consultante fonctionnelle des systèmes d'information,CDI,False,Hauts-de-France,business analyst
6027442,2026-08-31 21:32:30+02,2026-08-31 21:32:30+02,Disparue,0,15,M1806,Consultant fonctionnel / Consultante fonctionnelle des systèmes d'information,CDI,False,Ile-de-France,business analyst
6027466,2026-08-31 21:32:30+02,2026-08-31 21:32:30+02,Disparue,0,15,M1806,Consultant fonctionnel / Consultante fonctionnelle des systèmes d'information,CDI,False,Ile-de-France,business analyst
6027465,2026-08-31 21:32:30+02,2026-08-31 21:32:30+02,Disparue,0,15,M1806,Consultant fonctionnel / Consultante fonctionnelle des systèmes d'information,CDI,False,Nouvelle-Aquitaine,business analyst
6029686,2026-08-31 21:32:30+02,2026-08-31 21:32:30+02,Disparue,0,15,M1806,Consultant fonctionnel / Consultante fonctionnelle des systèmes d'information,CDI,False,Ile-de-France,business analyst
6029681,2026-08-31 21:32:30+02,2026-08-31 21:32:30+02,Disparue,0,15,M1806,Consultant fonctionnel / Consultante fonctionnelle des systèmes d'information,CDI,False,Pays de la Loire,business analyst
6029669,2026-08-31 21:32:30+02,2026-08-31 21:32:30+02,Disparue,0,15,M1806,Consultant fonctionnel / Consultante fonctionnelle des systèmes d'information,CDI,False,Ile-de-France,business analyst
6029728,2026-08-31 21:32:20+02,2026-08-31 21:32:20+02,Disparue,0,15,M1419,Data analyst,CDI,False,La Réunion,data analyst
6029731,2026-08-31 21:32:30+02,2026-08-31 21:32:30+02,Disparue,0,15,M1806,Consultant fonctionnel / Consultante fonctionnelle des systèmes d'information,CDI,False,Pays de la Loire,business analyst
6029796,2026-08-31 21:32:20+02,2026-08-31 21:32:20+02,Disparue,0,15,M1419,Data analyst,CDI,False,La Réunion,data analyst
6030162,2026-08-31 21:32:30+02,2026-08-31 21:32:30+02,Disparue,0,15,M1806,Consultant fonctionnel / Consultante fonctionnelle des systèmes d'information,CDI,False,Nouvelle-Aquitaine,business analyst
6030216,2026-08-31 21:32:30+02,2026-08-31 21:32:30+02,Disparue,0,15,M1806,Consultant fonctionnel / Consultante fonctionnelle des systèmes d'information,CDI,False,Hauts-de-France,business analyst
6030252,2026-08-31 21:32:30+02,2026-08-31 21:32:30+02,Disparue,0,15,J1411,Orthoprothésiste,CDI,False,Non renseignee,business analyst
6030263,2026-08-31 21:32:30+02,2026-08-31 21:32:30+02,Disparue,0,15,M1806,Consultant fonctionnel / Consultante fonctionnelle des systèmes d'information,CDI,False,Non renseignee,business analyst
6030301,2026-08-31 21:32:30+02,2026-08-31 21:32:30+02,Disparue,0,15,M1806,Consultant fonctionnel / Consultante fonctionnelle des systèmes d'information,CDI,False,Non renseignee,business analyst
212MVGT,2026-08-31 21:32:23+02,2026-09-16 08:33:07+02,Disparue,16,31,M1855,Développeur / Développeuse web,CDI,False,Pays de la Loire,devops
212MVQP,2026-08-31 21:32:21+02,2026-08-31 21:32:22+02,Disparue,0,14,M1811,Data engineer,CDI,False,Normandie,machine learning
6039099,2026-08-31 21:32:30+02,2026-08-31 21:32:30+02,Disparue,0,14,M1806,Consultant fonctionnel / Consultante fonctionnelle des systèmes d'information,CDI,False,Hauts-de-France,business analyst
6039833,2026-08-31 21:32:20+02,2026-08-31 21:32:20+02,Disparue,0,14,M1419,Data analyst,CDI,False,La Réunion,data analyst
6039834,2026-08-31 21:32:20+02,2026-08-31 21:32:20+02,Disparue,0,14,M1419,Data analyst,CDI,False,La Réunion,data analyst
6039856,2026-08-31 21:32:20+02,2026-08-31 21:32:20+02,Disparue,0,14,M1419,Data analyst,CDI,False,La Réunion,data analyst
6040069,2026-08-31 21:32:30+02,2026-08-31 21:32:30+02,Disparue,0,14,M1806,Consultant fonctionnel / Consultante fonctionnelle des systèmes d'information,CDI,False,Nouvelle-Aquitaine,business analyst
6040071,2026-08-31 21:32:30+02,2026-08-31 21:32:30+02,Disparue,0,14,M1806,Consultant fonctionnel / Consultante fonctionnelle des systèmes d'information,CDI,False,Centre-Val de Loire,business analyst
6040072,2026-08-31 21:32:30+02,2026-08-31 21:32:30+02,Disparue,0,14,M1806,Consultant fonctionnel / Consultante fonctionnelle des systèmes d'information,CDI,False,Ile-de-France,business analyst
212MXBQ,2026-08-31 21:32:20+02,2026-08-31 21:32:20+02,Disparue,0,14,M1419,Data analyst,CDD,False,Centre-Val de Loire,data analyst
212NBMT,2026-08-31 21:32:23+02,2026-09-26 08:35:33+02,Disparue,26,40,M1842,Qualiticien / Qualiticienne logiciel en informatique,CDI,False,Ile-de-France,devops
212NBNW,2026-08-31 21:32:20+02,2026-09-25 08:37:18+02,Disparue,25,39,M1419,Data analyst,CDI,False,Ile-de-France,data analyst
212NBPN,2026-08-31 21:32:30+02,2026-09-25 08:37:47+02,Disparue,25,39,M1806,Consultant fonctionnel / Consultante fonctionnelle des systèmes d'information,CDI,False,Ile-de-France,business analyst
212NBZH,2026-09-14 12:09:13+02,2026-09-25 08:37:49+02,Disparue,11,39,M1864,Product Owner,CDI,False,Ile-de-France,product owner
212NCBL,2026-08-31 21:32:23+02,2026-09-26 08:35:33+02,Disparue,26,40,M1827,Ingénieur / Ingénieure DevOps,CDI,False,Ile-de-France,devops
212NNZK,2026-08-31 21:32:21+02,2026-08-31 21:32:21+02,Disparue,0,14,M1811,Data engineer,CDD,False,Ile-de-France,data engineer
212NPQQ,2026-08-31 21:32:23+02,2026-08-31 21:32:23+02,Disparue,0,14,M1827,Ingénieur / Ingénieure DevOps,CDI,False,Provence-Alpes-Côte d'Azur,devops
212NSKL,2026-08-31 21:32:23+02,2026-08-31 21:32:23+02,Disparue,0,14,M1814,Scrum Master,CDI,False,Auvergne-Rhône-Alpes,devops
212NWZV,2026-08-31 21:32:23+02,2026-08-31 21:32:23+02,Disparue,0,14,M1841,Ingénieur informaticien / Ingénieure informaticienne,CDI,False,Grand Est,devops
6058699,2026-08-31 21:32:21+02,2026-08-31 21:32:21+02,Disparue,0,13,M1811,Data engineer,CDI,False,Auvergne-Rhône-Alpes,data engineer
6074487,2026-08-31 21:32:21+02,2026-08-31 21:32:21+02,Disparue,0,13,M1811,Data engineer,CDI,False,Ile-de-France,data engineer
212PDRT,2026-08-31 21:32:23+02,2026-08-31 21:32:23+02,Disparue,0,13,M1827,Ingénieur / Ingénieure DevOps,CDI,False,Auvergne-Rhône-Alpes,devops
212PFHX,2026-08-31 21:32:23+02,2026-08-31 21:32:23+02,Disparue,0,13,M1502,Chargé / Chargée de recrutement,CDD,True,Provence-Alpes-Côte d'Azur,devops
212PHZN,2026-08-31 21:32:28+02,2026-09-14 12:09:00+02,Disparue,14,27,M1889,Ingénieur / Ingénieure en Intelligence Artificielle (IA),CDI,False,Ile-de-France,developpeur ia
6077842,2026-08-31 21:32:30+02,2026-08-31 21:32:30+02,Disparue,0,13,M1419,Data analyst,CDI,False,Ile-de-France,business analyst
6078063,2026-08-31 21:32:28+02,2026-08-31 21:32:28+02,Disparue,0,13,D1410,Attaché commercial / Attachée commerciale,CDD,True,Ile-de-France,developpeur ia
6078293,2026-08-31 21:32:30+02,2026-08-31 21:32:30+02,Disparue,0,13,C1217,Conseiller commercial / Conseillère commerciale de banque,CDI,False,Auvergne-Rhône-Alpes,business analyst
212PNNQ,2026-08-31 21:32:20+02,2026-09-14 12:08:19+02,Disparue,14,27,M1419,Data analyst,CDI,False,Nouvelle-Aquitaine,data analyst
6078799,2026-08-31 21:32:20+02,2026-08-31 21:32:20+02,Disparue,0,13,M1419,Data analyst,CDD,True,Ile-de-France,data analyst
6079356,2026-08-31 21:32:28+02,2026-08-31 21:32:28+02,Disparue,0,13,M1889,Ingénieur / Ingénieure en Intelligence Artificielle (IA),CDD,True,Ile-de-France,developpeur ia
212PSWJ,2026-08-31 21:32:20+02,2026-08-31 21:32:20+02,Disparue,0,13,M1419,Data analyst,CDI,False,Ile-de-France,data analyst
212PTHN,2026-08-31 21:32:23+02,2026-08-31 21:32:23+02,Disparue,0,13,M1860,Architecte cloud,CDI,False,Hauts-de-France,devops
212PVKK,2026-08-31 21:32:23+02,2026-08-31 21:32:23+02,Disparue,0,13,M1827,Ingénieur / Ingénieure DevOps,CDD,True,Ile-de-France,devops
212PWLX,2026-08-31 21:32:21+02,2026-09-16 08:33:05+02,Disparue,16,29,M1811,Data engineer,CDI,False,Ile-de-France,data engineer
6084059,2026-08-31 21:32:20+02,2026-09-26 08:35:36+02,Disparue,26,39,M1811,Data engineer,CDI,False,Ile-de-France,data engineer senior
6085528,2026-08-31 21:32:21+02,2026-09-26 08:35:30+02,Disparue,26,39,M1405,Data scientist,CDD,False,Ile-de-France,data scientist
6086170,2026-08-31 21:32:21+02,2026-08-31 21:32:21+02,Disparue,0,12,M1811,Data engineer,CDI,False,Auvergne-Rhône-Alpes,data engineer
6086171,2026-08-31 21:32:21+02,2026-08-31 21:32:21+02,Disparue,0,12,M1811,Data engineer,CDI,False,Auvergne-Rhône-Alpes,data engineer
6086177,2026-08-31 21:32:20+02,2026-09-26 08:35:35+02,Disparue,26,38,G1211,Analyste de la performance sportive,CDI,False,Ile-de-France,data analyst senior
6090077,2026-08-31 21:32:30+02,2026-08-31 21:32:30+02,Disparue,0,12,M1806,Consultant fonctionnel / Consultante fonctionnelle des systèmes d'information,CDI,False,Bretagne,business analyst
6090092,2026-08-31 21:32:21+02,2026-08-31 21:32:21+02,Disparue,0,12,M1811,Data engineer,CDI,False,Pays de la Loire,data engineer
6090099,2026-08-31 21:32:30+02,2026-08-31 21:32:30+02,Disparue,0,12,M1806,Consultant fonctionnel / Consultante fonctionnelle des systèmes d'information,CDI,False,Pays de la Loire,business analyst
6090375,2026-08-31 21:32:28+02,2026-08-31 21:32:28+02,Disparue,0,12,M1889,Ingénieur / Ingénieure en Intelligence Artificielle (IA),CDI,False,Ile-de-France,developpeur ia
212QKBB,2026-08-31 21:32:23+02,2026-08-31 21:32:23+02,Disparue,0,12,M1827,Ingénieur / Ingénieure DevOps,CDI,False,Occitanie,devops
6107741,2026-08-31 21:32:22+02,2026-08-31 21:32:22+02,Disparue,0,12,M1868,Architecte base de données,CDI,False,Hauts-de-France,machine learning
6107750,2026-08-31 21:32:21+02,2026-08-31 21:32:21+02,Disparue,0,12,M1405,Data scientist,CDI,False,Auvergne-Rhône-Alpes,data scientist
6107779,2026-08-31 21:32:28+02,2026-08-31 21:32:28+02,Disparue,0,12,M1855,Développeur / Développeuse web,CDI,False,Occitanie,developpeur ia
6109577,2026-08-31 21:32:25+02,2026-09-16 08:33:10+02,Disparue,16,28,M1811,Data engineer,CDI,False,Bourgogne-Franche-Comté,data engineer senior
6109575,2026-08-31 21:32:22+02,2026-09-16 08:33:06+02,Disparue,16,28,M1889,Ingénieur / Ingénieure en Intelligence Artificielle (IA),CDD,True,Ile-de-France,machine learning
212QVMG,2026-08-31 21:32:30+02,2026-08-31 21:32:30+02,Disparue,0,12,M1806,Consultant fonctionnel / Consultante fonctionnelle des systèmes d'information,CDI,False,Ile-de-France,business analyst
6112423,2026-08-31 21:32:20+02,2026-08-31 21:32:20+02,Disparue,0,12,M1419,Data analyst,CDI,False,Ile-de-France,data analyst
212RFBZ,2026-08-31 21:32:20+02,2026-08-31 21:32:20+02,Disparue,0,12,M1419,Data analyst,CDI,False,Ile-de-France,data analyst
212RFLG,2026-08-31 21:32:23+02,2026-09-26 08:35:33+02,Disparue,26,38,M1879,Ingénieur / Ingénieure Cloud computing,CDI,False,Ile-de-France,devops
212RGJR,2026-08-31 21:32:23+02,2026-08-31 21:32:23+02,Disparue,0,12,M1805,Développeur / Développeuse informatique,CDI,False,Ile-de-France,devops
212RHKF,2026-08-31 21:32:23+02,2026-08-31 21:32:23+02,Disparue,0,12,M1806,Consultant fonctionnel / Consultante fonctionnelle des systèmes d'information,CDI,False,Auvergne-Rhône-Alpes,devops
6117188,2026-08-31 21:32:21+02,2026-08-31 21:32:21+02,Disparue,0,11,M1811,Data engineer,CDI,False,Auvergne-Rhône-Alpes,data engineer
212RJVM,2026-08-31 21:32:30+02,2026-09-14 12:09:12+02,Disparue,14,25,M1852,Analyste d'étude informatique,MIS,False,Nouvelle-Aquitaine,business analyst
6117320,2026-08-31 21:32:20+02,2026-08-31 21:32:30+02,Disparue,0,11,M1419,Data analyst,CDI,False,Occitanie,business analyst
6120728,2026-08-31 21:32:20+02,2026-08-31 21:32:20+02,Disparue,0,11,M1419,Data analyst,CDI,False,La Réunion,data analyst
6120736,2026-08-31 21:32:20+02,2026-08-31 21:32:20+02,Disparue,0,11,M1419,Data analyst,CDI,False,Guyane,data analyst
6120749,2026-08-31 21:32:20+02,2026-08-31 21:32:20+02,Disparue,0,11,M1419,Data analyst,CDI,False,Martinique,data analyst
6124110,2026-08-31 21:32:30+02,2026-08-31 21:32:30+02,Disparue,0,11,M1806,Consultant fonctionnel / Consultante fonctionnelle des systèmes d'information,MIS,False,Nouvelle-Aquitaine,business analyst
6124466,2026-08-31 21:32:21+02,2026-08-31 21:32:21+02,Disparue,0,11,M1405,Data scientist,CDI,False,Non renseignee,data scientist
6124465,2026-08-31 21:32:20+02,2026-08-31 21:32:20+02,Disparue,0,11,M1811,Data engineer,CDI,False,Non renseignee,data analyst
6124474,2026-08-31 21:32:20+02,2026-08-31 21:32:20+02,Disparue,0,11,M1811,Data engineer,CDI,False,Non renseignee,data analyst
212RPDX,2026-08-31 21:32:20+02,2026-08-31 21:32:20+02,Disparue,0,11,M1419,Data analyst,CDI,False,Hauts-de-France,data analyst
212RPGK,2026-08-31 21:32:23+02,2026-08-31 21:32:23+02,Disparue,0,11,M1827,Ingénieur / Ingénieure DevOps,CDI,False,Pays de la Loire,devops
212RPWF,2026-08-31 21:32:20+02,2026-08-31 21:32:20+02,Disparue,0,11,M1419,Data analyst,CDI,False,Ile-de-France,data analyst
6141304,2026-08-31 21:32:25+02,2026-09-14 12:08:40+02,Disparue,14,25,M1811,Data engineer,MIS,False,Ile-de-France,data engineer senior
6141656,2026-08-31 21:32:22+02,2026-09-26 08:35:32+02,Disparue,26,37,L1505,Opérateur / Opératrice de prise de vues,CDD,True,Occitanie,machine learning
6141796,2026-08-31 21:32:24+02,2026-08-31 21:32:24+02,Disparue,0,11,F1101,Architecte du bâtiment,CDI,False,Occitanie,mlops
6142514,2026-08-31 21:32:20+02,2026-08-31 21:32:20+02,Disparue,0,11,M1419,Data analyst,MIS,False,Ile-de-France,data analyst
212RYBR,2026-08-31 21:32:20+02,2026-08-31 21:32:20+02,Disparue,0,11,M1435,Chargé de tracking vérificateur / Chargée de tracking vérificatrice,CDD,False,Auvergne-Rhône-Alpes,data analyst
212SGMP,2026-08-31 21:32:21+02,2026-09-14 12:08:20+02,Disparue,14,25,M1811,Data engineer,CDD,False,Grand Est,data engineer
212SLNC,2026-09-14 12:09:13+02,2026-09-16 08:33:15+02,Disparue,2,27,M1864,Product Owner,CDI,False,Nouvelle-Aquitaine,product owner
6149512,2026-08-31 21:32:21+02,2026-09-16 08:33:04+02,Disparue,16,26,M1405,Data scientist,CDI,False,Pays de la Loire,data scientist
6152406,2026-08-31 21:32:21+02,2026-08-31 21:32:21+02,Disparue,0,10,M1405,Data scientist,CDI,False,Ile-de-France,data scientist
6152685,2026-08-31 21:32:30+02,2026-08-31 21:32:30+02,Disparue,0,10,M1806,Consultant fonctionnel / Consultante fonctionnelle des systèmes d'information,CDI,False,Nouvelle-Aquitaine,business analyst
6153516,2026-08-31 21:32:30+02,2026-08-31 21:32:30+02,Disparue,0,10,M1806,Consultant fonctionnel / Consultante fonctionnelle des systèmes d'information,CDI,False,Hauts-de-France,business analyst
6154125,2026-08-31 21:32:28+02,2026-08-31 21:32:28+02,Disparue,0,10,M1889,Ingénieur / Ingénieure en Intelligence Artificielle (IA),CDI,False,Auvergne-Rhône-Alpes,developpeur ia
6154157,2026-08-31 21:32:30+02,2026-08-31 21:32:30+02,Disparue,0,10,M1806,Consultant fonctionnel / Consultante fonctionnelle des systèmes d'information,CDI,False,Bretagne,business analyst
6155713,2026-08-31 21:32:28+02,2026-09-16 08:33:13+02,Disparue,16,26,M1889,Ingénieur / Ingénieure en Intelligence Artificielle (IA),CDI,False,Non renseignee,developpeur ia
6155733,2026-08-31 21:32:28+02,2026-09-21 06:00:13+02,Disparue,21,31,M1889,Ingénieur / Ingénieure en Intelligence Artificielle (IA),CDI,False,Non renseignee,developpeur ia
212SWMM,2026-08-31 21:32:23+02,2026-08-31 21:32:23+02,Disparue,0,10,M1855,Développeur / Développeuse web,CDI,False,Normandie,devops
6169335,2026-08-31 21:32:30+02,2026-08-31 21:32:30+02,Disparue,0,10,M1419,Data analyst,CDI,False,Occitanie,business analyst
6169348,2026-08-31 21:32:30+02,2026-08-31 21:32:30+02,Disparue,0,10,M1419,Data analyst,CDI,False,Ile-de-France,business analyst
6169380,2026-08-31 21:32:30+02,2026-08-31 21:32:30+02,Disparue,0,10,M1419,Data analyst,CDI,False,Provence-Alpes-Côte d'Azur,business analyst
6169407,2026-08-31 21:32:28+02,2026-08-31 21:32:28+02,Disparue,0,10,M1855,Développeur / Développeuse web,CDI,False,Ile-de-France,developpeur ia
6169404,2026-08-31 21:32:20+02,2026-08-31 21:32:20+02,Disparue,0,10,M1419,Data analyst,CDD,True,Ile-de-France,data analyst
6169412,2026-08-31 21:32:28+02,2026-09-26 08:35:41+02,Disparue,26,36,M1861,Développeur / Développeuse logiciel ou d'application,CDD,True,Auvergne-Rhône-Alpes,developpeur ia
6169434,2026-08-31 21:32:21+02,2026-08-31 21:32:21+02,Disparue,0,10,M1405,Data scientist,CDI,False,Auvergne-Rhône-Alpes,data scientist
6170009,2026-08-31 21:32:28+02,2026-08-31 21:32:28+02,Disparue,0,10,M1889,Ingénieur / Ingénieure en Intelligence Artificielle (IA),CDI,False,Guyane,developpeur ia
6170298,2026-08-31 21:32:28+02,2026-08-31 21:32:28+02,Disparue,0,10,M1841,Ingénieur informaticien / Ingénieure informaticienne,CDD,True,Auvergne-Rhône-Alpes,developpeur ia
6172119,2026-08-31 21:32:30+02,2026-08-31 21:32:30+02,Disparue,0,10,M1430,Chargé / Chargée d'études commerciales,MIS,False,Nouvelle-Aquitaine,business analyst
212TBBJ,2026-08-31 21:32:21+02,2026-09-14 12:08:20+02,Disparue,14,24,M1811,Data engineer,CDI,False,Bretagne,data engineer
212THHD,2026-08-31 21:32:30+02,2026-09-26 08:35:45+02,Active,26,36,M1806,Consultant fonctionnel / Consultante fonctionnelle des systèmes d'information,CDI,False,Bourgogne-Franche-Comté,business analyst
212THJZ,2026-08-31 21:32:28+02,2026-08-31 21:32:28+02,Disparue,0,10,M1889,Ingénieur / Ingénieure en Intelligence Artificielle (IA),DIN,False,Auvergne-Rhône-Alpes,developpeur ia
212THRZ,2026-08-31 21:32:28+02,2026-08-31 21:32:28+02,Disparue,0,10,M1889,Ingénieur / Ingénieure en Intelligence Artificielle (IA),CDI,False,Ile-de-France,developpeur ia
212TJCK,2026-08-31 21:32:23+02,2026-08-31 21:32:23+02,Disparue,0,10,H1218,Responsable de projet recherche et développement,CDI,False,Auvergne-Rhône-Alpes,devops
212TJGY,2026-08-31 21:32:23+02,2026-09-16 08:33:07+02,Disparue,16,26,M1827,Ingénieur / Ingénieure DevOps,CDI,False,Auvergne-Rhône-Alpes,devops
212TJJF,2026-08-31 21:32:23+02,2026-08-31 21:32:23+02,Disparue,0,10,M1802,Expert / Experte systèmes et réseaux informatiques,CDI,False,Auvergne-Rhône-Alpes,devops
212TJYL,2026-08-31 21:32:23+02,2026-08-31 21:32:23+02,Disparue,0,10,M1855,Développeur / Développeuse web,CDI,False,Nouvelle-Aquitaine,devops
212TKBJ,2026-08-31 21:32:23+02,2026-08-31 21:32:23+02,Disparue,0,10,M1802,Expert / Experte systèmes et réseaux informatiques,CDI,False,Ile-de-France,devops
212TKHW,2026-08-31 21:32:23+02,2026-08-31 21:32:23+02,Disparue,0,10,M1827,Ingénieur / Ingénieure DevOps,CDI,False,Occitanie,devops
212TKMZ,2026-08-31 21:32:28+02,2026-09-25 08:37:39+02,Disparue,25,35,M1889,Ingénieur / Ingénieure en Intelligence Artificielle (IA),CDI,False,Ile-de-France,developpeur ia
212TKYQ,2026-08-31 21:32:30+02,2026-09-25 08:37:47+02,Disparue,25,35,M1718,Chargé / Chargée de marketing digital,CDI,False,Occitanie,business analyst
212TLDS,2026-08-31 21:32:30+02,2026-09-26 08:35:45+02,Active,26,36,C1209,Spécialiste de la vérification client,CDI,False,Occitanie,business analyst
6181703,2026-08-31 21:32:29+02,2026-09-22 08:30:42+02,Disparue,22,31,M1889,Ingénieur / Ingénieure en Intelligence Artificielle (IA),CDI,False,Auvergne-Rhône-Alpes,genai
6181714,2026-08-31 21:32:21+02,2026-09-26 08:35:30+02,Disparue,26,35,M1405,Data scientist,CDI,False,Ile-de-France,data scientist
6185279,2026-08-31 21:32:30+02,2026-08-31 21:32:30+02,Disparue,0,9,M1806,Consultant fonctionnel / Consultante fonctionnelle des systèmes d'information,CDI,False,Normandie,business analyst
6186244,2026-08-31 21:32:28+02,2026-08-31 21:32:28+02,Disparue,0,9,M1889,Ingénieur / Ingénieure en Intelligence Artificielle (IA),CDI,False,Grand Est,developpeur ia
6189165,2026-08-31 21:32:21+02,2026-08-31 21:32:21+02,Disparue,0,9,M1811,Data engineer,CDI,False,Hauts-de-France,data engineer
6203697,2026-08-31 21:32:21+02,2026-09-25 08:37:40+02,Disparue,25,34,M1405,Data scientist,CDI,False,Ile-de-France,genai
6203701,2026-08-31 21:32:30+02,2026-08-31 21:32:30+02,Disparue,0,9,H1406,Ingénieur / Ingénieure supply chain en industrie,CDI,False,Ile-de-France,business analyst
6203702,2026-08-31 21:32:21+02,2026-09-16 08:33:04+02,Disparue,16,25,M1405,Data scientist,CDI,False,Ile-de-France,data scientist
6203706,2026-08-31 21:32:21+02,2026-09-16 08:33:10+02,Disparue,16,25,M1405,Data scientist,CDI,False,Ile-de-France,data scientist senior
6203707,2026-08-31 21:32:30+02,2026-08-31 21:32:30+02,Disparue,0,9,M1806,Consultant fonctionnel / Consultante fonctionnelle des systèmes d'information,CDI,False,Ile-de-France,business analyst
6204698,2026-08-31 21:32:20+02,2026-09-14 12:08:35+02,Disparue,14,23,M1419,Data analyst,CDI,False,Occitanie,data analyst senior
6205230,2026-08-31 21:32:21+02,2026-08-31 21:32:21+02,Disparue,0,9,M1811,Data engineer,MIS,False,Occitanie,data engineer
6205322,2026-08-31 21:32:20+02,2026-08-31 21:32:20+02,Disparue,0,9,M1419,Data analyst,CDI,False,Grand Est,data analyst
6206210,2026-08-31 21:32:20+02,2026-08-31 21:32:30+02,Disparue,0,9,M1806,Consultant fonctionnel / Consultante fonctionnelle des systèmes d'information,CDD,True,Ile-de-France,business analyst
6207903,2026-08-31 21:32:21+02,2026-08-31 21:32:21+02,Disparue,0,9,M1405,Data scientist,CDD,True,Auvergne-Rhône-Alpes,data scientist
6207908,2026-08-31 21:32:20+02,2026-08-31 21:32:20+02,Disparue,0,9,M1419,Data analyst,CDD,True,Ile-de-France,data analyst
212TTMY,2026-08-31 21:32:20+02,2026-09-21 06:00:05+02,Disparue,21,30,M1852,Analyste d'étude informatique,CDI,False,Ile-de-France,data analyst
6214728,2026-08-31 21:32:22+02,2026-08-31 21:32:22+02,Disparue,0,8,M1889,Ingénieur / Ingénieure en Intelligence Artificielle (IA),CDI,False,Ile-de-France,machine learning
6216982,2026-08-31 21:32:22+02,2026-08-31 21:32:22+02,Disparue,0,8,M1889,Ingénieur / Ingénieure en Intelligence Artificielle (IA),CDI,False,Ile-de-France,machine learning
6217089,2026-08-31 21:32:30+02,2026-08-31 21:32:30+02,Disparue,0,8,M1806,Consultant fonctionnel / Consultante fonctionnelle des systèmes d'information,CDI,False,Ile-de-France,business analyst
6217103,2026-08-31 21:32:21+02,2026-08-31 21:32:21+02,Disparue,0,8,M1811,Data engineer,CDI,False,Nouvelle-Aquitaine,data engineer
6217104,2026-08-31 21:32:21+02,2026-08-31 21:32:21+02,Disparue,0,8,M1811,Data engineer,CDI,False,Auvergne-Rhône-Alpes,data engineer
6227121,2026-08-31 21:32:30+02,2026-08-31 21:32:30+02,Disparue,0,7,M1806,Consultant fonctionnel / Consultante fonctionnelle des systèmes d'information,CDI,False,Ile-de-France,business analyst
6227183,2026-08-31 21:32:28+02,2026-09-21 06:00:13+02,Disparue,21,28,M1889,Ingénieur / Ingénieure en Intelligence Artificielle (IA),CDI,False,Non renseignee,developpeur ia
212VDFP,2026-08-31 21:32:20+02,2026-08-31 21:32:30+02,Disparue,0,7,M1851,Analyste décisionnel - Business Intelligence,CDI,False,Ile-de-France,business analyst
212VFFM,2026-08-31 21:32:21+02,2026-09-16 08:33:05+02,Disparue,16,23,M1811,Data engineer,CDI,False,Ile-de-France,data engineer
212VFQT,2026-08-31 21:32:22+02,2026-09-22 08:30:34+02,Disparue,22,29,I1306,Frigoriste,CDI,False,Provence-Alpes-Côte d'Azur,machine learning
212VFSH,2026-08-31 21:32:21+02,2026-09-16 08:33:05+02,Disparue,16,23,M1811,Data engineer,CDI,False,Bourgogne-Franche-Comté,data engineer
212VGRP,2026-08-31 21:32:22+02,2026-09-14 12:09:00+02,Disparue,14,21,M1889,Ingénieur / Ingénieure en Intelligence Artificielle (IA),CDI,False,Ile-de-France,developpeur ia
212VHBZ,2026-08-31 21:32:30+02,2026-09-16 08:33:15+02,Disparue,16,23,M1852,Analyste d'étude informatique,MIS,False,Ile-de-France,business analyst
212VHMV,2026-08-31 21:32:28+02,2026-08-31 21:32:28+02,Disparue,0,7,M1889,Ingénieur / Ingénieure en Intelligence Artificielle (IA),CDI,False,Ile-de-France,developpeur ia
212VHNV,2026-08-31 21:32:21+02,2026-09-22 08:30:35+02,Disparue,22,29,M1811,Data engineer,CDI,False,Ile-de-France,devops
212VHQM,2026-08-31 21:32:21+02,2026-09-22 08:30:33+02,Disparue,22,29,M1811,Data engineer,CDI,False,Ile-de-France,data engineer
212VHZQ,2026-08-31 21:32:23+02,2026-08-31 21:32:23+02,Disparue,0,7,M1855,Développeur / Développeuse web,CDI,False,Ile-de-France,devops
212VJMZ,2026-08-31 21:32:20+02,2026-09-16 08:33:04+02,Disparue,16,23,M1895,Géomaticien / Géomaticienne,CDD,False,Bretagne,data analyst
212VMCW,2026-08-31 21:32:23+02,2026-08-31 21:32:23+02,Disparue,0,7,M1810,Technicien / Technicienne d'exploitation informatique,CDI,False,Grand Est,devops
212VPVJ,2026-08-31 21:32:21+02,2026-09-22 08:30:33+02,Disparue,22,29,M1811,Data engineer,CDI,False,Ile-de-France,data engineer
212VPXC,2026-08-31 21:32:23+02,2026-08-31 21:32:23+02,Disparue,0,7,M1860,Architecte cloud,CDI,False,Ile-de-France,devops
212VVLN,2026-08-31 21:32:23+02,2026-08-31 21:32:23+02,Disparue,0,7,M1855,Développeur / Développeuse web,CDD,False,Ile-de-France,devops
212VVRK,2026-08-31 21:32:21+02,2026-09-14 12:08:20+02,Disparue,14,21,M1811,Data engineer,CDI,False,Provence-Alpes-Côte d'Azur,data engineer
212VWPJ,2026-08-31 21:32:21+02,2026-09-21 06:00:06+02,Disparue,21,28,M1811,Data engineer,CDD,False,Ile-de-France,data engineer
212VWZB,2026-08-31 21:32:21+02,2026-09-21 06:00:06+02,Disparue,21,28,M1811,Data engineer,CDD,False,Ile-de-France,data engineer
212VXGP,2026-08-31 21:32:23+02,2026-08-31 21:32:23+02,Disparue,0,7,H1215,"Bioinformaticien / Bioinformaticienne en études, recherche et développement",CDD,False,Ile-de-France,devops
212VXPR,2026-08-31 21:32:23+02,2026-08-31 21:32:23+02,Disparue,0,7,M1855,Développeur / Développeuse web,CDD,False,Ile-de-France,devops
212VZWV,2026-08-31 21:32:21+02,2026-09-22 08:30:33+02,Disparue,22,29,M1811,Data engineer,CDI,False,Ile-de-France,data engineer
212VZXJ,2026-08-31 21:32:23+02,2026-08-31 21:32:23+02,Disparue,0,7,M1827,Ingénieur / Ingénieure DevOps,CDI,False,Centre-Val de Loire,devops
6236512,2026-08-31 21:32:30+02,2026-08-31 21:32:30+02,Disparue,0,6,M1828,Chef de projet / Cheffe de projet (Project Management Officer),CDI,False,Grand Est,business analyst
6240246,2026-08-31 21:32:21+02,2026-08-31 21:32:21+02,Disparue,0,6,M1405,Data scientist,CDI,False,Ile-de-France,data scientist
6242141,2026-08-31 21:32:20+02,2026-08-31 21:32:20+02,Disparue,0,6,M1419,Data analyst,CDI,False,Ile-de-France,data analyst
6244043,2026-08-31 21:32:30+02,2026-08-31 21:32:30+02,Disparue,0,6,M1201,Analyste financier / Analyste financière,CDI,False,Bretagne,business analyst
6244134,2026-08-31 21:32:30+02,2026-08-31 21:32:30+02,Disparue,0,6,M1201,Analyste financier / Analyste financière,CDI,False,Pays de la Loire,business analyst
6244341,2026-08-31 21:32:30+02,2026-08-31 21:32:30+02,Disparue,0,6,M1201,Analyste financier / Analyste financière,CDI,False,Ile-de-France,business analyst
6244456,2026-08-31 21:32:20+02,2026-08-31 21:32:20+02,Disparue,0,6,M1419,Data analyst,CDI,False,Ile-de-France,data analyst
6245051,2026-08-31 21:32:21+02,2026-09-21 06:00:10+02,Disparue,21,27,M1811,Data engineer,CDI,False,Hauts-de-France,data engineer senior
6245173,2026-08-31 21:32:21+02,2026-08-31 21:32:21+02,Disparue,0,6,M1405,Data scientist,CDI,False,Ile-de-France,data scientist
6245172,2026-08-31 21:32:21+02,2026-08-31 21:32:21+02,Disparue,0,6,M1811,Data engineer,CDI,False,Ile-de-France,data engineer
6245180,2026-08-31 21:32:21+02,2026-08-31 21:32:25+02,Disparue,0,6,M1811,Data engineer,CDI,False,Ile-de-France,data engineer senior
6245181,2026-08-31 21:32:21+02,2026-08-31 21:32:26+02,Disparue,0,6,M1405,Data scientist,CDI,False,Ile-de-France,data scientist senior
212WHSJ,2026-08-31 21:32:28+02,2026-09-25 08:37:39+02,Disparue,25,31,M1805,Développeur / Développeuse informatique,CDI,False,Grand Est,developpeur ia
212WJJN,2026-08-31 21:32:23+02,2026-08-31 21:32:23+02,Disparue,0,6,M1802,Expert / Experte systèmes et réseaux informatiques,CDI,False,Ile-de-France,devops
212WRCG,2026-08-31 21:32:23+02,2026-08-31 21:32:23+02,Disparue,0,6,M1878,Responsable de la production informatique,CDI,False,Auvergne-Rhône-Alpes,devops
212WRHG,2026-08-31 21:32:23+02,2026-09-16 08:33:13+02,Disparue,16,22,M1855,Développeur / Développeuse web,CDI,False,Occitanie,developpeur ia
6264401,2026-08-31 21:32:21+02,2026-08-31 21:32:21+02,Disparue,0,6,M1868,Architecte base de données,CDI,False,Provence-Alpes-Côte d'Azur,data engineer
212WTSP,2026-09-14 12:09:13+02,2026-09-16 08:33:15+02,Disparue,2,22,M1703,Chef / Cheffe de produit,CDD,False,Ile-de-France,product owner
6268435,2026-08-31 21:32:24+02,2026-08-31 21:32:24+02,Disparue,0,6,M1827,Ingénieur / Ingénieure DevOps,CDI,False,Auvergne-Rhône-Alpes,mlops
6268831,2026-08-31 21:32:28+02,2026-08-31 21:32:28+02,Disparue,0,6,M1889,Ingénieur / Ingénieure en Intelligence Artificielle (IA),MIS,False,Ile-de-France,developpeur ia
212WVLK,2026-08-31 21:32:23+02,2026-09-21 06:00:08+02,Disparue,21,27,M1827,Ingénieur / Ingénieure DevOps,CDI,False,Ile-de-France,devops
212WWPX,2026-08-31 21:32:30+02,2026-09-21 06:00:15+02,Disparue,21,27,M1806,Consultant fonctionnel / Consultante fonctionnelle des systèmes d'information,CDI,False,Grand Est,business analyst
6271290,2026-08-31 21:32:30+02,2026-08-31 21:32:30+02,Disparue,0,6,M1419,Data analyst,CDD,True,Ile-de-France,business analyst
212WZKZ,2026-08-31 21:32:28+02,2026-08-31 21:32:28+02,Disparue,0,6,M1889,Ingénieur / Ingénieure en Intelligence Artificielle (IA),CDI,False,Pays de la Loire,developpeur ia
212XDLB,2026-08-31 21:32:23+02,2026-09-16 08:33:13+02,Disparue,16,22,M1855,Développeur / Développeuse web,CDI,False,Occitanie,developpeur ia
212XFGL,2026-08-31 21:32:28+02,2026-09-26 08:35:41+02,Disparue,26,32,M1889,Ingénieur / Ingénieure en Intelligence Artificielle (IA),CDD,True,Nouvelle-Aquitaine,developpeur ia
212XGGF,2026-08-31 21:32:22+02,2026-09-14 12:09:13+02,Disparue,14,20,M1853,Chef / Cheffe de projet étude et développement informatique,CDI,False,Pays de la Loire,product owner
212XGZV,2026-08-31 21:32:22+02,2026-09-26 08:35:32+02,Disparue,26,32,M1855,Développeur / Développeuse web,CDI,False,Ile-de-France,machine learning
212XHHD,2026-08-31 21:32:22+02,2026-09-22 08:30:34+02,Disparue,22,28,M1805,Développeur / Développeuse informatique,CDI,False,Bourgogne-Franche-Comté,machine learning
212XKSK,2026-08-31 21:32:21+02,2026-08-31 21:32:21+02,Disparue,0,6,M1405,Data scientist,CDD,False,Ile-de-France,data scientist
212XKWS,2026-08-31 21:32:20+02,2026-09-21 06:00:05+02,Disparue,21,27,M1419,Data analyst,CDD,False,Grand Est,data analyst
212XLDH,2026-08-31 21:32:23+02,2026-08-31 21:32:23+02,Disparue,0,6,M1828,Chef de projet / Cheffe de projet (Project Management Officer),CDI,False,Provence-Alpes-Côte d'Azur,devops
212XMPF,2026-08-31 21:32:21+02,2026-09-14 12:08:21+02,Disparue,14,20,M1405,Data scientist,CDI,False,Ile-de-France,machine learning
6275634,2026-08-31 21:32:24+02,2026-09-26 08:35:35+02,Disparue,26,32,M1419,Data analyst,CDI,False,Ile-de-France,data analyst senior
6277000,2026-08-31 21:32:20+02,2026-08-31 21:32:20+02,Disparue,0,6,M1419,Data analyst,CDI,False,Ile-de-France,data analyst
6277017,2026-08-31 21:32:30+02,2026-08-31 21:32:30+02,Disparue,0,6,M1806,Consultant fonctionnel / Consultante fonctionnelle des systèmes d'information,CDI,False,Hauts-de-France,business analyst
6277738,2026-08-31 21:32:21+02,2026-08-31 21:32:21+02,Disparue,0,5,M1811,Data engineer,CDI,False,Ile-de-France,data engineer
6278304,2026-08-31 21:32:21+02,2026-08-31 21:32:21+02,Disparue,0,5,M1405,Data scientist,CDI,False,Provence-Alpes-Côte d'Azur,data scientist
6278369,2026-08-31 21:32:20+02,2026-08-31 21:32:20+02,Disparue,0,5,M1419,Data analyst,CDD,True,Hauts-de-France,data analyst
6284052,2026-08-31 21:32:21+02,2026-09-26 08:35:39+02,Disparue,26,31,M1405,Data scientist,CDI,False,Ile-de-France,data scientist senior
6284088,2026-08-31 21:32:21+02,2026-09-22 08:30:39+02,Disparue,22,27,M1405,Data scientist,CDI,False,Ile-de-France,data scientist senior
6284532,2026-08-31 21:32:20+02,2026-08-31 21:32:20+02,Disparue,0,5,M1419,Data analyst,MIS,False,Auvergne-Rhône-Alpes,data analyst
6284555,2026-08-31 21:32:21+02,2026-08-31 21:32:21+02,Disparue,0,5,M1405,Data scientist,MIS,False,Ile-de-France,data scientist
6288677,2026-08-31 21:32:21+02,2026-08-31 21:32:21+02,Disparue,0,5,M1811,Data engineer,CDI,False,Ile-de-France,data engineer
6288710,2026-08-31 21:32:21+02,2026-08-31 21:32:21+02,Disparue,0,5,M1811,Data engineer,CDI,False,Ile-de-France,data engineer
212XRPX,2026-08-31 21:32:21+02,2026-09-16 08:33:05+02,Disparue,16,21,M1811,Data engineer,CDI,False,Ile-de-France,data engineer
212XRXB,2026-08-31 21:32:23+02,2026-09-26 08:35:33+02,Disparue,26,31,M1827,Ingénieur / Ingénieure DevOps,CDI,False,Hauts-de-France,devops
212XRYP,2026-08-31 21:32:20+02,2026-09-25 08:37:18+02,Disparue,25,30,G1211,Analyste de la performance sportive,MIS,False,Ile-de-France,data analyst
212XVMD,2026-08-31 21:32:23+02,2026-08-31 21:32:23+02,Disparue,0,5,M1855,Développeur / Développeuse web,CDI,False,Hauts-de-France,devops
212XWNW,2026-08-31 21:32:28+02,2026-08-31 21:32:28+02,Disparue,0,5,M1805,Développeur / Développeuse informatique,CDI,False,Hauts-de-France,developpeur ia
212XWPY,2026-09-14 12:09:13+02,2026-09-22 08:30:45+02,Disparue,8,27,M1864,Product Owner,CDI,False,Auvergne-Rhône-Alpes,product owner
212XXCR,2026-08-31 21:32:28+02,2026-09-22 08:30:42+02,Disparue,22,27,M1805,Développeur / Développeuse informatique,CDI,False,Hauts-de-France,developpeur ia
6304247,2026-08-31 21:32:30+02,2026-08-31 21:32:30+02,Disparue,0,5,M1419,Data analyst,CDI,False,Pays de la Loire,business analyst
6304626,2026-08-31 21:32:20+02,2026-08-31 21:32:20+02,Disparue,0,5,M1419,Data analyst,CDI,False,Occitanie,data analyst
6304725,2026-08-31 21:32:28+02,2026-08-31 21:32:28+02,Disparue,0,5,M1861,Développeur / Développeuse logiciel ou d'application,CDI,False,Ile-de-France,developpeur ia
6306199,2026-08-31 21:32:21+02,2026-08-31 21:32:25+02,Disparue,0,5,M1811,Data engineer,CDI,False,Ile-de-France,data engineer senior
6307095,2026-08-31 21:32:30+02,2026-08-31 21:32:30+02,Disparue,0,5,M1806,Consultant fonctionnel / Consultante fonctionnelle des systèmes d'information,CDI,False,Ile-de-France,business analyst
212YFNC,2026-08-31 21:32:23+02,2026-08-31 21:32:23+02,Disparue,0,5,M1872,Consultant décisionnel / Consultante décisionnelle - Business Intelligence,CDI,False,Ile-de-France,devops
212YGKW,2026-08-31 21:32:21+02,2026-09-22 08:30:33+02,Disparue,22,27,M1811,Data engineer,CDI,False,Grand Est,data engineer
212YKFH,2026-08-31 21:32:23+02,2026-09-26 08:35:33+02,Disparue,26,31,M1827,Ingénieur / Ingénieure DevOps,CDI,False,Non renseignee,devops
212YKYZ,2026-08-31 21:32:23+02,2026-09-14 12:08:25+02,Disparue,14,19,M1827,Ingénieur / Ingénieure DevOps,CDI,False,Martinique,devops
212YLVR,2026-08-31 21:32:23+02,2026-09-25 08:37:25+02,Disparue,25,30,M1827,Ingénieur / Ingénieure DevOps,CDD,False,Grand Est,devops
212YNKT,2026-08-31 21:32:22+02,2026-09-25 08:37:22+02,Disparue,25,30,I1310,Mécanicien / Mécanicienne de maintenance industrielle,CDI,False,Auvergne-Rhône-Alpes,machine learning
212YNWG,2026-08-31 21:32:23+02,2026-09-16 08:33:07+02,Disparue,16,21,M1827,Ingénieur / Ingénieure DevOps,CDI,False,Pays de la Loire,devops
212YRWT,2026-08-31 21:32:23+02,2026-09-22 08:30:42+02,Disparue,22,27,M1889,Ingénieur / Ingénieure en Intelligence Artificielle (IA),CDI,False,Auvergne-Rhône-Alpes,developpeur ia
212YSHJ,2026-08-31 21:32:21+02,2026-09-16 08:33:05+02,Disparue,16,21,M1811,Data engineer,CDI,False,Ile-de-France,data engineer
6316217,2026-08-31 21:32:30+02,2026-08-31 21:32:30+02,Disparue,0,5,M1806,Consultant fonctionnel / Consultante fonctionnelle des systèmes d'information,CDI,False,Pays de la Loire,business analyst
212YWRS,2026-08-31 21:32:22+02,2026-09-16 08:33:13+02,Disparue,16,20,M1889,Ingénieur / Ingénieure en Intelligence Artificielle (IA),CDI,False,Ile-de-France,developpeur ia
6322167,2026-08-31 21:32:30+02,2026-08-31 21:32:30+02,Disparue,0,4,M1806,Consultant fonctionnel / Consultante fonctionnelle des systèmes d'information,CDI,False,Ile-de-France,business analyst
6322889,2026-08-31 21:32:30+02,2026-08-31 21:32:30+02,Disparue,0,4,M1806,Consultant fonctionnel / Consultante fonctionnelle des systèmes d'information,CDI,False,Nouvelle-Aquitaine,business analyst
6323329,2026-08-31 21:32:24+02,2026-09-22 08:30:36+02,Disparue,22,26,F1137,Chargé / Chargée de méthodes BTP,CDD,False,Ile-de-France,mlops
6323833,2026-08-31 21:32:21+02,2026-08-31 21:32:21+02,Disparue,0,4,M1405,Data scientist,CDI,False,Pays de la Loire,data scientist
6324109,2026-08-31 21:32:30+02,2026-08-31 21:32:30+02,Disparue,0,4,M1806,Consultant fonctionnel / Consultante fonctionnelle des systèmes d'information,MIS,False,Ile-de-France,business analyst
6324332,2026-08-31 21:32:21+02,2026-08-31 21:32:22+02,Disparue,0,4,M1405,Data scientist,CDI,False,Pays de la Loire,machine learning
6325835,2026-08-31 21:32:22+02,2026-09-21 06:00:13+02,Disparue,21,25,M1889,Ingénieur / Ingénieure en Intelligence Artificielle (IA),CDI,False,Non renseignee,developpeur ia
6325841,2026-08-31 21:32:21+02,2026-09-26 08:35:30+02,Disparue,26,30,M1405,Data scientist,CDI,False,Non renseignee,data scientist
6326269,2026-08-31 21:32:22+02,2026-08-31 21:32:22+02,Disparue,0,4,J1304,Auxiliaire de puériculture,CDI,False,Pays de la Loire,machine learning
212YYXJ,2026-08-31 21:32:20+02,2026-09-16 08:33:04+02,Disparue,16,20,M1419,Data analyst,CDI,False,Grand Est,data analyst
212ZDRH,2026-08-31 21:32:22+02,2026-09-26 08:35:32+02,Disparue,26,30,M1889,Ingénieur / Ingénieure en Intelligence Artificielle (IA),CDI,False,Ile-de-France,machine learning
212ZDWB,2026-09-14 12:09:13+02,2026-09-26 08:35:45+02,Active,12,30,M1864,Product Owner,CDI,False,Ile-de-France,product owner
212ZGMJ,2026-08-31 21:32:22+02,2026-09-21 06:00:13+02,Disparue,21,25,M1889,Ingénieur / Ingénieure en Intelligence Artificielle (IA),CDI,False,Hauts-de-France,developpeur ia
212ZHCM,2026-08-31 21:32:23+02,2026-08-31 21:32:23+02,Disparue,0,4,H1520,Ingénieur qualité / Ingénieure qualité,CDI,False,Hauts-de-France,devops
6340946,2026-08-31 21:32:29+02,2026-08-31 21:32:29+02,Disparue,0,4,M1868,Architecte base de données,CDI,False,Occitanie,genai
6340957,2026-08-31 21:32:21+02,2026-08-31 21:32:25+02,Disparue,0,4,M1868,Architecte base de données,CDI,False,Ile-de-France,data engineer senior
6341769,2026-08-31 21:32:20+02,2026-08-31 21:32:20+02,Disparue,0,4,M1419,Data analyst,CDI,False,Auvergne-Rhône-Alpes,data analyst
6341771,2026-08-31 21:32:22+02,2026-08-31 21:32:22+02,Disparue,0,4,D1410,Attaché commercial / Attachée commerciale,CDD,True,Ile-de-France,machine learning
6341921,2026-08-31 21:32:22+02,2026-08-31 21:32:22+02,Disparue,0,4,D1410,Attaché commercial / Attachée commerciale,CDD,True,Ile-de-France,machine learning
6341936,2026-08-31 21:32:20+02,2026-08-31 21:32:20+02,Disparue,0,4,M1419,Data analyst,CDD,True,Ile-de-France,data analyst
6341937,2026-08-31 21:32:21+02,2026-09-26 08:35:30+02,Disparue,26,30,M1405,Data scientist,CDD,True,Ile-de-France,data scientist
6341959,2026-08-31 21:32:20+02,2026-08-31 21:32:30+02,Disparue,0,4,M1419,Data analyst,CDI,False,Occitanie,business analyst
212ZHVP,2026-08-31 21:32:20+02,2026-08-31 21:32:20+02,Disparue,0,4,M1419,Data analyst,CDD,False,Occitanie,data analyst
212ZKRP,2026-08-31 21:32:30+02,2026-08-31 21:32:30+02,Disparue,0,4,M1806,Consultant fonctionnel / Consultante fonctionnelle des systèmes d'information,CDI,False,Auvergne-Rhône-Alpes,business analyst
212ZLNH,2026-08-31 21:32:30+02,2026-09-26 08:35:45+02,Active,26,30,M1806,Consultant fonctionnel / Consultante fonctionnelle des systèmes d'information,CDI,False,Nouvelle-Aquitaine,business analyst
212ZLTH,2026-08-31 21:32:22+02,2026-08-31 21:32:22+02,Disparue,0,4,K2202,Laveur / Laveuse de vitres,CDI,False,Nouvelle-Aquitaine,machine learning
6344771,2026-08-31 21:32:21+02,2026-08-31 21:32:22+02,Disparue,0,4,M1405,Data scientist,CDD,True,Ile-de-France,machine learning
6344775,2026-08-31 21:32:20+02,2026-08-31 21:32:20+02,Disparue,0,4,M1419,Data analyst,CDD,True,Ile-de-France,data analyst
6344763,2026-08-31 21:32:20+02,2026-08-31 21:32:20+02,Disparue,0,4,M1806,Consultant fonctionnel / Consultante fonctionnelle des systèmes d'information,CDD,True,Ile-de-France,data analyst
6344786,2026-08-31 21:32:28+02,2026-08-31 21:32:28+02,Disparue,0,4,M1889,Ingénieur / Ingénieure en Intelligence Artificielle (IA),CDD,True,Ile-de-France,developpeur ia
6344772,2026-08-31 21:32:21+02,2026-09-16 08:33:13+02,Disparue,16,20,M1889,Ingénieur / Ingénieure en Intelligence Artificielle (IA),CDD,True,Ile-de-France,developpeur ia
212ZPXY,2026-08-31 21:32:23+02,2026-09-22 08:30:35+02,Disparue,22,26,M1827,Ingénieur / Ingénieure DevOps,CDI,False,Ile-de-France,devops
6349492,2026-08-31 21:32:20+02,2026-09-25 08:37:29+02,Disparue,25,29,E1405,Référenceur / Référenceuse web,CDI,False,Ile-de-France,data analyst senior
212ZTTV,2026-08-31 21:32:21+02,2026-09-26 08:35:31+02,Disparue,26,30,M1811,Data engineer,CDI,False,Auvergne-Rhône-Alpes,data engineer
212ZWZX,2026-08-31 21:32:21+02,2026-09-22 08:30:33+02,Disparue,22,26,M1811,Data engineer,CDI,False,Hauts-de-France,data engineer
212ZXGN,2026-08-31 21:32:23+02,2026-09-26 08:35:33+02,Disparue,26,30,M1827,Ingénieur / Ingénieure DevOps,CDI,False,Provence-Alpes-Côte d'Azur,devops
212ZZGK,2026-08-31 21:32:23+02,2026-09-26 08:35:33+02,Disparue,26,30,M1805,Développeur / Développeuse informatique,CDI,False,Nouvelle-Aquitaine,devops
212ZZXK,2026-08-31 21:32:23+02,2026-09-21 06:00:08+02,Disparue,21,25,M1827,Ingénieur / Ingénieure DevOps,CDI,False,Ile-de-France,devops
6354745,2026-08-31 21:32:21+02,2026-09-26 08:35:30+02,Disparue,26,29,M1405,Data scientist,CDI,False,Pays de la Loire,data scientist
6355185,2026-08-31 21:32:22+02,2026-08-31 21:32:22+02,Disparue,0,3,H2906,Opérateur / Opératrice en fabrication mécanique,CDI,False,Nouvelle-Aquitaine,machine learning
6357524,2026-08-31 21:32:30+02,2026-08-31 21:32:30+02,Disparue,0,3,M1806,Consultant fonctionnel / Consultante fonctionnelle des systèmes d'information,CDI,False,Ile-de-France,business analyst
6357545,2026-08-31 21:32:22+02,2026-08-31 21:32:22+02,Disparue,0,3,M1811,Data engineer,CDI,False,Hauts-de-France,machine learning
6357546,2026-08-31 21:32:20+02,2026-08-31 21:32:20+02,Disparue,0,3,M1419,Data analyst,CDI,False,Provence-Alpes-Côte d'Azur,data analyst
6357548,2026-08-31 21:32:20+02,2026-08-31 21:32:20+02,Disparue,0,3,M1419,Data analyst,CDI,False,Ile-de-France,data analyst
6359301,2026-08-31 21:32:22+02,2026-08-31 21:32:22+02,Disparue,0,3,I1302,Technicien / Technicienne de maintenance d'installations automatisées,CDI,False,Nouvelle-Aquitaine,machine learning
6359852,2026-08-31 21:32:21+02,2026-08-31 21:32:21+02,Disparue,0,3,M1811,Data engineer,MIS,False,Pays de la Loire,data engineer
6378251,2026-08-31 21:32:20+02,2026-08-31 21:32:20+02,Disparue,0,3,H1406,Ingénieur / Ingénieure supply chain en industrie,CDI,False,Nouvelle-Aquitaine,data analyst
6378351,2026-08-31 21:32:21+02,2026-08-31 21:32:21+02,Disparue,0,3,I1122,Directeur / Directrice de travaux d'infrastructure,CDI,False,Ile-de-France,data scientist
6378365,2026-08-31 21:32:21+02,2026-08-31 21:32:21+02,Disparue,0,3,M1405,Data scientist,CDI,False,Ile-de-France,data scientist
213BFVM,2026-08-31 21:32:22+02,2026-08-31 21:32:22+02,Disparue,0,3,H3302,Agent / Agente de conditionnement,MIS,False,Bretagne,machine learning
213BHFF,2026-08-31 21:32:21+02,2026-08-31 21:32:21+02,Disparue,0,3,M1811,Data engineer,MIS,False,Nouvelle-Aquitaine,data engineer
213BHNP,2026-08-31 21:32:30+02,2026-09-26 08:35:45+02,Active,26,29,M1852,Analyste d'étude informatique,CDI,False,Ile-de-France,business analyst
213BJJN,2026-08-31 21:32:21+02,2026-09-26 08:35:31+02,Disparue,26,29,M1876,Technicien / Technicienne Cloud,CDI,False,Ile-de-France,data engineer
213BKXW,2026-08-31 21:32:21+02,2026-09-16 08:33:05+02,Disparue,16,19,M1811,Data engineer,CDI,False,Auvergne-Rhône-Alpes,data engineer
213BLWM,2026-09-14 12:09:13+02,2026-09-16 08:33:15+02,Disparue,2,19,M1861,Développeur / Développeuse logiciel ou d'application,CDI,False,Ile-de-France,product owner
213BNCW,2026-08-31 21:32:21+02,2026-09-25 08:37:21+02,Disparue,25,28,M1811,Data engineer,CDI,False,Auvergne-Rhône-Alpes,data engineer
6379996,2026-08-31 21:32:21+02,2026-08-31 21:32:21+02,Disparue,0,3,M1707,Responsable du développement commercial,CDI,False,Ile-de-France,data engineer
6380064,2026-08-31 21:32:21+02,2026-08-31 21:32:21+02,Disparue,0,3,M1811,Data engineer,CDI,False,Auvergne-Rhône-Alpes,data engineer
6380074,2026-08-31 21:32:21+02,2026-08-31 21:32:21+02,Disparue,0,3,M1707,Responsable du développement commercial,CDI,False,Hauts-de-France,data engineer
6381759,2026-08-31 21:32:30+02,2026-08-31 21:32:30+02,Disparue,0,3,M1864,Product Owner,CDI,False,Occitanie,business analyst
6381869,2026-08-31 21:32:22+02,2026-08-31 21:32:22+02,Disparue,0,3,D1403,Conseiller commercial / Conseillère commerciale auprès des particuliers,CDI,False,Provence-Alpes-Côte d'Azur,machine learning
6381878,2026-08-31 21:32:20+02,2026-08-31 21:32:20+02,Disparue,0,3,M1419,Data analyst,CDI,False,Ile-de-France,data analyst
6381885,2026-08-31 21:32:30+02,2026-08-31 21:32:30+02,Disparue,0,3,M1419,Data analyst,CDI,False,Auvergne-Rhône-Alpes,business analyst
6381905,2026-08-31 21:32:21+02,2026-08-31 21:32:21+02,Disparue,0,3,M1868,Architecte base de données,CDI,False,Hauts-de-France,data engineer
6381935,2026-08-31 21:32:21+02,2026-08-31 21:32:21+02,Disparue,0,3,M1868,Architecte base de données,CDI,False,Auvergne-Rhône-Alpes,data engineer
6382153,2026-08-31 21:32:22+02,2026-08-31 21:32:22+02,Disparue,0,3,M1702,Planneur / Planneuse stratégique,LIB,False,Nouvelle-Aquitaine,machine learning
6382156,2026-08-31 21:32:21+02,2026-08-31 21:32:21+02,Disparue,0,3,M1868,Architecte base de données,LIB,False,Auvergne-Rhône-Alpes,data engineer
6382179,2026-08-31 21:32:21+02,2026-08-31 21:32:21+02,Disparue,0,3,M1868,Architecte base de données,CDI,False,Auvergne-Rhône-Alpes,data engineer
6382786,2026-08-31 21:32:21+02,2026-08-31 21:32:21+02,Disparue,0,3,M1811,Data engineer,CDI,False,Hauts-de-France,data engineer
6383476,2026-08-31 21:32:28+02,2026-09-21 06:00:13+02,Disparue,21,24,M1889,Ingénieur / Ingénieure en Intelligence Artificielle (IA),CDD,True,Ile-de-France,developpeur ia
6384314,2026-08-31 21:32:28+02,2026-08-31 21:32:28+02,Disparue,0,3,M1889,Ingénieur / Ingénieure en Intelligence Artificielle (IA),CDI,False,Grand Est,developpeur ia
213BVTB,2026-08-31 21:32:21+02,2026-08-31 21:32:21+02,Disparue,0,3,M1811,Data engineer,CDD,False,Ile-de-France,data engineer
213BWNQ,2026-08-31 21:32:22+02,2026-09-21 06:00:07+02,Disparue,21,24,H2903,Usineur / Usineuse,MIS,False,Pays de la Loire,machine learning
213BXLV,2026-08-31 21:32:23+02,2026-09-22 08:30:45+02,Disparue,22,25,M1864,Product Owner,CDI,False,Occitanie,product owner
213BXQW,2026-08-31 21:32:30+02,2026-09-22 08:30:44+02,Disparue,22,25,M1806,Consultant fonctionnel / Consultante fonctionnelle des systèmes d'information,CDI,False,Occitanie,business analyst
213BXYF,2026-08-31 21:32:21+02,2026-09-16 08:33:05+02,Disparue,16,19,M1811,Data engineer,CDI,False,Nouvelle-Aquitaine,data engineer
213BYFZ,2026-08-31 21:32:28+02,2026-09-25 08:37:39+02,Disparue,25,28,M1889,Ingénieur / Ingénieure en Intelligence Artificielle (IA),CDI,False,Auvergne-Rhône-Alpes,developpeur ia
213BYNR,2026-08-31 21:32:23+02,2026-09-22 08:30:35+02,Disparue,22,25,M1827,Ingénieur / Ingénieure DevOps,CDI,False,Hauts-de-France,devops
213BYPM,2026-08-31 21:32:23+02,2026-08-31 21:32:23+02,Disparue,0,3,M1802,Expert / Experte systèmes et réseaux informatiques,CDI,False,Pays de la Loire,devops
213BZVD,2026-08-31 21:32:21+02,2026-09-25 08:37:21+02,Disparue,25,28,M1811,Data engineer,CDI,False,Ile-de-France,data engineer
213CFKJ,2026-08-31 21:32:22+02,2026-09-26 08:35:32+02,Disparue,26,29,K2111,Formateur / Formatrice,CDI,False,Ile-de-France,machine learning
213CFXN,2026-08-31 21:32:20+02,2026-09-16 08:33:04+02,Disparue,16,19,M1435,Chargé de tracking vérificateur / Chargée de tracking vérificatrice,CDD,False,Occitanie,data analyst
213CHCV,2026-08-31 21:32:30+02,2026-08-31 21:32:30+02,Disparue,0,3,M1806,Consultant fonctionnel / Consultante fonctionnelle des systèmes d'information,CDI,False,Ile-de-France,business analyst
6394722,2026-08-31 21:32:22+02,2026-08-31 21:32:22+02,Disparue,0,2,C1105,Actuaire en assurances,CDI,False,Ile-de-France,machine learning
6396130,2026-08-31 21:32:30+02,2026-08-31 21:32:30+02,Disparue,0,2,M1806,Consultant fonctionnel / Consultante fonctionnelle des systèmes d'information,CDI,False,Occitanie,business analyst
6396501,2026-08-31 21:32:28+02,2026-09-16 08:33:13+02,Disparue,16,18,M1861,Développeur / Développeuse logiciel ou d'application,CDI,False,Nouvelle-Aquitaine,developpeur ia
6397017,2026-08-31 21:32:20+02,2026-08-31 21:32:30+02,Disparue,0,2,M1419,Data analyst,CDI,False,Ile-de-France,business analyst
6397044,2026-08-31 21:32:30+02,2026-08-31 21:32:30+02,Disparue,0,2,M1806,Consultant fonctionnel / Consultante fonctionnelle des systèmes d'information,CDI,False,Ile-de-France,business analyst
6397651,2026-08-31 21:32:30+02,2026-08-31 21:32:30+02,Disparue,0,2,M1806,Consultant fonctionnel / Consultante fonctionnelle des systèmes d'information,CDI,False,Ile-de-France,business analyst
6397732,2026-08-31 21:32:20+02,2026-08-31 21:32:20+02,Disparue,0,2,M1419,Data analyst,CDI,False,Ile-de-France,data analyst
6398145,2026-08-31 21:32:20+02,2026-08-31 21:32:20+02,Disparue,0,2,M1419,Data analyst,CDI,False,Nouvelle-Aquitaine,data analyst
6398158,2026-08-31 21:32:30+02,2026-08-31 21:32:30+02,Disparue,0,2,M1806,Consultant fonctionnel / Consultante fonctionnelle des systèmes d'information,CDI,False,Hauts-de-France,business analyst
6398243,2026-08-31 21:32:30+02,2026-08-31 21:32:30+02,Disparue,0,2,M1806,Consultant fonctionnel / Consultante fonctionnelle des systèmes d'information,CDI,False,Pays de la Loire,business analyst
6399378,2026-08-31 21:32:28+02,2026-08-31 21:32:28+02,Disparue,0,2,M1889,Ingénieur / Ingénieure en Intelligence Artificielle (IA),CDI,False,Auvergne-Rhône-Alpes,developpeur ia
6399377,2026-08-31 21:32:28+02,2026-08-31 21:32:28+02,Disparue,0,2,M1889,Ingénieur / Ingénieure en Intelligence Artificielle (IA),CDI,False,Bourgogne-Franche-Comté,developpeur ia
6399397,2026-08-31 21:32:28+02,2026-08-31 21:32:28+02,Disparue,0,2,M1889,Ingénieur / Ingénieure en Intelligence Artificielle (IA),CDI,False,Grand Est,developpeur ia
6400564,2026-08-31 21:32:30+02,2026-08-31 21:32:30+02,Disparue,0,2,M1806,Consultant fonctionnel / Consultante fonctionnelle des systèmes d'information,MIS,False,Ile-de-France,business analyst
6401127,2026-08-31 21:32:30+02,2026-08-31 21:32:30+02,Disparue,0,2,M1806,Consultant fonctionnel / Consultante fonctionnelle des systèmes d'information,CDI,False,Hauts-de-France,business analyst
6401503,2026-08-31 21:32:30+02,2026-08-31 21:32:30+02,Disparue,0,2,M1806,Consultant fonctionnel / Consultante fonctionnelle des systèmes d'information,CDI,False,Non renseignee,business analyst
6401504,2026-08-31 21:32:28+02,2026-09-22 08:30:42+02,Disparue,22,24,M1889,Ingénieur / Ingénieure en Intelligence Artificielle (IA),CDI,False,Non renseignee,developpeur ia
6401509,2026-08-31 21:32:28+02,2026-09-22 08:30:42+02,Disparue,22,24,M1889,Ingénieur / Ingénieure en Intelligence Artificielle (IA),CDI,False,Non renseignee,developpeur ia
6401510,2026-08-31 21:32:21+02,2026-09-26 08:35:30+02,Disparue,26,28,M1405,Data scientist,CDI,False,Non renseignee,data scientist
6402284,2026-08-31 21:32:20+02,2026-08-31 21:32:30+02,Disparue,0,2,M1419,Data analyst,CDI,False,Ile-de-France,business analyst
6417943,2026-08-31 21:32:20+02,2026-08-31 21:32:20+02,Disparue,0,2,M1419,Data analyst,CDI,False,Ile-de-France,data analyst
6418493,2026-08-31 21:32:28+02,2026-08-31 21:32:28+02,Disparue,0,2,M1889,Ingénieur / Ingénieure en Intelligence Artificielle (IA),CDI,False,Occitanie,developpeur ia
6419275,2026-08-31 21:32:20+02,2026-08-31 21:32:20+02,Disparue,0,2,M1419,Data analyst,CDI,False,Grand Est,data analyst
6419296,2026-08-31 21:32:30+02,2026-08-31 21:32:30+02,Disparue,0,2,C1208,Courtier / Courtière en banque,CDI,False,Grand Est,business analyst
6423571,2026-08-31 21:32:22+02,2026-08-31 21:32:22+02,Disparue,0,2,C1401,Agent administratif / Agente administrative banque ou assurance,CDD,False,Occitanie,machine learning
6424878,2026-08-31 21:32:20+02,2026-08-31 21:32:20+02,Disparue,0,1,G1211,Analyste de la performance sportive,CDI,False,Occitanie,data analyst
6424882,2026-08-31 21:32:22+02,2026-08-31 21:32:22+02,Disparue,0,1,K1804,Conseiller / Conseillère en création d'entreprise,CDI,False,Occitanie,machine learning
6424893,2026-08-31 21:32:22+02,2026-08-31 21:32:22+02,Disparue,0,1,C1130,Gestionnaire en protection sociale,CDI,False,Ile-de-France,machine learning
6425687,2026-08-31 21:32:20+02,2026-08-31 21:32:20+02,Disparue,0,1,M1419,Data analyst,CDI,False,Nouvelle-Aquitaine,data analyst
6429100,2026-08-31 21:32:20+02,2026-08-31 21:32:30+02,Disparue,0,1,M1419,Data analyst,CDI,False,Occitanie,business analyst
6429386,2026-08-31 21:32:20+02,2026-08-31 21:32:30+02,Disparue,0,1,M1419,Data analyst,CDI,False,Ile-de-France,business analyst
6430067,2026-08-31 21:32:20+02,2026-08-31 21:32:20+02,Disparue,0,1,M1419,Data analyst,CDI,False,Ile-de-France,data analyst
6430326,2026-08-31 21:32:21+02,2026-08-31 21:32:22+02,Disparue,0,1,M1811,Data engineer,CDI,False,Ile-de-France,machine learning
6430343,2026-08-31 21:32:30+02,2026-08-31 21:32:30+02,Disparue,0,1,M1864,Product Owner,CDI,False,Auvergne-Rhône-Alpes,business analyst
6430354,2026-08-31 21:32:21+02,2026-08-31 21:32:22+02,Disparue,0,1,M1811,Data engineer,MIS,False,Ile-de-France,machine learning
6430369,2026-08-31 21:32:22+02,2026-08-31 21:32:22+02,Disparue,0,1,M1813,Intégrateur / Intégratrice logiciels métiers,CDI,False,Ile-de-France,machine learning
6430376,2026-08-31 21:32:21+02,2026-09-21 06:00:05+02,Disparue,21,22,M1405,Data scientist,CDI,False,Ile-de-France,data scientist
6430420,2026-08-31 21:32:21+02,2026-09-21 06:00:05+02,Disparue,21,22,M1405,Data scientist,MIS,False,Ile-de-France,data scientist
6430487,2026-08-31 21:32:30+02,2026-08-31 21:32:30+02,Disparue,0,1,M1806,Consultant fonctionnel / Consultante fonctionnelle des systèmes d'information,CDI,False,Auvergne-Rhône-Alpes,business analyst
6430489,2026-08-31 21:32:30+02,2026-08-31 21:32:30+02,Disparue,0,1,M1806,Consultant fonctionnel / Consultante fonctionnelle des systèmes d'information,CDI,False,Nouvelle-Aquitaine,business analyst
6430490,2026-08-31 21:32:21+02,2026-08-31 21:32:21+02,Disparue,0,1,M1811,Data engineer,CDI,False,Ile-de-France,data engineer
6430579,2026-08-31 21:32:22+02,2026-08-31 21:32:22+02,Disparue,0,1,M1501,Assistant / Assistante Ressources Humaines (RH),CDI,False,Ile-de-France,machine learning
6430582,2026-08-31 21:32:22+02,2026-08-31 21:32:22+02,Disparue,0,1,H2515,Chef / Cheffe d'atelier en industrie de transformation,CDI,False,Ile-de-France,machine learning
6430585,2026-08-31 21:32:22+02,2026-08-31 21:32:22+02,Disparue,0,1,H2515,Chef / Cheffe d'atelier en industrie de transformation,CDI,False,Ile-de-France,machine learning
6430591,2026-08-31 21:32:22+02,2026-08-31 21:32:22+02,Disparue,0,1,H2515,Chef / Cheffe d'atelier en industrie de transformation,CDI,False,Ile-de-France,machine learning
6430639,2026-08-31 21:32:22+02,2026-08-31 21:32:22+02,Disparue,0,1,M1889,Ingénieur / Ingénieure en Intelligence Artificielle (IA),CDI,False,Non renseignee,machine learning
6433165,2026-08-31 21:32:20+02,2026-08-31 21:32:20+02,Disparue,0,1,G1302,Yield manager,CDI,False,Centre-Val de Loire,data analyst
6433758,2026-08-31 21:32:22+02,2026-08-31 21:32:22+02,Disparue,0,1,K2111,Formateur / Formatrice,CDI,False,Bretagne,machine learning
6435841,2026-08-31 21:32:28+02,2026-08-31 21:32:28+02,Disparue,0,1,M1889,Ingénieur / Ingénieure en Intelligence Artificielle (IA),CDI,False,Occitanie,developpeur ia
6435913,2026-08-31 21:32:21+02,2026-08-31 21:32:26+02,Disparue,0,1,M1405,Data scientist,CDI,False,Ile-de-France,data scientist senior
6436370,2026-08-31 21:32:28+02,2026-08-31 21:32:28+02,Disparue,0,1,M1889,Ingénieur / Ingénieure en Intelligence Artificielle (IA),CDI,False,Grand Est,developpeur ia
6436377,2026-08-31 21:32:21+02,2026-08-31 21:32:21+02,Disparue,0,1,M1811,Data engineer,CDI,False,Bourgogne-Franche-Comté,data engineer
213CMWW,2026-08-31 21:32:22+02,2026-08-31 21:32:22+02,Disparue,0,1,K2111,Formateur / Formatrice,LIB,False,Centre-Val de Loire,machine learning
6445466,2026-08-31 21:32:28+02,2026-09-26 08:35:41+02,Disparue,26,26,M1889,Ingénieur / Ingénieure en Intelligence Artificielle (IA),CDD,True,Auvergne-Rhône-Alpes,developpeur ia
213CNNN,2026-08-31 21:32:20+02,2026-09-14 12:08:19+02,Disparue,14,14,M1419,Data analyst,CDD,True,La Réunion,data analyst
213CNNV,2026-08-31 21:32:28+02,2026-09-14 12:09:00+02,Disparue,14,14,M1889,Ingénieur / Ingénieure en Intelligence Artificielle (IA),CDD,True,La Réunion,developpeur ia
213CSLD,2026-08-31 21:32:23+02,2026-08-31 21:32:23+02,Disparue,0,0,M1889,Ingénieur / Ingénieure en Intelligence Artificielle (IA),CDI,False,Ile-de-France,devops
213CTNR,2026-08-31 21:32:23+02,2026-08-31 21:32:23+02,Disparue,0,0,M1834,Administrateur / Administratrice de site internet,CDI,False,Auvergne-Rhône-Alpes,devops
213CXTG,2026-09-14 12:09:13+02,2026-09-26 08:35:45+02,Active,12,26,M1864,Product Owner,CDI,False,Auvergne-Rhône-Alpes,product owner
213CXWS,2026-08-31 21:32:21+02,2026-09-26 08:35:31+02,Disparue,26,26,M1811,Data engineer,CDI,False,Auvergne-Rhône-Alpes,data engineer
213CYYP,2026-09-14 12:09:13+02,2026-09-26 08:35:45+02,Active,12,26,M1871,Gestionnaire d'applications système d'information,CDI,False,Auvergne-Rhône-Alpes,product owner
6462362,2026-08-31 21:32:20+02,2026-08-31 21:32:20+02,Disparue,0,0,M1419,Data analyst,CDD,True,Provence-Alpes-Côte d'Azur,data analyst
213DGJM,2026-08-31 21:32:21+02,2026-08-31 21:32:26+02,Disparue,0,0,M1405,Data scientist,CDD,False,Ile-de-France,data scientist senior
213DGMC,2026-08-31 21:32:21+02,2026-09-16 08:33:06+02,Disparue,16,16,M1811,Data engineer,CDD,False,Ile-de-France,machine learning
213DHCW,2026-09-14 12:08:21+02,2026-09-22 08:30:34+02,Disparue,8,22,M1889,Ingénieur / Ingénieure en Intelligence Artificielle (IA),CDI,False,Hauts-de-France,machine learning
213DHPQ,2026-08-31 21:32:23+02,2026-08-31 21:32:23+02,Disparue,0,0,M1855,Développeur / Développeuse web,CDI,False,Auvergne-Rhône-Alpes,devops
213DHSQ,2026-08-31 21:32:23+02,2026-08-31 21:32:23+02,Disparue,0,0,M1855,Développeur / Développeuse web,CDI,False,Auvergne-Rhône-Alpes,devops
213DJPS,2026-08-31 21:32:21+02,2026-08-31 21:32:21+02,Disparue,0,0,M1811,Data engineer,CDI,False,Nouvelle-Aquitaine,data engineer
213DLCX,2026-09-14 12:08:20+02,2026-09-26 08:35:30+02,Disparue,12,26,M1405,Data scientist,CDI,False,Nouvelle-Aquitaine,data scientist
213DSTY,2026-09-14 12:08:20+02,2026-09-26 08:35:36+02,Disparue,12,26,M1811,Data engineer,CDI,False,Auvergne-Rhône-Alpes,data engineer senior
6467491,2026-08-31 21:32:21+02,2026-08-31 21:32:22+02,Disparue,0,0,M1811,Data engineer,CDI,False,Ile-de-France,machine learning
6492720,2026-09-14 12:08:40+02,2026-09-26 08:35:36+02,Disparue,12,25,M1702,Planneur / Planneuse stratégique,CDI,False,Ile-de-France,data engineer senior
213DZKN,2026-09-14 12:08:20+02,2026-09-22 08:30:33+02,Disparue,8,21,M1811,Data engineer,CDI,False,Ile-de-France,data engineer
213FFLX,2026-09-14 12:09:13+02,2026-09-25 08:37:49+02,Disparue,11,24,M1864,Product Owner,CDI,False,Occitanie,product owner
213FFRV,2026-09-14 12:09:13+02,2026-09-26 08:35:45+02,Active,12,25,H1218,Responsable de projet recherche et développement,CDI,False,Provence-Alpes-Côte d'Azur,product owner
213FGJV,2026-09-14 12:09:00+02,2026-09-26 08:35:41+02,Disparue,12,25,M1889,Ingénieur / Ingénieure en Intelligence Artificielle (IA),CDI,False,Ile-de-France,developpeur ia
213FGKK,2026-09-14 12:08:21+02,2026-09-25 08:37:22+02,Disparue,11,24,K2205,Agent / Agente de propreté de locaux,CDI,False,Nouvelle-Aquitaine,machine learning
213FNHV,2026-09-14 12:08:19+02,2026-09-26 08:35:29+02,Disparue,12,25,M1419,Data analyst,CDI,False,Ile-de-France,data analyst
213FQLN,2026-09-14 12:09:13+02,2026-09-22 08:30:45+02,Disparue,8,21,M1864,Product Owner,CDI,False,Hauts-de-France,product owner
213FVBH,2026-09-14 12:08:21+02,2026-09-26 08:35:32+02,Disparue,12,25,M1806,Consultant fonctionnel / Consultante fonctionnelle des systèmes d'information,CDI,False,Pays de la Loire,machine learning
213FYCY,2026-09-14 12:08:20+02,2026-09-25 08:37:33+02,Disparue,11,24,M1811,Data engineer,CDI,False,Ile-de-France,data engineer junior
213GDFP,2026-09-14 12:08:25+02,2026-09-26 08:35:33+02,Disparue,12,25,M1827,Ingénieur / Ingénieure DevOps,CDI,False,Occitanie,devops
6500115,2026-09-14 12:08:20+02,2026-09-26 08:35:39+02,Disparue,12,24,M1405,Data scientist,CDI,False,Ile-de-France,data scientist senior
213GKRK,2026-09-14 12:08:20+02,2026-09-22 08:30:32+02,Disparue,8,20,M1405,Data scientist,CDI,False,Ile-de-France,data scientist
213GSLK,2026-09-14 12:08:20+02,2026-09-26 08:35:31+02,Disparue,12,24,M1811,Data engineer,CDI,False,Occitanie,data engineer
213GWPQ,2026-09-14 12:09:13+02,2026-09-26 08:35:45+02,Active,12,24,M1864,Product Owner,CDI,False,Auvergne-Rhône-Alpes,product owner
213HLPX,2026-09-14 12:09:13+02,2026-09-26 08:35:45+02,Active,12,24,M1703,Chef / Cheffe de produit,CDI,False,Provence-Alpes-Côte d'Azur,product owner
213HPCS,2026-09-14 12:08:25+02,2026-09-26 08:35:33+02,Disparue,12,24,M1810,Technicien / Technicienne d'exploitation informatique,MIS,False,Hauts-de-France,devops
6535850,2026-09-14 12:08:20+02,2026-09-22 08:30:32+02,Disparue,8,19,M1405,Data scientist,CDI,False,Auvergne-Rhône-Alpes,data scientist
6539035,2026-09-14 12:08:40+02,2026-09-26 08:35:36+02,Disparue,12,23,M1802,Expert / Experte systèmes et réseaux informatiques,CDI,False,Auvergne-Rhône-Alpes,data engineer senior
213HVRF,2026-09-14 12:08:25+02,2026-09-14 12:08:25+02,Disparue,0,11,M1806,Consultant fonctionnel / Consultante fonctionnelle des systèmes d'information,CDD,False,Non renseignee,devops
213HVSW,2026-09-14 12:08:25+02,2026-09-14 12:08:25+02,Disparue,0,11,M1805,Développeur / Développeuse informatique,CDD,False,Non renseignee,devops
213HWHN,2026-09-14 12:08:20+02,2026-09-16 08:33:05+02,Disparue,2,13,M1811,Data engineer,MIS,False,Occitanie,data engineer
213HXKY,2026-09-14 12:08:25+02,2026-09-16 08:33:07+02,Disparue,2,13,M1827,Ingénieur / Ingénieure DevOps,CDI,False,Nouvelle-Aquitaine,devops
213HYVJ,2026-09-14 12:08:20+02,2026-09-25 08:37:22+02,Disparue,11,22,M1405,Data scientist,CDI,False,Ile-de-France,machine learning
213HYWT,2026-09-14 12:09:00+02,2026-09-26 08:35:41+02,Disparue,12,23,K1808,Chargé / Chargée de développement culturel,CDD,False,Auvergne-Rhône-Alpes,developpeur ia
213HZBR,2026-09-14 12:08:21+02,2026-09-26 08:35:41+02,Disparue,12,23,M1889,Ingénieur / Ingénieure en Intelligence Artificielle (IA),CDI,False,Nouvelle-Aquitaine,developpeur ia
213JBPJ,2026-09-14 12:08:25+02,2026-09-26 08:35:33+02,Disparue,12,23,M1827,Ingénieur / Ingénieure DevOps,CDI,False,Grand Est,devops
6573669,2026-09-14 12:08:35+02,2026-09-26 08:35:35+02,Disparue,12,23,M1419,Data analyst,CDI,False,Ile-de-France,data analyst senior
213JDZK,2026-09-14 12:08:20+02,2026-09-16 08:33:05+02,Disparue,2,13,M1811,Data engineer,CDI,False,Occitanie,data engineer
213JFSS,2026-09-14 12:08:25+02,2026-09-14 12:08:25+02,Disparue,0,11,M1815,Spécialiste test et validation logiciel ou application,CDI,False,Occitanie,devops
213JGJC,2026-09-14 12:08:20+02,2026-09-26 08:35:31+02,Disparue,12,23,M1811,Data engineer,CDD,True,Ile-de-France,data engineer
213JHBR,2026-09-14 12:08:19+02,2026-09-26 08:35:29+02,Disparue,12,23,M1419,Data analyst,CDI,False,Auvergne-Rhône-Alpes,data analyst
213JHKL,2026-09-14 12:09:12+02,2026-09-26 08:35:45+02,Active,12,23,M1806,Consultant fonctionnel / Consultante fonctionnelle des systèmes d'information,MIS,False,Ile-de-France,business analyst
213JKCV,2026-09-14 12:08:20+02,2026-09-26 08:35:31+02,Disparue,12,23,M1811,Data engineer,CDI,False,Ile-de-France,data engineer
6579594,2026-09-14 12:08:29+02,2026-09-16 08:33:08+02,Disparue,2,13,M1818,Ingénieur / Ingénieure d'étude informatique,CDI,False,Ile-de-France,mlops
213JQRH,2026-09-14 12:08:20+02,2026-09-25 08:37:21+02,Disparue,11,22,M1811,Data engineer,CDI,False,Ile-de-France,data engineer
213JSNQ,2026-09-14 12:08:21+02,2026-09-26 08:35:32+02,Disparue,12,23,M1201,Analyste financier / Analyste financière,CDI,False,Ile-de-France,machine learning
213JTYS,2026-09-14 12:08:20+02,2026-09-26 08:35:32+02,Disparue,12,23,M1405,Data scientist,MIS,False,Ile-de-France,machine learning
213JWDV,2026-09-14 12:08:25+02,2026-09-14 12:08:25+02,Disparue,0,11,M1801,Administrateur / Administratrice de systèmes d'information (SI),CDI,False,Normandie,devops
6588841,2026-09-14 12:08:20+02,2026-09-16 08:33:04+02,Disparue,2,13,M1405,Data scientist,CDI,False,Ile-de-France,data scientist
6588859,2026-09-14 12:08:20+02,2026-09-16 08:33:04+02,Disparue,2,13,M1405,Data scientist,CDI,False,Pays de la Loire,data scientist
6588861,2026-09-14 12:08:20+02,2026-09-16 08:33:04+02,Disparue,2,13,M1405,Data scientist,CDI,False,Nouvelle-Aquitaine,data scientist
6597579,2026-09-14 12:08:20+02,2026-09-26 08:35:30+02,Disparue,12,22,M1405,Data scientist,MIS,False,Ile-de-France,data scientist
213KFVS,2026-09-14 12:08:25+02,2026-09-26 08:35:33+02,Disparue,12,22,M1827,Ingénieur / Ingénieure DevOps,CDD,False,Pays de la Loire,devops
213KGVC,2026-09-14 12:09:00+02,2026-09-26 08:35:41+02,Disparue,12,22,M1889,Ingénieur / Ingénieure en Intelligence Artificielle (IA),CDI,False,Hauts-de-France,developpeur ia
213KJDY,2026-09-14 12:08:21+02,2026-09-26 08:35:32+02,Disparue,12,22,K1304,Employé familial / Employée familiale,CDI,False,Bretagne,machine learning
213KJFH,2026-09-14 12:08:25+02,2026-09-14 12:08:25+02,Disparue,0,10,M1879,Ingénieur / Ingénieure Cloud computing,CDI,False,Ile-de-France,devops
213KLKS,2026-09-14 12:08:25+02,2026-09-14 12:08:25+02,Disparue,0,10,M1894,Gestionnaire de base de données,CDI,False,Pays de la Loire,devops
6623654,2026-09-14 12:08:21+02,2026-09-22 08:30:34+02,Disparue,8,18,M1868,Architecte base de données,CDI,False,Hauts-de-France,machine learning
6623765,2026-09-14 12:09:00+02,2026-09-26 08:35:41+02,Disparue,12,22,M1811,Data engineer,CDD,True,Grand Est,developpeur ia
213KMPD,2026-09-14 12:08:19+02,2026-09-26 08:35:29+02,Disparue,12,22,M1403,Chargé / Chargée d'études socio-économiques,CDI,False,Ile-de-France,data analyst
213KMRX,2026-09-14 12:08:25+02,2026-09-26 08:35:33+02,Disparue,12,22,M1827,Ingénieur / Ingénieure DevOps,CDI,False,Auvergne-Rhône-Alpes,devops
213KRHN,2026-09-14 12:08:20+02,2026-09-26 08:35:30+02,Disparue,12,22,M1405,Data scientist,CDD,False,Ile-de-France,data scientist
213KRVQ,2026-09-14 12:08:25+02,2026-09-14 12:08:25+02,Disparue,0,10,M1868,Architecte base de données,CDI,False,Pays de la Loire,devops
213KRZR,2026-09-14 12:08:19+02,2026-09-26 08:35:29+02,Disparue,12,22,M1419,Data analyst,CDI,False,Centre-Val de Loire,data analyst
213KYKT,2026-09-14 12:08:25+02,2026-09-14 12:08:25+02,Disparue,0,10,H1206,Ingénieur / Ingénieure R&D en industrie,CDI,False,Auvergne-Rhône-Alpes,devops
213KYXL,2026-09-14 12:08:19+02,2026-09-22 08:30:31+02,Disparue,8,18,M1419,Data analyst,CDI,False,Bretagne,data analyst
213KZPC,2026-09-14 12:08:19+02,2026-09-25 08:37:18+02,Disparue,11,21,M1419,Data analyst,CDI,False,Ile-de-France,data analyst
213LCRC,2026-09-14 12:08:25+02,2026-09-14 12:08:25+02,Disparue,0,10,M1855,Développeur / Développeuse web,CDI,False,Hauts-de-France,devops
213LGRG,2026-09-14 12:08:25+02,2026-09-14 12:08:25+02,Disparue,0,10,M1855,Développeur / Développeuse web,CDI,False,Occitanie,devops
6635489,2026-09-14 12:08:29+02,2026-09-26 08:35:40+02,Disparue,12,22,M1811,Data engineer,CDI,False,Bretagne,mlops engineer
6635493,2026-09-14 12:09:00+02,2026-09-22 08:30:42+02,Disparue,8,18,M1811,Data engineer,CDI,False,Bretagne,developpeur ia
6641864,2026-09-14 12:09:00+02,2026-09-16 08:33:13+02,Disparue,2,11,M1889,Ingénieur / Ingénieure en Intelligence Artificielle (IA),CDI,False,Auvergne-Rhône-Alpes,developpeur ia
6642463,2026-09-14 12:08:40+02,2026-09-26 08:35:36+02,Disparue,12,21,M1802,Expert / Experte systèmes et réseaux informatiques,CDI,False,Ile-de-France,data engineer senior
6668229,2026-09-14 12:09:00+02,2026-09-26 08:35:43+02,Disparue,12,21,M1889,Ingénieur / Ingénieure en Intelligence Artificielle (IA),CDI,False,Bourgogne-Franche-Comté,genai
213LPDB,2026-09-14 12:08:25+02,2026-09-16 08:33:07+02,Disparue,2,11,M1827,Ingénieur / Ingénieure DevOps,LIB,False,Occitanie,devops
6673736,2026-09-14 12:08:21+02,2026-09-26 08:35:32+02,Disparue,12,20,M1889,Ingénieur / Ingénieure en Intelligence Artificielle (IA),CDI,False,Ile-de-France,machine learning
6675910,2026-09-14 12:08:21+02,2026-09-14 12:08:21+02,Disparue,0,8,M1889,Ingénieur / Ingénieure en Intelligence Artificielle (IA),CDI,False,Ile-de-France,machine learning
6685218,2026-09-14 12:08:20+02,2026-09-26 08:35:30+02,Disparue,12,20,K2402,Ingénieur / Ingénieure de recherche scientifique,CDI,False,Occitanie,data scientist
213MFZB,2026-09-14 12:08:20+02,2026-09-26 08:35:31+02,Disparue,12,19,M1811,Data engineer,CDI,False,Ile-de-France,data engineer
213MGVV,2026-09-14 12:08:25+02,2026-09-14 12:08:25+02,Disparue,0,7,M1863,Evaluateur / Evaluatrice sécurité des systèmes et produits informatiques,CDI,False,Non renseignee,devops
213MHJJ,2026-09-14 12:08:25+02,2026-09-14 12:08:25+02,Disparue,0,7,M1815,Spécialiste test et validation logiciel ou application,CDI,False,Occitanie,devops
213MHWR,2026-09-14 12:08:19+02,2026-09-16 08:33:04+02,Disparue,2,9,M1419,Data analyst,CDI,False,Nouvelle-Aquitaine,data analyst
213MPFJ,2026-09-14 12:08:19+02,2026-09-26 08:35:29+02,Disparue,12,19,M1419,Data analyst,CDI,False,Pays de la Loire,data analyst
213MPNQ,2026-09-14 12:09:12+02,2026-09-26 08:35:45+02,Active,12,19,M1718,Chargé / Chargée de marketing digital,CDI,False,Pays de la Loire,business analyst
213MXST,2026-09-14 12:08:20+02,2026-09-26 08:35:30+02,Disparue,12,19,M1405,Data scientist,CDI,False,Ile-de-France,data scientist
213MYDD,2026-09-14 12:08:25+02,2026-09-26 08:35:33+02,Disparue,12,19,M1884,"Ingénieur / Ingénieure systèmes, réseaux et sécurité informatique",CDI,False,Ile-de-France,devops
213NBFB,2026-09-14 12:08:25+02,2026-09-14 12:08:25+02,Disparue,0,7,M1818,Ingénieur / Ingénieure d'étude informatique,CDI,False,Ile-de-France,devops
6696854,2026-09-14 12:08:20+02,2026-09-26 08:35:30+02,Disparue,12,19,M1852,Analyste d'étude informatique,CDI,False,Ile-de-France,data scientist
213NCJB,2026-09-14 12:09:00+02,2026-09-25 08:37:39+02,Disparue,11,18,M1889,Ingénieur / Ingénieure en Intelligence Artificielle (IA),CDI,False,Ile-de-France,developpeur ia
6697019,2026-09-14 12:09:00+02,2026-09-22 08:30:42+02,Disparue,8,15,M1861,Développeur / Développeuse logiciel ou d'application,CDI,False,Occitanie,developpeur ia
6704690,2026-09-14 12:09:13+02,2026-09-14 12:09:13+02,Disparue,0,6,M1864,Product Owner,CDI,False,Occitanie,product owner
6706312,2026-09-14 12:09:00+02,2026-09-22 08:30:42+02,Disparue,8,14,M1841,Ingénieur informaticien / Ingénieure informaticienne,CDI,False,Ile-de-France,developpeur ia
6706896,2026-09-14 12:08:21+02,2026-09-21 06:00:07+02,Disparue,7,13,M1889,Ingénieur / Ingénieure en Intelligence Artificielle (IA),MIS,False,Nouvelle-Aquitaine,machine learning
6706903,2026-09-14 12:08:20+02,2026-09-21 06:00:05+02,Disparue,7,13,M1405,Data scientist,CDI,False,Auvergne-Rhône-Alpes,data scientist
6707125,2026-09-14 12:08:20+02,2026-09-21 06:00:05+02,Disparue,7,13,M1405,Data scientist,MIS,False,Ile-de-France,data scientist
6707161,2026-09-14 12:08:40+02,2026-09-21 06:00:10+02,Disparue,7,13,M1811,Data engineer,CDI,False,Auvergne-Rhône-Alpes,data engineer senior
6707162,2026-09-14 12:08:40+02,2026-09-21 06:00:10+02,Disparue,7,13,M1811,Data engineer,CDI,False,Ile-de-France,data engineer senior
6723179,2026-09-14 12:09:13+02,2026-09-14 12:09:13+02,Disparue,0,6,M1864,Product Owner,CDI,False,Occitanie,product owner
6723241,2026-09-14 12:09:05+02,2026-09-26 08:35:43+02,Disparue,12,18,K2307,Agent / Agente de propreté urbaine,CDI,False,Ile-de-France,genai
213NJDS,2026-09-14 12:08:20+02,2026-09-26 08:35:32+02,Disparue,12,18,M1405,Data scientist,CDI,False,Ile-de-France,machine learning
213NJGV,2026-09-14 12:08:25+02,2026-09-14 12:08:25+02,Disparue,0,6,M1802,Expert / Experte systèmes et réseaux informatiques,CDI,False,Ile-de-France,devops
213NJJP,2026-09-14 12:08:25+02,2026-09-25 08:37:25+02,Disparue,11,17,M1827,Ingénieur / Ingénieure DevOps,CDI,False,Occitanie,devops
213NKNB,2026-09-14 12:08:20+02,2026-09-26 08:35:31+02,Disparue,12,18,M1811,Data engineer,CDI,False,Hauts-de-France,data engineer
213NKSK,2026-09-14 12:08:19+02,2026-09-14 12:08:19+02,Disparue,0,6,M1419,Data analyst,CDI,False,Ile-de-France,data analyst
213NKVQ,2026-09-14 12:08:25+02,2026-09-26 08:35:33+02,Disparue,12,18,M1855,Développeur / Développeuse web,CDI,False,Auvergne-Rhône-Alpes,devops
213NLWS,2026-09-14 12:08:20+02,2026-09-26 08:35:31+02,Disparue,12,18,M1811,Data engineer,CDI,False,Ile-de-France,data engineer
213NNYB,2026-09-14 12:08:25+02,2026-09-14 12:08:25+02,Disparue,0,6,M1855,Développeur / Développeuse web,CDD,False,Hauts-de-France,devops
213NPWT,2026-09-14 12:09:12+02,2026-09-22 08:30:44+02,Disparue,8,14,M1806,Consultant fonctionnel / Consultante fonctionnelle des systèmes d'information,CDI,False,Auvergne-Rhône-Alpes,business analyst
6727442,2026-09-14 12:09:00+02,2026-09-22 08:30:42+02,Disparue,8,14,M1855,Développeur / Développeuse web,CDI,False,Occitanie,developpeur ia
213NRDS,2026-09-14 12:08:25+02,2026-09-14 12:08:25+02,Disparue,0,6,M1844,Responsable des études et applications informatiques,CDI,False,Auvergne-Rhône-Alpes,devops
213NSPK,2026-09-14 12:08:25+02,2026-09-14 12:08:25+02,Disparue,0,6,E1306,Opérateur / Opératrice de prépresse,CDI,False,Ile-de-France,devops
6728862,2026-09-14 12:08:21+02,2026-09-26 08:35:32+02,Disparue,12,18,M1889,Ingénieur / Ingénieure en Intelligence Artificielle (IA),MIS,False,Normandie,machine learning
6729937,2026-09-14 12:09:13+02,2026-09-14 12:09:13+02,Disparue,0,6,M1864,Product Owner,CDI,False,Ile-de-France,product owner
213NWNF,2026-09-14 12:08:21+02,2026-09-25 08:37:22+02,Disparue,11,17,M1895,Géomaticien / Géomaticienne,CDI,False,Nouvelle-Aquitaine,machine learning
213NZPW,2026-09-14 12:08:20+02,2026-09-26 08:35:30+02,Disparue,12,18,M1405,Data scientist,CDI,False,Auvergne-Rhône-Alpes,data scientist
6734497,2026-09-14 12:09:13+02,2026-09-14 12:09:13+02,Disparue,0,6,M1864,Product Owner,CDI,False,Ile-de-France,product owner
213PCWG,2026-09-14 12:08:25+02,2026-09-26 08:35:33+02,Disparue,12,18,M1827,Ingénieur / Ingénieure DevOps,CDI,False,Nouvelle-Aquitaine,devops
213PCWN,2026-09-14 12:09:13+02,2026-09-26 08:35:45+02,Active,12,18,M1864,Product Owner,CDI,False,Ile-de-France,product owner
213PCXM,2026-09-14 12:08:20+02,2026-09-26 08:35:31+02,Disparue,12,18,M1811,Data engineer,CDI,False,Auvergne-Rhône-Alpes,data engineer
213PCZT,2026-09-14 12:08:25+02,2026-09-14 12:08:25+02,Disparue,0,6,M1855,Développeur / Développeuse web,CDI,False,Bretagne,devops
213PDND,2026-09-14 12:09:12+02,2026-09-26 08:35:45+02,Active,12,18,M1806,Consultant fonctionnel / Consultante fonctionnelle des systèmes d'information,CDI,False,Auvergne-Rhône-Alpes,business analyst
213PGVT,2026-09-14 12:08:19+02,2026-09-26 08:35:29+02,Disparue,12,18,M1419,Data analyst,CDI,False,Auvergne-Rhône-Alpes,data analyst
213PGWH,2026-09-14 12:08:19+02,2026-09-26 08:35:29+02,Disparue,12,18,M1419,Data analyst,CDI,False,Auvergne-Rhône-Alpes,data analyst
213PHYG,2026-09-14 12:08:20+02,2026-09-22 08:30:42+02,Disparue,8,14,M1889,Ingénieur / Ingénieure en Intelligence Artificielle (IA),CDI,False,Pays de la Loire,developpeur ia
213PJDM,2026-09-14 12:08:25+02,2026-09-14 12:08:25+02,Disparue,0,6,M1855,Développeur / Développeuse web,CDI,False,Pays de la Loire,devops
213PJFQ,2026-09-14 12:08:20+02,2026-09-26 08:35:31+02,Disparue,12,18,M1811,Data engineer,CDD,True,Hauts-de-France,data engineer
213PKKV,2026-09-14 12:08:21+02,2026-09-26 08:35:32+02,Disparue,12,18,K1601,Documentaliste,CDI,False,Ile-de-France,machine learning
213PNLV,2026-09-14 12:08:25+02,2026-09-14 12:08:25+02,Disparue,0,6,D1416,Commercial / Commerciale auprès d'une clientèle d'entreprises,CDI,False,Occitanie,devops
213PNPN,2026-09-14 12:08:20+02,2026-09-26 08:35:31+02,Disparue,12,18,M1811,Data engineer,CDI,False,Hauts-de-France,data engineer
213PNRJ,2026-09-14 12:09:13+02,2026-09-26 08:35:45+02,Active,12,18,M1864,Product Owner,CDI,False,Occitanie,product owner
6735071,2026-09-14 12:09:00+02,2026-09-26 08:35:41+02,Disparue,12,18,M1855,Développeur / Développeuse web,CDI,False,Ile-de-France,developpeur ia
6735385,2026-09-14 12:09:13+02,2026-09-14 12:09:13+02,Disparue,0,6,M1864,Product Owner,CDI,False,Bourgogne-Franche-Comté,product owner
213PPHV,2026-09-14 12:09:00+02,2026-09-25 08:37:39+02,Disparue,11,17,M1889,Ingénieur / Ingénieure en Intelligence Artificielle (IA),CDI,False,Ile-de-France,developpeur ia
213PPJC,2026-09-14 12:09:13+02,2026-09-25 08:37:49+02,Disparue,11,17,M1864,Product Owner,CDI,False,Ile-de-France,product owner
213PQLQ,2026-09-14 12:08:20+02,2026-09-26 08:35:31+02,Disparue,12,18,M1811,Data engineer,CDI,False,Bretagne,data engineer
6739395,2026-09-14 12:08:20+02,2026-09-25 08:37:19+02,Disparue,11,16,M1405,Data scientist,CDI,False,Ile-de-France,data scientist
6739581,2026-09-14 12:08:21+02,2026-09-25 08:37:22+02,Disparue,11,16,M1889,Ingénieur / Ingénieure en Intelligence Artificielle (IA),CDI,False,Auvergne-Rhône-Alpes,machine learning
6740090,2026-09-14 12:09:13+02,2026-09-14 12:09:13+02,Disparue,0,5,M1864,Product Owner,CDI,False,Provence-Alpes-Côte d'Azur,product owner
6745271,2026-09-14 12:09:13+02,2026-09-14 12:09:13+02,Disparue,0,5,M1864,Product Owner,CDI,False,Nouvelle-Aquitaine,product owner
6748212,2026-09-14 12:08:20+02,2026-09-26 08:35:30+02,Disparue,12,17,M1405,Data scientist,CDI,False,Hauts-de-France,data scientist
6748973,2026-09-14 12:08:21+02,2026-09-21 06:00:07+02,Disparue,7,12,M1889,Ingénieur / Ingénieure en Intelligence Artificielle (IA),MIS,False,Hauts-de-France,machine learning
6748979,2026-09-14 12:08:21+02,2026-09-21 06:00:07+02,Disparue,7,12,M1889,Ingénieur / Ingénieure en Intelligence Artificielle (IA),MIS,False,Ile-de-France,machine learning
6749148,2026-09-14 12:08:40+02,2026-09-16 08:33:10+02,Disparue,2,7,M1811,Data engineer,CDI,False,Ile-de-France,data engineer senior
6749179,2026-09-14 12:09:13+02,2026-09-14 12:09:13+02,Disparue,0,5,M1703,Chef / Cheffe de produit,CDI,False,Nouvelle-Aquitaine,product owner
6751936,2026-09-14 12:09:13+02,2026-09-14 12:09:13+02,Disparue,0,5,M1864,Product Owner,CDI,False,Non renseignee,product owner
6763114,2026-09-14 12:08:20+02,2026-09-16 08:33:04+02,Disparue,2,7,M1405,Data scientist,CDI,False,Ile-de-France,data scientist
6763133,2026-09-14 12:08:20+02,2026-09-21 06:00:05+02,Disparue,7,12,M1405,Data scientist,CDI,False,Ile-de-France,data scientist
6763184,2026-09-14 12:09:13+02,2026-09-14 12:09:13+02,Disparue,0,5,M1806,Consultant fonctionnel / Consultante fonctionnelle des systèmes d'information,CDI,False,Occitanie,product owner
213PTVP,2026-09-14 12:08:25+02,2026-09-26 08:35:33+02,Disparue,12,17,M1827,Ingénieur / Ingénieure DevOps,CDI,False,Ile-de-France,devops
213PVYM,2026-09-14 12:08:25+02,2026-09-26 08:35:33+02,Disparue,12,17,M1827,Ingénieur / Ingénieure DevOps,CDI,False,Ile-de-France,devops
213PWQK,2026-09-14 12:09:13+02,2026-09-26 08:35:45+02,Active,12,17,M1864,Product Owner,CDI,False,Ile-de-France,product owner
213PXYB,2026-09-14 12:08:25+02,2026-09-14 12:08:25+02,Disparue,0,5,M1818,Ingénieur / Ingénieure d'étude informatique,CDI,False,Auvergne-Rhône-Alpes,devops
213PYBL,2026-09-14 12:08:20+02,2026-09-26 08:35:36+02,Disparue,12,17,M1811,Data engineer,CDI,False,Pays de la Loire,data engineer senior
213PYVN,2026-09-14 12:08:19+02,2026-09-26 08:35:29+02,Disparue,12,17,M1102,Directeur / Directrice des achats,CDI,False,Ile-de-France,data analyst
213QBYH,2026-09-22 08:30:31+02,2026-09-26 08:35:29+02,Disparue,4,17,M1419,Data analyst,CDD,True,Ile-de-France,data analyst
213QCXB,2026-09-14 12:09:00+02,2026-09-26 08:35:41+02,Disparue,12,17,M1805,Développeur / Développeuse informatique,CDI,False,Occitanie,developpeur ia
6765897,2026-09-14 12:09:13+02,2026-09-14 12:09:13+02,Disparue,0,5,M1864,Product Owner,CDI,False,Auvergne-Rhône-Alpes,product owner
6765987,2026-09-14 12:09:13+02,2026-09-14 12:09:13+02,Disparue,0,5,M1864,Product Owner,CDI,False,Provence-Alpes-Côte d'Azur,product owner
6765989,2026-09-14 12:08:20+02,2026-09-22 08:30:32+02,Disparue,8,13,M1405,Data scientist,CDI,False,Auvergne-Rhône-Alpes,data scientist
6765994,2026-09-14 12:09:00+02,2026-09-22 08:30:42+02,Disparue,8,13,M1855,Développeur / Développeuse web,CDI,False,Ile-de-France,developpeur ia
6766010,2026-09-14 12:09:00+02,2026-09-22 08:30:42+02,Disparue,8,13,M1855,Développeur / Développeuse web,CDI,False,Occitanie,developpeur ia
6766204,2026-09-14 12:09:13+02,2026-09-14 12:09:13+02,Disparue,0,5,M1864,Product Owner,LIB,False,Nouvelle-Aquitaine,product owner
213QFRN,2026-09-14 12:08:25+02,2026-09-14 12:08:25+02,Disparue,0,5,M1861,Développeur / Développeuse logiciel ou d'application,CDI,False,Grand Est,devops
6766937,2026-09-14 12:09:13+02,2026-09-14 12:09:13+02,Disparue,0,5,M1864,Product Owner,CDI,False,Ile-de-France,product owner
6768722,2026-09-14 12:09:13+02,2026-09-14 12:09:13+02,Disparue,0,5,M1889,Ingénieur / Ingénieure en Intelligence Artificielle (IA),CDI,False,Grand Est,product owner
6768789,2026-09-14 12:08:20+02,2026-09-26 08:35:30+02,Disparue,12,17,M1405,Data scientist,CDI,False,Auvergne-Rhône-Alpes,data scientist
213QJVJ,2026-09-14 12:08:25+02,2026-09-16 08:33:07+02,Disparue,2,7,D1420,Cadre Technico-commercial / CadreTechnico-commerciale,CDI,False,Ile-de-France,devops
213QKBD,2026-09-14 12:08:25+02,2026-09-26 08:35:33+02,Disparue,12,17,M1827,Ingénieur / Ingénieure DevOps,CDI,False,Auvergne-Rhône-Alpes,devops
213QKFZ,2026-09-14 12:08:25+02,2026-09-16 08:33:07+02,Disparue,2,7,M1805,Développeur / Développeuse informatique,CDI,False,Auvergne-Rhône-Alpes,devops
213QKJB,2026-09-14 12:08:25+02,2026-09-16 08:33:07+02,Disparue,2,7,M1801,Administrateur / Administratrice de systèmes d'information (SI),CDI,False,Auvergne-Rhône-Alpes,devops
213QKLL,2026-09-14 12:08:25+02,2026-09-16 08:33:07+02,Disparue,2,7,M1805,Développeur / Développeuse informatique,CDI,False,Auvergne-Rhône-Alpes,devops
213QNNH,2026-09-14 12:08:21+02,2026-09-26 08:35:33+02,Disparue,12,17,M1879,Ingénieur / Ingénieure Cloud computing,CDI,False,Ile-de-France,devops
213QNZJ,2026-09-14 12:08:25+02,2026-09-16 08:33:07+02,Disparue,2,7,M1805,Développeur / Développeuse informatique,CDI,False,Ile-de-France,devops
213QPQM,2026-09-14 12:08:25+02,2026-09-16 08:33:07+02,Disparue,2,7,M1884,"Ingénieur / Ingénieure systèmes, réseaux et sécurité informatique",CDI,False,Ile-de-France,devops
213QRPC,2026-09-14 12:08:25+02,2026-09-26 08:35:33+02,Disparue,12,17,M1826,Ingénieur / Ingénieure supervision IT Datacenter,CDI,False,Pays de la Loire,devops
213QTML,2026-09-14 12:08:21+02,2026-09-14 12:08:21+02,Disparue,0,5,M1889,Ingénieur / Ingénieure en Intelligence Artificielle (IA),CDI,False,Centre-Val de Loire,machine learning
213QWNF,2026-09-14 12:08:20+02,2026-09-26 08:35:32+02,Disparue,12,17,M1405,Data scientist,CDD,True,Ile-de-France,machine learning
213QYJL,2026-09-14 12:08:25+02,2026-09-16 08:33:07+02,Disparue,2,7,M1867,Responsable des systèmes d'information (SI),CDI,False,Provence-Alpes-Côte d'Azur,devops
213QYJS,2026-09-14 12:08:25+02,2026-09-16 08:33:07+02,Disparue,2,7,M1867,Responsable des systèmes d'information (SI),CDI,False,Provence-Alpes-Côte d'Azur,devops
6775732,2026-09-14 12:09:13+02,2026-09-14 12:09:13+02,Disparue,0,5,M1864,Product Owner,CDI,False,Auvergne-Rhône-Alpes,product owner
6776452,2026-09-14 12:08:21+02,2026-09-26 08:35:32+02,Disparue,12,16,M1889,Ingénieur / Ingénieure en Intelligence Artificielle (IA),CDD,False,Auvergne-Rhône-Alpes,machine learning
6776527,2026-09-14 12:08:19+02,2026-09-26 08:35:30+02,Disparue,12,16,M1405,Data scientist,CDI,False,Ile-de-France,data scientist
6776896,2026-09-14 12:08:19+02,2026-09-14 12:08:19+02,Disparue,0,4,M1208,Directeur / Directrice du contrôle de gestion,CDD,False,Ile-de-France,data analyst
6779216,2026-09-14 12:08:19+02,2026-09-14 12:08:19+02,Disparue,0,4,M1419,Data analyst,CDI,False,Ile-de-France,data analyst
6782125,2026-09-14 12:08:20+02,2026-09-16 08:33:04+02,Disparue,2,6,M1405,Data scientist,CDI,False,Ile-de-France,data scientist
213RBZX,2026-09-14 12:08:25+02,2026-09-26 08:35:33+02,Disparue,12,16,M1855,Développeur / Développeuse web,CDI,False,Ile-de-France,devops
213RDQL,2026-09-14 12:08:20+02,2026-09-22 08:30:33+02,Disparue,8,12,M1811,Data engineer,CDI,False,Ile-de-France,data engineer
213RFZJ,2026-09-14 12:09:12+02,2026-09-22 08:30:44+02,Disparue,8,12,M1806,Consultant fonctionnel / Consultante fonctionnelle des systèmes d'information,CDI,False,Ile-de-France,business analyst
213RGQN,2026-09-14 12:08:25+02,2026-09-22 08:30:35+02,Disparue,8,12,M1827,Ingénieur / Ingénieure DevOps,CDI,False,Ile-de-France,devops
213RGWW,2026-09-14 12:08:25+02,2026-09-16 08:33:07+02,Disparue,2,6,M1818,Ingénieur / Ingénieure d'étude informatique,CDI,False,Grand Est,devops
213RHFF,2026-09-14 12:08:25+02,2026-09-26 08:35:33+02,Disparue,12,16,M1827,Ingénieur / Ingénieure DevOps,CDI,False,Provence-Alpes-Côte d'Azur,devops
213RHHC,2026-09-14 12:08:20+02,2026-09-26 08:35:30+02,Disparue,12,16,M1405,Data scientist,CDI,False,Occitanie,data scientist
213RHNB,2026-09-14 12:08:20+02,2026-09-26 08:35:31+02,Disparue,12,16,M1811,Data engineer,CDI,False,Auvergne-Rhône-Alpes,data engineer
213RJZM,2026-09-14 12:08:19+02,2026-09-26 08:35:29+02,Disparue,12,16,M1419,Data analyst,CDI,False,Ile-de-France,data analyst
6796567,2026-09-14 12:09:13+02,2026-09-14 12:09:13+02,Disparue,0,4,M1864,Product Owner,CDD,False,Bretagne,product owner
213RLRY,2026-09-14 12:08:25+02,2026-09-26 08:35:33+02,Disparue,12,16,M1827,Ingénieur / Ingénieure DevOps,CDI,False,Occitanie,devops
6797695,2026-09-14 12:08:24+02,2026-09-26 08:35:33+02,Disparue,12,16,M1868,Architecte base de données,CDI,False,Nouvelle-Aquitaine,ml
6797856,2026-09-14 12:09:13+02,2026-09-14 12:09:13+02,Disparue,0,4,M1864,Product Owner,CDI,False,Ile-de-France,product owner
213RNJQ,2026-09-14 12:08:25+02,2026-09-26 08:35:33+02,Disparue,12,16,M1827,Ingénieur / Ingénieure DevOps,CDI,False,Occitanie,devops
213RPSJ,2026-09-14 12:08:19+02,2026-09-26 08:35:45+02,Active,12,16,M1419,Data analyst,CDI,False,Ile-de-France,business analyst
213RQSL,2026-09-14 12:08:25+02,2026-09-16 08:33:07+02,Disparue,2,6,M1805,Développeur / Développeuse informatique,CDI,False,Ile-de-France,devops
213RRFX,2026-09-14 12:09:13+02,2026-09-26 08:35:45+02,Active,12,16,M1864,Product Owner,CDI,False,Occitanie,product owner
6799647,2026-09-14 12:08:19+02,2026-09-14 12:08:19+02,Disparue,0,4,M1419,Data analyst,CDD,True,Ile-de-France,data analyst
6799746,2026-09-14 12:09:00+02,2026-09-22 08:30:42+02,Disparue,8,12,M1889,Ingénieur / Ingénieure en Intelligence Artificielle (IA),CDI,False,Occitanie,developpeur ia
6800786,2026-09-14 12:09:00+02,2026-09-22 08:30:42+02,Disparue,8,12,M1889,Ingénieur / Ingénieure en Intelligence Artificielle (IA),CDI,False,Ile-de-France,developpeur ia
213RSGT,2026-09-14 12:08:20+02,2026-09-26 08:35:31+02,Disparue,12,16,M1811,Data engineer,CDI,False,Pays de la Loire,data engineer
213RSGZ,2026-09-14 12:08:25+02,2026-09-16 08:33:07+02,Disparue,2,6,M1855,Développeur / Développeuse web,CDI,False,Pays de la Loire,devops
213RSMG,2026-09-14 12:09:13+02,2026-09-26 08:35:45+02,Active,12,16,M1864,Product Owner,CDI,False,Auvergne-Rhône-Alpes,product owner
213RTFB,2026-09-14 12:08:25+02,2026-09-16 08:33:07+02,Disparue,2,6,M1828,Chef de projet / Cheffe de projet (Project Management Officer),CDI,False,Ile-de-France,devops
6804559,2026-09-14 12:09:13+02,2026-09-14 12:09:13+02,Disparue,0,4,M1864,Product Owner,CDI,False,Nouvelle-Aquitaine,product owner
6804583,2026-09-14 12:09:13+02,2026-09-14 12:09:13+02,Disparue,0,4,M1864,Product Owner,CDI,False,Nouvelle-Aquitaine,product owner
213RWQL,2026-09-14 12:08:19+02,2026-09-26 08:35:35+02,Disparue,12,16,M1419,Data analyst,CDI,False,Ile-de-France,data analyst senior
213SBNW,2026-09-16 08:33:13+02,2026-09-26 08:35:41+02,Disparue,10,16,M1889,Ingénieur / Ingénieure en Intelligence Artificielle (IA),CDI,False,Ile-de-France,developpeur ia
213SBPC,2026-09-14 12:08:21+02,2026-09-22 08:30:34+02,Disparue,8,12,M1889,Ingénieur / Ingénieure en Intelligence Artificielle (IA),CDI,False,Nouvelle-Aquitaine,ml
213SDFG,2026-09-14 12:08:20+02,2026-09-22 08:30:33+02,Disparue,8,12,M1811,Data engineer,CDI,False,Nouvelle-Aquitaine,data engineer
213SDMT,2026-09-14 12:08:25+02,2026-09-16 08:33:07+02,Disparue,2,6,M1836,Ingénieur concepteur / Ingénieure conceptrice informatique,CDI,False,Nouvelle-Aquitaine,devops
213SGGN,2026-09-14 12:08:20+02,2026-09-26 08:35:31+02,Disparue,12,16,M1811,Data engineer,CDD,True,Auvergne-Rhône-Alpes,data engineer
213SGQN,2026-09-16 08:33:04+02,2026-09-26 08:35:29+02,Disparue,10,16,M1419,Data analyst,CDD,False,Ile-de-France,data analyst
213SHTH,2026-09-14 12:08:21+02,2026-09-26 08:35:32+02,Disparue,12,16,K2402,Ingénieur / Ingénieure de recherche scientifique,CDD,False,Provence-Alpes-Côte d'Azur,machine learning
6805355,2026-09-14 12:08:20+02,2026-09-26 08:35:30+02,Disparue,12,16,M1405,Data scientist,CDD,False,Auvergne-Rhône-Alpes,data scientist
6805589,2026-09-14 12:08:19+02,2026-09-14 12:08:19+02,Disparue,0,4,M1204,Contrôleur / Contrôleuse de gestion,CDI,False,Auvergne-Rhône-Alpes,data analyst
6805827,2026-09-14 12:08:19+02,2026-09-14 12:08:19+02,Disparue,0,4,M1419,Data analyst,CDI,False,Provence-Alpes-Côte d'Azur,data analyst
6805997,2026-09-14 12:08:19+02,2026-09-26 08:35:35+02,Disparue,12,16,M1803,Directeur / Directrice des systèmes d'information (DSI),CDI,False,Ile-de-France,data analyst senior
213SKKX,2026-09-16 08:33:06+02,2026-09-26 08:35:32+02,Disparue,10,15,M1889,Ingénieur / Ingénieure en Intelligence Artificielle (IA),CDI,False,Ile-de-France,machine learning
6806386,2026-09-14 12:09:13+02,2026-09-14 12:09:13+02,Disparue,0,3,M1703,Chef / Cheffe de produit,CDI,False,Pays de la Loire,product owner
6806426,2026-09-14 12:09:13+02,2026-09-14 12:09:13+02,Disparue,0,3,M1864,Product Owner,CDI,False,Ile-de-France,product owner
6807597,2026-09-14 12:08:20+02,2026-09-26 08:35:30+02,Disparue,12,15,M1405,Data scientist,CDI,False,Bretagne,data scientist
6807949,2026-09-14 12:08:20+02,2026-09-25 08:37:19+02,Disparue,11,14,M1405,Data scientist,CDI,False,Ile-de-France,data scientist
6808016,2026-09-14 12:08:19+02,2026-09-14 12:08:19+02,Disparue,0,3,M1419,Data analyst,CDI,False,Pays de la Loire,data analyst
6808027,2026-09-14 12:09:13+02,2026-09-14 12:09:13+02,Disparue,0,3,M1864,Product Owner,CDI,False,Pays de la Loire,product owner
6808029,2026-09-14 12:08:19+02,2026-09-14 12:08:19+02,Disparue,0,3,M1419,Data analyst,CDI,False,Auvergne-Rhône-Alpes,data analyst
6808065,2026-09-14 12:08:19+02,2026-09-14 12:08:19+02,Disparue,0,3,M1419,Data analyst,CDI,False,Grand Est,data analyst
6808096,2026-09-14 12:08:19+02,2026-09-14 12:08:19+02,Disparue,0,3,M1419,Data analyst,CDI,False,Grand Est,data analyst
6808144,2026-09-14 12:08:19+02,2026-09-16 08:33:04+02,Disparue,2,5,M1419,Data analyst,CDI,False,Grand Est,data analyst
6808147,2026-09-14 12:08:19+02,2026-09-16 08:33:04+02,Disparue,2,5,M1419,Data analyst,CDI,False,Hauts-de-France,data analyst
6808187,2026-09-14 12:08:19+02,2026-09-16 08:33:04+02,Disparue,2,5,M1419,Data analyst,CDI,False,Pays de la Loire,data analyst
6808190,2026-09-14 12:08:19+02,2026-09-16 08:33:04+02,Disparue,2,5,M1419,Data analyst,CDI,False,Auvergne-Rhône-Alpes,data analyst
6808189,2026-09-14 12:08:19+02,2026-09-16 08:33:04+02,Disparue,2,5,M1419,Data analyst,CDI,False,Pays de la Loire,data analyst
6808201,2026-09-14 12:08:19+02,2026-09-16 08:33:04+02,Disparue,2,5,M1419,Data analyst,CDI,False,Ile-de-France,data analyst
6810463,2026-09-14 12:08:19+02,2026-09-16 08:33:04+02,Disparue,2,5,M1419,Data analyst,CDI,False,Ile-de-France,data analyst
6811017,2026-09-14 12:09:00+02,2026-09-22 08:30:42+02,Disparue,8,11,M1889,Ingénieur / Ingénieure en Intelligence Artificielle (IA),CDI,False,Auvergne-Rhône-Alpes,developpeur ia
6811019,2026-09-14 12:09:00+02,2026-09-22 08:30:42+02,Disparue,8,11,M1889,Ingénieur / Ingénieure en Intelligence Artificielle (IA),CDI,False,Bourgogne-Franche-Comté,developpeur ia
6811326,2026-09-14 12:08:40+02,2026-09-22 08:30:38+02,Disparue,8,11,M1811,Data engineer,CDI,False,Ile-de-France,data engineer senior
6811331,2026-09-14 12:08:20+02,2026-09-22 08:30:39+02,Disparue,8,11,M1405,Data scientist,CDI,False,Ile-de-France,data scientist senior
213SLCJ,2026-09-14 12:08:21+02,2026-09-26 08:35:32+02,Disparue,12,15,K1304,Employé familial / Employée familiale,CDI,False,Nouvelle-Aquitaine,machine learning
213SLCL,2026-09-14 12:08:21+02,2026-09-26 08:35:32+02,Disparue,12,15,K1304,Employé familial / Employée familiale,CDI,False,Nouvelle-Aquitaine,machine learning
213SLCM,2026-09-14 12:08:21+02,2026-09-26 08:35:32+02,Disparue,12,15,K1304,Employé familial / Employée familiale,CDI,False,Nouvelle-Aquitaine,machine learning
213SLWN,2026-09-14 12:08:21+02,2026-09-22 08:30:34+02,Disparue,8,11,H3302,Agent / Agente de conditionnement,MIS,False,Bretagne,machine learning
213SLZN,2026-09-14 12:08:25+02,2026-09-16 08:33:07+02,Disparue,2,5,M1802,Expert / Experte systèmes et réseaux informatiques,CDD,True,Ile-de-France,devops
213SMCK,2026-09-14 12:08:25+02,2026-09-16 08:33:07+02,Disparue,2,5,M1855,Développeur / Développeuse web,CDI,False,Auvergne-Rhône-Alpes,devops
213SNCS,2026-09-14 12:08:21+02,2026-09-26 08:35:32+02,Disparue,12,15,A1303,Ingénieur / Ingénieure d'études et de recherche agricoles,CDI,False,Occitanie,machine learning
213SNJY,2026-09-14 12:08:25+02,2026-09-16 08:33:07+02,Disparue,2,5,M1814,Scrum Master,CDI,False,Auvergne-Rhône-Alpes,devops
213SNTS,2026-09-14 12:08:25+02,2026-09-26 08:35:33+02,Disparue,12,15,M1827,Ingénieur / Ingénieure DevOps,CDI,False,Nouvelle-Aquitaine,devops
6824322,2026-09-14 12:09:00+02,2026-09-26 08:35:41+02,Disparue,12,15,M1889,Ingénieur / Ingénieure en Intelligence Artificielle (IA),LIB,False,Ile-de-France,developpeur ia
6824374,2026-09-14 12:09:00+02,2026-09-26 08:35:41+02,Disparue,12,15,M1889,Ingénieur / Ingénieure en Intelligence Artificielle (IA),LIB,False,Auvergne-Rhône-Alpes,developpeur ia
6824376,2026-09-14 12:08:29+02,2026-09-22 08:30:41+02,Disparue,8,11,M1889,Ingénieur / Ingénieure en Intelligence Artificielle (IA),LIB,False,Ile-de-France,mlops engineer
6824378,2026-09-14 12:08:19+02,2026-09-16 08:33:04+02,Disparue,2,5,M1419,Data analyst,LIB,False,Occitanie,data analyst
6824368,2026-09-14 12:09:13+02,2026-09-14 12:09:13+02,Disparue,0,3,M1889,Ingénieur / Ingénieure en Intelligence Artificielle (IA),CDI,False,Provence-Alpes-Côte d'Azur,product owner
6824393,2026-09-14 12:08:40+02,2026-09-16 08:33:10+02,Disparue,2,5,M1811,Data engineer,LIB,False,Ile-de-France,data engineer senior
6824421,2026-09-14 12:09:05+02,2026-09-26 08:35:43+02,Disparue,12,15,M1811,Data engineer,LIB,False,Ile-de-France,genai
6824406,2026-09-14 12:09:13+02,2026-09-14 12:09:13+02,Disparue,0,3,M1811,Data engineer,LIB,False,Ile-de-France,product owner
6824428,2026-09-14 12:09:00+02,2026-09-14 12:09:00+02,Disparue,0,3,M1889,Ingénieur / Ingénieure en Intelligence Artificielle (IA),LIB,False,Ile-de-France,developpeur ia
6824407,2026-09-14 12:09:00+02,2026-09-22 08:30:42+02,Disparue,8,11,M1889,Ingénieur / Ingénieure en Intelligence Artificielle (IA),CDI,False,Provence-Alpes-Côte d'Azur,developpeur ia
6824484,2026-09-14 12:09:00+02,2026-09-14 12:09:00+02,Disparue,0,3,M1855,Développeur / Développeuse web,LIB,False,Ile-de-France,developpeur ia
6824491,2026-09-14 12:09:00+02,2026-09-14 12:09:00+02,Disparue,0,3,M1889,Ingénieur / Ingénieure en Intelligence Artificielle (IA),LIB,False,Auvergne-Rhône-Alpes,developpeur ia
6824504,2026-09-14 12:08:19+02,2026-09-16 08:33:04+02,Disparue,2,5,M1806,Consultant fonctionnel / Consultante fonctionnelle des systèmes d'information,LIB,False,Ile-de-France,data analyst
6824517,2026-09-14 12:09:00+02,2026-09-26 08:35:41+02,Disparue,12,15,M1889,Ingénieur / Ingénieure en Intelligence Artificielle (IA),LIB,False,Ile-de-France,developpeur ia
6824544,2026-09-14 12:09:13+02,2026-09-14 12:09:13+02,Disparue,0,3,D1406,Directeur / Directrice des ventes,LIB,False,Ile-de-France,product owner
6824522,2026-09-14 12:08:19+02,2026-09-14 12:08:19+02,Disparue,0,3,C1202,Analyste de crédits et risques bancaires,LIB,False,Ile-de-France,data analyst
6824533,2026-09-14 12:09:13+02,2026-09-14 12:09:13+02,Disparue,0,3,M1811,Data engineer,LIB,False,Nouvelle-Aquitaine,product owner
6824569,2026-09-14 12:08:19+02,2026-09-16 08:33:04+02,Disparue,2,5,F1135,Chargé / Chargée d'affaires BTP,LIB,False,Ile-de-France,data analyst
6824564,2026-09-14 12:08:19+02,2026-09-16 08:33:04+02,Disparue,2,5,M1883,Analyste SOC (Security Operations Center),LIB,False,Ile-de-France,data analyst
6824599,2026-09-14 12:09:13+02,2026-09-16 08:33:15+02,Disparue,2,5,D1406,Directeur / Directrice des ventes,LIB,False,Ile-de-France,product owner
6824598,2026-09-14 12:09:13+02,2026-09-14 12:09:13+02,Disparue,0,3,M1508,Conseiller / Conseillère en gestion de carrière,LIB,False,Ile-de-France,product owner
6824616,2026-09-14 12:08:19+02,2026-09-16 08:33:15+02,Disparue,2,5,N1210,Logisticien / Logisticienne,CDI,False,Ile-de-France,product owner
6824618,2026-09-14 12:08:32+02,2026-09-21 06:00:09+02,Disparue,7,10,M1826,Ingénieur / Ingénieure supervision IT Datacenter,LIB,False,Ile-de-France,dataops
6824602,2026-09-14 12:08:19+02,2026-09-16 08:33:04+02,Disparue,2,5,G1305,Assistant / Assistante chef de produit tourisme,LIB,False,Centre-Val de Loire,data analyst
6824619,2026-09-14 12:09:12+02,2026-09-14 12:09:12+02,Disparue,0,3,E1206,UX - UI Designer,LIB,False,Auvergne-Rhône-Alpes,business analyst
6824615,2026-09-14 12:09:05+02,2026-09-26 08:35:43+02,Disparue,12,15,M1811,Data engineer,LIB,False,Ile-de-France,genai
6824626,2026-09-14 12:08:40+02,2026-09-22 08:30:38+02,Disparue,8,11,M1811,Data engineer,LIB,False,Ile-de-France,data engineer senior
6824643,2026-09-14 12:09:12+02,2026-09-14 12:09:12+02,Disparue,0,3,M1207,Trésorier / Trésorière,LIB,False,Ile-de-France,business analyst
6824633,2026-09-14 12:09:05+02,2026-09-26 08:35:43+02,Disparue,12,15,M1889,Ingénieur / Ingénieure en Intelligence Artificielle (IA),LIB,False,Ile-de-France,genai
6824631,2026-09-14 12:09:12+02,2026-09-14 12:09:12+02,Disparue,0,3,M1806,Consultant fonctionnel / Consultante fonctionnelle des systèmes d'information,LIB,False,Ile-de-France,business analyst
6824647,2026-09-14 12:09:12+02,2026-09-14 12:09:12+02,Disparue,0,3,M1806,Consultant fonctionnel / Consultante fonctionnelle des systèmes d'information,CDI,False,Ile-de-France,business analyst
6824645,2026-09-14 12:09:00+02,2026-09-22 08:30:42+02,Disparue,8,11,M1889,Ingénieur / Ingénieure en Intelligence Artificielle (IA),LIB,False,Pays de la Loire,developpeur ia
6824636,2026-09-14 12:09:12+02,2026-09-14 12:09:12+02,Disparue,0,3,E1105,Editeur / Editrice,LIB,False,Nouvelle-Aquitaine,business analyst
6824659,2026-09-14 12:09:00+02,2026-09-16 08:33:13+02,Disparue,2,5,M1855,Développeur / Développeuse web,LIB,False,Hauts-de-France,developpeur ia
6824671,2026-09-14 12:08:19+02,2026-09-16 08:33:10+02,Disparue,2,5,M1811,Data engineer,LIB,False,Provence-Alpes-Côte d'Azur,data engineer senior
6824688,2026-09-14 12:08:20+02,2026-09-16 08:33:04+02,Disparue,2,5,M1405,Data scientist,LIB,False,Auvergne-Rhône-Alpes,data scientist
6824690,2026-09-14 12:08:21+02,2026-09-26 08:35:41+02,Disparue,12,15,M1806,Consultant fonctionnel / Consultante fonctionnelle des systèmes d'information,CDI,False,Ile-de-France,consultant data ia
6824693,2026-09-14 12:08:21+02,2026-09-22 08:30:38+02,Disparue,8,11,M1811,Data engineer,CDI,False,Ile-de-France,data engineer senior
6824705,2026-09-14 12:08:19+02,2026-09-16 08:33:04+02,Disparue,2,5,M1419,Data analyst,LIB,False,Nouvelle-Aquitaine,data analyst
6824703,2026-09-14 12:08:21+02,2026-09-14 12:08:21+02,Disparue,0,3,M1860,Architecte cloud,LIB,False,Ile-de-France,machine learning
6824708,2026-09-14 12:09:00+02,2026-09-22 08:30:42+02,Disparue,8,11,M1824,Développeur / Développeuse décisionnel - Business Intelligence,LIB,False,Hauts-de-France,developpeur ia
6824747,2026-09-14 12:08:20+02,2026-09-25 08:37:34+02,Disparue,11,14,M1824,Développeur / Développeuse décisionnel - Business Intelligence,LIB,False,Ile-de-France,data scientist senior
6824752,2026-09-14 12:09:13+02,2026-09-16 08:33:15+02,Disparue,2,5,M1858,Chef / Cheffe de projet TMA - Tierce Maintenance Applicative,LIB,False,Ile-de-France,product owner
6824749,2026-09-14 12:08:21+02,2026-09-14 12:08:21+02,Disparue,0,3,K1914,Responsable de service juridique,LIB,False,Ile-de-France,machine learning
6824755,2026-09-14 12:09:12+02,2026-09-14 12:09:12+02,Disparue,0,3,M1806,Consultant fonctionnel / Consultante fonctionnelle des systèmes d'information,LIB,False,Ile-de-France,business analyst
6824783,2026-09-14 12:08:19+02,2026-09-16 08:33:15+02,Disparue,2,5,M1811,Data engineer,CDI,False,Ile-de-France,product owner
6824778,2026-09-14 12:08:19+02,2026-09-16 08:33:04+02,Disparue,2,5,M1419,Data analyst,CDI,False,Nouvelle-Aquitaine,data analyst
6824793,2026-09-14 12:08:40+02,2026-09-22 08:30:38+02,Disparue,8,11,M1889,Ingénieur / Ingénieure en Intelligence Artificielle (IA),CDI,False,Ile-de-France,data engineer senior
6824779,2026-09-14 12:09:00+02,2026-09-16 08:33:13+02,Disparue,2,5,M1846,Ingénieur / Ingénieure Cybersécurité Datacenter,LIB,False,Ile-de-France,developpeur ia
6824773,2026-09-14 12:08:21+02,2026-09-16 08:33:06+02,Disparue,2,5,M1889,Ingénieur / Ingénieure en Intelligence Artificielle (IA),CDI,False,Hauts-de-France,machine learning
6824775,2026-09-14 12:09:12+02,2026-09-14 12:09:12+02,Disparue,0,3,E1206,UX - UI Designer,LIB,False,Ile-de-France,business analyst
6824817,2026-09-14 12:08:40+02,2026-09-16 08:33:10+02,Disparue,2,5,M1811,Data engineer,LIB,False,Ile-de-France,data engineer senior
6824826,2026-09-14 12:08:40+02,2026-09-16 08:33:15+02,Disparue,2,5,M1811,Data engineer,LIB,False,Ile-de-France,product owner
6824833,2026-09-14 12:09:05+02,2026-09-26 08:35:43+02,Disparue,12,15,M1860,Architecte cloud,LIB,False,Ile-de-France,genai
6824850,2026-09-14 12:08:19+02,2026-09-16 08:33:04+02,Disparue,2,5,F1104,Dessinateur-projeteur / Dessinatrice-projeteuse de la construction,LIB,False,Ile-de-France,data analyst
6824838,2026-09-14 12:08:21+02,2026-09-26 08:35:36+02,Disparue,12,15,M1811,Data engineer,LIB,False,Ile-de-France,data engineer senior
6824844,2026-09-14 12:09:00+02,2026-09-14 12:09:00+02,Disparue,0,3,M1889,Ingénieur / Ingénieure en Intelligence Artificielle (IA),CDI,False,Nouvelle-Aquitaine,developpeur ia
6824855,2026-09-14 12:09:12+02,2026-09-14 12:09:12+02,Disparue,0,3,C1120,Conseiller / Conseillère en études actuarielles,LIB,False,Ile-de-France,business analyst
6824854,2026-09-14 12:09:12+02,2026-09-14 12:09:12+02,Disparue,0,3,M1401,Enquêteur / Enquêtrice sondage,LIB,False,Ile-de-France,business analyst
6824847,2026-09-14 12:09:12+02,2026-09-14 12:09:12+02,Disparue,0,3,M1806,Consultant fonctionnel / Consultante fonctionnelle des systèmes d'information,LIB,False,Ile-de-France,business analyst
6824842,2026-09-14 12:08:21+02,2026-09-14 12:08:21+02,Disparue,0,3,M1503,Directeur / Directrice des Ressources Humaines (DRH),CDI,False,Ile-de-France,machine learning
6824866,2026-09-14 12:08:20+02,2026-09-26 08:35:30+02,Disparue,12,15,M1811,Data engineer,CDI,False,Nouvelle-Aquitaine,data scientist
6824900,2026-09-14 12:08:24+02,2026-09-22 08:30:36+02,Disparue,8,11,M1889,Ingénieur / Ingénieure en Intelligence Artificielle (IA),CDI,False,Ile-de-France,mlops
6824888,2026-09-14 12:09:13+02,2026-09-16 08:33:15+02,Disparue,2,5,M1889,Ingénieur / Ingénieure en Intelligence Artificielle (IA),CDI,False,Ile-de-France,product owner
6824901,2026-09-14 12:09:12+02,2026-09-14 12:09:12+02,Disparue,0,3,M1824,Développeur / Développeuse décisionnel - Business Intelligence,LIB,False,Ile-de-France,business analyst
6824899,2026-09-14 12:08:20+02,2026-09-26 08:35:30+02,Disparue,12,15,M1405,Data scientist,LIB,False,Ile-de-France,data scientist
6824908,2026-09-14 12:09:00+02,2026-09-14 12:09:00+02,Disparue,0,3,M1889,Ingénieur / Ingénieure en Intelligence Artificielle (IA),LIB,False,Occitanie,developpeur ia
6824924,2026-09-14 12:08:21+02,2026-09-14 12:08:21+02,Disparue,0,3,M1811,Data engineer,LIB,False,Ile-de-France,machine learning
6824911,2026-09-14 12:09:12+02,2026-09-14 12:09:12+02,Disparue,0,3,M1806,Consultant fonctionnel / Consultante fonctionnelle des systèmes d'information,LIB,False,Ile-de-France,business analyst
6824957,2026-09-14 12:09:13+02,2026-09-16 08:33:15+02,Disparue,2,5,M1811,Data engineer,CDI,False,Nouvelle-Aquitaine,product owner
6824971,2026-09-14 12:09:13+02,2026-09-16 08:33:15+02,Disparue,2,5,M1858,Chef / Cheffe de projet TMA - Tierce Maintenance Applicative,LIB,False,Auvergne-Rhône-Alpes,product owner
6824939,2026-09-14 12:08:19+02,2026-09-16 08:33:04+02,Disparue,2,5,C1202,Analyste de crédits et risques bancaires,LIB,False,Ile-de-France,data analyst
6824954,2026-09-14 12:09:13+02,2026-09-16 08:33:15+02,Disparue,2,5,M1858,Chef / Cheffe de projet TMA - Tierce Maintenance Applicative,LIB,False,Ile-de-France,product owner
6824985,2026-09-14 12:09:12+02,2026-09-14 12:09:12+02,Disparue,0,3,G1302,Yield manager,CDI,False,Auvergne-Rhône-Alpes,business analyst
6824992,2026-09-14 12:09:00+02,2026-09-16 08:33:13+02,Disparue,2,5,M1889,Ingénieur / Ingénieure en Intelligence Artificielle (IA),LIB,False,Nouvelle-Aquitaine,developpeur ia
6825005,2026-09-14 12:09:00+02,2026-09-14 12:09:00+02,Disparue,0,3,M1813,Intégrateur / Intégratrice logiciels métiers,LIB,False,Ile-de-France,developpeur ia
6825010,2026-09-14 12:08:21+02,2026-09-14 12:08:29+02,Disparue,0,3,M1860,Architecte cloud,LIB,False,Ile-de-France,mlops
6825003,2026-09-14 12:09:12+02,2026-09-14 12:09:12+02,Disparue,0,3,M1806,Consultant fonctionnel / Consultante fonctionnelle des systèmes d'information,LIB,False,Hauts-de-France,business analyst
6825027,2026-09-14 12:08:20+02,2026-09-14 12:08:20+02,Disparue,0,3,I1605,Mécanicien / Mécanicienne en mécanique marine ou navale,LIB,False,Provence-Alpes-Côte d'Azur,data scientist
6825012,2026-09-14 12:09:00+02,2026-09-16 08:33:13+02,Disparue,2,5,M1889,Ingénieur / Ingénieure en Intelligence Artificielle (IA),CDI,False,Ile-de-France,developpeur ia
6825023,2026-09-14 12:09:05+02,2026-09-26 08:35:43+02,Disparue,12,15,M1889,Ingénieur / Ingénieure en Intelligence Artificielle (IA),LIB,False,Hauts-de-France,genai
6825021,2026-09-14 12:09:12+02,2026-09-14 12:09:12+02,Disparue,0,3,M1806,Consultant fonctionnel / Consultante fonctionnelle des systèmes d'information,CDI,False,Ile-de-France,business analyst
6825013,2026-09-14 12:08:20+02,2026-09-26 08:35:43+02,Disparue,12,15,M1811,Data engineer,LIB,False,Ile-de-France,genai
6824998,2026-09-14 12:08:19+02,2026-09-16 08:33:04+02,Disparue,2,5,M1718,Chargé / Chargée de marketing digital,LIB,False,Occitanie,data analyst
6825046,2026-09-14 12:08:19+02,2026-09-16 08:33:15+02,Disparue,2,5,N1210,Logisticien / Logisticienne,LIB,False,Ile-de-France,product owner
6825047,2026-09-14 12:09:12+02,2026-09-14 12:09:12+02,Disparue,0,3,C1120,Conseiller / Conseillère en études actuarielles,LIB,False,Ile-de-France,business analyst
6825061,2026-09-14 12:08:19+02,2026-09-14 12:09:12+02,Disparue,0,3,C1120,Conseiller / Conseillère en études actuarielles,LIB,False,Centre-Val de Loire,business analyst
6825072,2026-09-14 12:09:05+02,2026-09-16 08:33:13+02,Disparue,2,5,M1889,Ingénieur / Ingénieure en Intelligence Artificielle (IA),LIB,False,Ile-de-France,genai
6825077,2026-09-14 12:09:12+02,2026-09-14 12:09:12+02,Disparue,0,3,E1403,Consultant / Consultante média,LIB,False,Ile-de-France,business analyst
6825099,2026-09-14 12:08:40+02,2026-09-22 08:30:38+02,Disparue,8,11,M1811,Data engineer,LIB,False,Ile-de-France,data engineer senior
6825092,2026-09-14 12:08:40+02,2026-09-26 08:35:36+02,Disparue,12,15,M1811,Data engineer,LIB,False,Provence-Alpes-Côte d'Azur,data engineer senior
6825096,2026-09-14 12:08:19+02,2026-09-16 08:33:04+02,Disparue,2,5,H1406,Ingénieur / Ingénieure supply chain en industrie,CDI,False,Ile-de-France,data analyst
6825108,2026-09-14 12:08:19+02,2026-09-14 12:08:19+02,Disparue,0,3,G1211,Analyste de la performance sportive,LIB,False,Ile-de-France,data analyst
6825094,2026-09-14 12:09:12+02,2026-09-14 12:09:12+02,Disparue,0,3,M1806,Consultant fonctionnel / Consultante fonctionnelle des systèmes d'information,LIB,False,Bretagne,business analyst
6825113,2026-09-14 12:08:19+02,2026-09-16 08:33:04+02,Disparue,2,5,M1851,Analyste décisionnel - Business Intelligence,CDI,False,Ile-de-France,data analyst
6825115,2026-09-14 12:09:13+02,2026-09-16 08:33:15+02,Disparue,2,5,M1811,Data engineer,LIB,False,Ile-de-France,product owner
6825119,2026-09-14 12:09:13+02,2026-09-14 12:09:13+02,Disparue,0,3,M1703,Chef / Cheffe de produit,LIB,False,Ile-de-France,product owner
6825144,2026-09-14 12:09:00+02,2026-09-16 08:33:13+02,Disparue,2,5,M1889,Ingénieur / Ingénieure en Intelligence Artificielle (IA),LIB,False,Ile-de-France,developpeur ia
6825158,2026-09-14 12:08:21+02,2026-09-26 08:35:36+02,Disparue,12,15,M1811,Data engineer,LIB,False,Ile-de-France,data engineer senior
6825182,2026-09-14 12:08:19+02,2026-09-16 08:33:04+02,Disparue,2,5,G1211,Analyste de la performance sportive,LIB,False,Ile-de-France,data analyst
6825186,2026-09-14 12:08:21+02,2026-09-16 08:33:06+02,Disparue,2,5,M1889,Ingénieur / Ingénieure en Intelligence Artificielle (IA),CDI,False,Ile-de-France,machine learning
6825187,2026-09-14 12:09:13+02,2026-09-16 08:33:15+02,Disparue,2,5,E1105,Editeur / Editrice,LIB,False,Hauts-de-France,product owner
6825195,2026-09-14 12:09:12+02,2026-09-14 12:09:12+02,Disparue,0,3,M1718,Chargé / Chargée de marketing digital,LIB,False,Ile-de-France,business analyst
6825198,2026-09-14 12:08:40+02,2026-09-16 08:33:10+02,Disparue,2,5,M1811,Data engineer,LIB,False,Auvergne-Rhône-Alpes,data engineer senior
6825185,2026-09-14 12:08:20+02,2026-09-16 08:33:04+02,Disparue,2,5,M1812,Responsable de la Sécurité des Systèmes d'Information (RSSI),LIB,False,Ile-de-France,data scientist
6825210,2026-09-14 12:09:13+02,2026-09-16 08:33:15+02,Disparue,2,5,M1889,Ingénieur / Ingénieure en Intelligence Artificielle (IA),LIB,False,Ile-de-France,product owner
6825231,2026-09-14 12:09:12+02,2026-09-14 12:09:12+02,Disparue,0,3,E1206,UX - UI Designer,LIB,False,Auvergne-Rhône-Alpes,business analyst
6825235,2026-09-14 12:09:05+02,2026-09-16 08:33:13+02,Disparue,2,5,M1860,Architecte cloud,LIB,False,Ile-de-France,genai
6825242,2026-09-14 12:08:21+02,2026-09-26 08:35:40+02,Disparue,12,15,M1889,Ingénieur / Ingénieure en Intelligence Artificielle (IA),CDI,False,Ile-de-France,mlops engineer
6825249,2026-09-14 12:08:21+02,2026-09-16 08:33:15+02,Disparue,2,5,M1889,Ingénieur / Ingénieure en Intelligence Artificielle (IA),LIB,False,Ile-de-France,product owner
6825250,2026-09-14 12:08:19+02,2026-09-16 08:33:04+02,Disparue,2,5,M1419,Data analyst,CDI,False,Ile-de-France,data analyst
6825262,2026-09-14 12:09:12+02,2026-09-14 12:09:12+02,Disparue,0,3,M1201,Analyste financier / Analyste financière,LIB,False,Auvergne-Rhône-Alpes,business analyst
6825257,2026-09-14 12:08:20+02,2026-09-25 08:37:19+02,Disparue,11,14,M1851,Analyste décisionnel - Business Intelligence,LIB,False,Ile-de-France,data scientist
6825275,2026-09-14 12:09:05+02,2026-09-22 08:30:42+02,Disparue,8,11,I1311,Technicien / Technicienne installation réseaux câblés fibre optique,CDI,False,Provence-Alpes-Côte d'Azur,genai
6825272,2026-09-14 12:08:19+02,2026-09-14 12:09:12+02,Disparue,0,3,M1806,Consultant fonctionnel / Consultante fonctionnelle des systèmes d'information,LIB,False,Ile-de-France,business analyst
6825278,2026-09-14 12:08:19+02,2026-09-16 08:33:04+02,Disparue,2,5,M1806,Consultant fonctionnel / Consultante fonctionnelle des systèmes d'information,LIB,False,Nouvelle-Aquitaine,data analyst
6825287,2026-09-14 12:09:13+02,2026-09-14 12:09:13+02,Disparue,0,3,M1886,Chef / Cheffe de projet Web,LIB,False,Ile-de-France,product owner
6825297,2026-09-14 12:08:21+02,2026-09-14 12:09:00+02,Disparue,0,3,M1889,Ingénieur / Ingénieure en Intelligence Artificielle (IA),LIB,False,Ile-de-France,developpeur ia
6825299,2026-09-14 12:08:40+02,2026-09-16 08:33:10+02,Disparue,2,5,M1811,Data engineer,LIB,False,Ile-de-France,data engineer senior
6825310,2026-09-14 12:08:21+02,2026-09-16 08:33:06+02,Disparue,2,5,E1410,Responsable programmatique,LIB,False,Ile-de-France,ml
6825311,2026-09-14 12:08:20+02,2026-09-26 08:35:30+02,Disparue,12,15,M1405,Data scientist,CDI,False,Ile-de-France,data scientist
6825309,2026-09-14 12:09:00+02,2026-09-16 08:33:13+02,Disparue,2,5,M1824,Développeur / Développeuse décisionnel - Business Intelligence,LIB,False,Auvergne-Rhône-Alpes,developpeur ia
6825313,2026-09-14 12:08:19+02,2026-09-22 08:30:38+02,Disparue,8,11,M1811,Data engineer,LIB,False,Ile-de-France,data engineer senior
6825314,2026-09-14 12:09:12+02,2026-09-14 12:09:12+02,Disparue,0,3,M1821,Analyste d'application informatique,LIB,False,Ile-de-France,business analyst
6825320,2026-09-14 12:08:40+02,2026-09-26 08:35:36+02,Disparue,12,15,M1811,Data engineer,CDI,False,Ile-de-France,data engineer senior
6825322,2026-09-14 12:08:20+02,2026-09-16 08:33:13+02,Disparue,2,5,M1889,Ingénieur / Ingénieure en Intelligence Artificielle (IA),LIB,False,Ile-de-France,genai
6825324,2026-09-14 12:08:40+02,2026-09-22 08:30:38+02,Disparue,8,11,M1811,Data engineer,CDI,False,Ile-de-France,data engineer senior
6825346,2026-09-14 12:08:20+02,2026-09-26 08:35:30+02,Disparue,12,15,M1405,Data scientist,LIB,False,Ile-de-France,data scientist
6825360,2026-09-14 12:09:12+02,2026-09-14 12:09:12+02,Disparue,0,3,E1206,UX - UI Designer,LIB,False,Ile-de-France,business analyst
6825361,2026-09-14 12:08:21+02,2026-09-14 12:09:00+02,Disparue,0,3,M1889,Ingénieur / Ingénieure en Intelligence Artificielle (IA),LIB,False,Ile-de-France,developpeur ia
6825343,2026-09-14 12:09:13+02,2026-09-16 08:33:15+02,Disparue,2,5,M1811,Data engineer,CDI,False,Ile-de-France,product owner
6825353,2026-09-14 12:09:00+02,2026-09-26 08:35:41+02,Disparue,12,15,M1889,Ingénieur / Ingénieure en Intelligence Artificielle (IA),LIB,False,Ile-de-France,developpeur ia
6825375,2026-09-14 12:08:20+02,2026-09-14 12:08:20+02,Disparue,0,3,M1860,Architecte cloud,LIB,False,Auvergne-Rhône-Alpes,data engineer
6825374,2026-09-14 12:09:00+02,2026-09-16 08:33:13+02,Disparue,2,5,M1827,Ingénieur / Ingénieure DevOps,LIB,False,Auvergne-Rhône-Alpes,developpeur ia
6825340,2026-09-14 12:08:21+02,2026-09-26 08:35:33+02,Disparue,12,15,M1855,Développeur / Développeuse web,LIB,False,Ile-de-France,ml
6825377,2026-09-14 12:09:00+02,2026-09-26 08:35:41+02,Disparue,12,15,M1889,Ingénieur / Ingénieure en Intelligence Artificielle (IA),LIB,False,Ile-de-France,developpeur ia
6825379,2026-09-14 12:09:12+02,2026-09-14 12:09:12+02,Disparue,0,3,M1806,Consultant fonctionnel / Consultante fonctionnelle des systèmes d'information,LIB,False,Ile-de-France,business analyst
6825380,2026-09-14 12:09:05+02,2026-09-26 08:35:43+02,Disparue,12,15,M1889,Ingénieur / Ingénieure en Intelligence Artificielle (IA),LIB,False,Ile-de-France,genai
6825387,2026-09-14 12:08:20+02,2026-09-22 08:30:32+02,Disparue,8,11,M1826,Ingénieur / Ingénieure supervision IT Datacenter,LIB,False,Ile-de-France,data scientist
6825417,2026-09-14 12:08:19+02,2026-09-26 08:35:35+02,Disparue,12,15,C1202,Analyste de crédits et risques bancaires,LIB,False,Ile-de-France,data analyst senior
6825400,2026-09-14 12:08:20+02,2026-09-14 12:08:20+02,Disparue,0,3,M1811,Data engineer,LIB,False,Hauts-de-France,data engineer
6825404,2026-09-14 12:09:12+02,2026-09-14 12:09:12+02,Disparue,0,3,C1130,Gestionnaire en protection sociale,LIB,False,Centre-Val de Loire,business analyst
6825421,2026-09-14 12:09:12+02,2026-09-14 12:09:12+02,Disparue,0,3,K2112,Conseiller / Conseillère d'orientation,CDI,False,Hauts-de-France,business analyst
6825429,2026-09-14 12:08:20+02,2026-09-14 12:08:20+02,Disparue,0,3,M1889,Ingénieur / Ingénieure en Intelligence Artificielle (IA),LIB,False,Ile-de-France,data scientist
6825409,2026-09-14 12:09:13+02,2026-09-16 08:33:15+02,Disparue,2,5,D1505,Hôte / Hôtesse de caisse,LIB,False,Ile-de-France,product owner
6825440,2026-09-14 12:08:20+02,2026-09-14 12:08:20+02,Disparue,0,3,M1811,Data engineer,CDI,False,Ile-de-France,data engineer
6825470,2026-09-14 12:08:19+02,2026-09-16 08:33:04+02,Disparue,2,5,M1811,Data engineer,LIB,False,Ile-de-France,data analyst
6825475,2026-09-14 12:08:20+02,2026-09-26 08:35:36+02,Disparue,12,15,M1811,Data engineer,CDI,False,Occitanie,data engineer senior
6825484,2026-09-14 12:08:21+02,2026-09-16 08:33:06+02,Disparue,2,5,E1206,UX - UI Designer,LIB,False,Ile-de-France,ml
6825455,2026-09-14 12:09:12+02,2026-09-14 12:09:12+02,Disparue,0,3,M1806,Consultant fonctionnel / Consultante fonctionnelle des systèmes d'information,LIB,False,Ile-de-France,business analyst
6825468,2026-09-14 12:08:19+02,2026-09-16 08:33:04+02,Disparue,2,5,C1202,Analyste de crédits et risques bancaires,LIB,False,Ile-de-France,data analyst
6825465,2026-09-14 12:08:20+02,2026-09-14 12:08:20+02,Disparue,0,3,M1811,Data engineer,CDI,False,Ile-de-France,data engineer
6825493,2026-09-14 12:08:20+02,2026-09-14 12:08:20+02,Disparue,0,3,M1811,Data engineer,CDI,False,Ile-de-France,data engineer
6825494,2026-09-14 12:09:00+02,2026-09-16 08:33:15+02,Disparue,2,5,M1889,Ingénieur / Ingénieure en Intelligence Artificielle (IA),LIB,False,Ile-de-France,product owner
6825498,2026-09-14 12:09:05+02,2026-09-26 08:35:43+02,Disparue,12,15,M1889,Ingénieur / Ingénieure en Intelligence Artificielle (IA),LIB,False,Ile-de-France,genai
6825486,2026-09-14 12:08:20+02,2026-09-14 12:08:20+02,Disparue,0,3,M1811,Data engineer,LIB,False,Ile-de-France,data engineer
6825495,2026-09-14 12:08:20+02,2026-09-16 08:33:04+02,Disparue,2,5,M1405,Data scientist,CDI,False,Auvergne-Rhône-Alpes,data scientist
6825505,2026-09-14 12:09:13+02,2026-09-16 08:33:15+02,Disparue,2,5,M1806,Consultant fonctionnel / Consultante fonctionnelle des systèmes d'information,CDI,False,Ile-de-France,product owner
6825504,2026-09-14 12:08:20+02,2026-09-14 12:08:20+02,Disparue,0,3,M1811,Data engineer,LIB,False,Hauts-de-France,data engineer
6825487,2026-09-14 12:09:12+02,2026-09-14 12:09:12+02,Disparue,0,3,M1806,Consultant fonctionnel / Consultante fonctionnelle des systèmes d'information,LIB,False,Ile-de-France,business analyst
6825525,2026-09-14 12:09:00+02,2026-09-16 08:33:13+02,Disparue,2,5,M1889,Ingénieur / Ingénieure en Intelligence Artificielle (IA),LIB,False,Ile-de-France,developpeur ia
6825513,2026-09-14 12:08:21+02,2026-09-26 08:35:32+02,Disparue,12,15,M1889,Ingénieur / Ingénieure en Intelligence Artificielle (IA),LIB,False,Ile-de-France,machine learning
6825518,2026-09-14 12:08:19+02,2026-09-16 08:33:04+02,Disparue,2,5,M1704,Responsable service clients,CDI,False,Ile-de-France,data analyst
6825531,2026-09-14 12:09:13+02,2026-09-16 08:33:15+02,Disparue,2,5,D1506,Chargé / Chargée de merchandising,CDI,False,Ile-de-France,product owner
6825530,2026-09-14 12:09:13+02,2026-09-16 08:33:15+02,Disparue,2,5,M1858,Chef / Cheffe de projet TMA - Tierce Maintenance Applicative,LIB,False,Auvergne-Rhône-Alpes,product owner
6825535,2026-09-14 12:09:12+02,2026-09-14 12:09:12+02,Disparue,0,3,M1806,Consultant fonctionnel / Consultante fonctionnelle des systèmes d'information,LIB,False,Ile-de-France,business analyst
6825549,2026-09-14 12:09:05+02,2026-09-21 06:00:13+02,Disparue,7,10,M1884,"Ingénieur / Ingénieure systèmes, réseaux et sécurité informatique",LIB,False,Provence-Alpes-Côte d'Azur,genai
6825596,2026-09-14 12:09:00+02,2026-09-16 08:33:13+02,Disparue,2,5,M1855,Développeur / Développeuse web,LIB,False,Pays de la Loire,developpeur ia
6825644,2026-09-14 12:08:20+02,2026-09-16 08:33:04+02,Disparue,2,5,H1215,"Bioinformaticien / Bioinformaticienne en études, recherche et développement",LIB,False,Auvergne-Rhône-Alpes,data scientist
6825587,2026-09-14 12:08:20+02,2026-09-14 12:08:20+02,Disparue,0,3,M1889,Ingénieur / Ingénieure en Intelligence Artificielle (IA),LIB,False,Ile-de-France,data engineer
6825591,2026-09-14 12:09:05+02,2026-09-25 08:37:40+02,Disparue,11,14,M1811,Data engineer,LIB,False,Ile-de-France,genai
6825624,2026-09-14 12:09:12+02,2026-09-14 12:09:12+02,Disparue,0,3,E1206,UX - UI Designer,LIB,False,Ile-de-France,business analyst
6825632,2026-09-14 12:08:19+02,2026-09-21 06:00:05+02,Disparue,7,10,M1851,Analyste décisionnel - Business Intelligence,CDI,False,Ile-de-France,data analyst
6825639,2026-09-14 12:09:13+02,2026-09-16 08:33:15+02,Disparue,2,5,M1203,Comptable,LIB,False,Ile-de-France,product owner
6825597,2026-09-14 12:09:05+02,2026-09-16 08:33:13+02,Disparue,2,5,M1889,Ingénieur / Ingénieure en Intelligence Artificielle (IA),LIB,False,Ile-de-France,genai
6825579,2026-09-14 12:09:12+02,2026-09-14 12:09:12+02,Disparue,0,3,M1807,"Spécialiste outils, systèmes d'exploitation, réseaux et télécoms",LIB,False,Ile-de-France,business analyst
6825600,2026-09-14 12:09:12+02,2026-09-14 12:09:12+02,Disparue,0,3,C1120,Conseiller / Conseillère en études actuarielles,LIB,False,Centre-Val de Loire,business analyst
6825636,2026-09-14 12:08:21+02,2026-09-26 08:35:33+02,Disparue,12,15,M1889,Ingénieur / Ingénieure en Intelligence Artificielle (IA),CDI,False,Hauts-de-France,ml
6825619,2026-09-14 12:09:12+02,2026-09-14 12:09:12+02,Disparue,0,3,M1806,Consultant fonctionnel / Consultante fonctionnelle des systèmes d'information,LIB,False,Nouvelle-Aquitaine,business analyst
6825633,2026-09-14 12:08:21+02,2026-09-26 08:35:41+02,Disparue,12,15,M1889,Ingénieur / Ingénieure en Intelligence Artificielle (IA),CDI,False,Ile-de-France,developpeur ia
6825643,2026-09-14 12:09:12+02,2026-09-14 12:09:12+02,Disparue,0,3,M1806,Consultant fonctionnel / Consultante fonctionnelle des systèmes d'information,LIB,False,Ile-de-France,business analyst
6825647,2026-09-14 12:09:12+02,2026-09-14 12:09:12+02,Disparue,0,3,M1806,Consultant fonctionnel / Consultante fonctionnelle des systèmes d'information,LIB,False,Ile-de-France,business analyst
6825649,2026-09-16 08:33:13+02,2026-09-16 08:33:13+02,Disparue,0,5,M1889,Ingénieur / Ingénieure en Intelligence Artificielle (IA),CDI,False,Ile-de-France,developpeur ia
6825663,2026-09-14 12:08:19+02,2026-09-14 12:09:12+02,Disparue,0,3,M1201,Analyste financier / Analyste financière,LIB,False,Ile-de-France,business analyst
6825670,2026-09-14 12:08:20+02,2026-09-26 08:35:30+02,Disparue,12,15,M1405,Data scientist,LIB,False,Ile-de-France,data scientist
6825671,2026-09-14 12:09:12+02,2026-09-14 12:09:12+02,Disparue,0,3,C1101,Chargé / Chargée de produit en assurances,LIB,False,Ile-de-France,business analyst
6825692,2026-09-14 12:09:12+02,2026-09-14 12:09:12+02,Disparue,0,3,M1806,Consultant fonctionnel / Consultante fonctionnelle des systèmes d'information,LIB,False,Hauts-de-France,business analyst
6825688,2026-09-14 12:09:12+02,2026-09-14 12:09:12+02,Disparue,0,3,E1403,Consultant / Consultante média,LIB,False,Ile-de-France,business analyst
6825697,2026-09-14 12:09:13+02,2026-09-21 06:00:15+02,Disparue,7,10,M1718,Chargé / Chargée de marketing digital,LIB,False,Ile-de-France,product owner
6825687,2026-09-14 12:08:20+02,2026-09-14 12:08:20+02,Disparue,0,3,M1811,Data engineer,LIB,False,Hauts-de-France,data engineer
6825703,2026-09-14 12:08:20+02,2026-09-14 12:08:20+02,Disparue,0,3,M1860,Architecte cloud,LIB,False,Ile-de-France,data engineer
6825706,2026-09-14 12:08:19+02,2026-09-14 12:08:40+02,Disparue,0,3,M1811,Data engineer,LIB,False,Ile-de-France,data engineer senior
6825721,2026-09-14 12:09:12+02,2026-09-14 12:09:12+02,Disparue,0,3,C1214,Chargé / Chargée d'études crédits bancaires,LIB,False,Ile-de-France,business analyst
6825732,2026-09-14 12:08:21+02,2026-09-16 08:33:06+02,Disparue,2,5,M1860,Architecte cloud,LIB,False,Ile-de-France,machine learning
6825729,2026-09-14 12:09:05+02,2026-09-26 08:35:43+02,Disparue,12,15,M1889,Ingénieur / Ingénieure en Intelligence Artificielle (IA),LIB,False,Ile-de-France,genai
6825720,2026-09-14 12:09:12+02,2026-09-14 12:09:12+02,Disparue,0,3,M1201,Analyste financier / Analyste financière,CDI,False,Auvergne-Rhône-Alpes,business analyst
6825763,2026-09-14 12:08:20+02,2026-09-14 12:08:20+02,Disparue,0,3,M1811,Data engineer,LIB,False,Ile-de-France,data engineer
6825747,2026-09-14 12:08:20+02,2026-09-14 12:08:20+02,Disparue,0,3,M1811,Data engineer,CDI,False,Auvergne-Rhône-Alpes,data engineer
6825738,2026-09-14 12:09:12+02,2026-09-14 12:09:12+02,Disparue,0,3,G1302,Yield manager,CDI,False,Ile-de-France,business analyst
6825767,2026-09-14 12:08:19+02,2026-09-21 06:00:05+02,Disparue,7,10,M1811,Data engineer,LIB,False,Ile-de-France,data analyst
6825772,2026-09-14 12:08:40+02,2026-09-22 08:30:38+02,Disparue,8,11,M1811,Data engineer,LIB,False,Ile-de-France,data engineer senior
6825784,2026-09-14 12:09:12+02,2026-09-16 08:33:15+02,Disparue,2,5,M1102,Directeur / Directrice des achats,LIB,False,Ile-de-France,business analyst
6825775,2026-09-14 12:08:20+02,2026-09-14 12:08:20+02,Disparue,0,3,M1811,Data engineer,LIB,False,Ile-de-France,data engineer
6825783,2026-09-14 12:09:12+02,2026-09-16 08:33:15+02,Disparue,2,5,M1806,Consultant fonctionnel / Consultante fonctionnelle des systèmes d'information,CDI,False,Ile-de-France,business analyst
6825771,2026-09-14 12:09:12+02,2026-09-16 08:33:15+02,Disparue,2,5,C1202,Analyste de crédits et risques bancaires,LIB,False,Ile-de-France,business analyst
6825788,2026-09-14 12:09:12+02,2026-09-16 08:33:15+02,Disparue,2,5,M1806,Consultant fonctionnel / Consultante fonctionnelle des systèmes d'information,LIB,False,Nouvelle-Aquitaine,business analyst
6825795,2026-09-14 12:09:00+02,2026-09-26 08:35:41+02,Disparue,12,15,M1855,Développeur / Développeuse web,LIB,False,Ile-de-France,developpeur ia
6825796,2026-09-14 12:08:19+02,2026-09-21 06:00:05+02,Disparue,7,10,M1419,Data analyst,LIB,False,Ile-de-France,data analyst
6825828,2026-09-14 12:08:20+02,2026-09-14 12:08:20+02,Disparue,0,3,M1811,Data engineer,LIB,False,Auvergne-Rhône-Alpes,data engineer
6825804,2026-09-14 12:09:12+02,2026-09-16 08:33:15+02,Disparue,2,5,M1806,Consultant fonctionnel / Consultante fonctionnelle des systèmes d'information,LIB,False,Ile-de-France,business analyst
6825807,2026-09-14 12:09:12+02,2026-09-16 08:33:15+02,Disparue,2,5,C1202,Analyste de crédits et risques bancaires,CDI,False,Ile-de-France,business analyst
6825824,2026-09-14 12:09:05+02,2026-09-16 08:33:13+02,Disparue,2,5,M1889,Ingénieur / Ingénieure en Intelligence Artificielle (IA),LIB,False,Ile-de-France,genai
6825799,2026-09-14 12:09:12+02,2026-09-16 08:33:15+02,Disparue,2,5,E1206,UX - UI Designer,LIB,False,Ile-de-France,business analyst
6825834,2026-09-14 12:09:00+02,2026-09-16 08:33:13+02,Disparue,2,5,M1889,Ingénieur / Ingénieure en Intelligence Artificielle (IA),LIB,False,Ile-de-France,developpeur ia
6825849,2026-09-14 12:09:00+02,2026-09-26 08:35:41+02,Disparue,12,15,M1855,Développeur / Développeuse web,LIB,False,Ile-de-France,developpeur ia
6825857,2026-09-14 12:08:19+02,2026-09-21 06:00:05+02,Disparue,7,10,M1806,Consultant fonctionnel / Consultante fonctionnelle des systèmes d'information,LIB,False,Ile-de-France,data analyst
6825840,2026-09-14 12:08:19+02,2026-09-25 08:37:29+02,Disparue,11,14,M1872,Consultant décisionnel / Consultante décisionnelle - Business Intelligence,LIB,False,Ile-de-France,data analyst senior
6825847,2026-09-14 12:09:13+02,2026-09-21 06:00:15+02,Disparue,7,10,M1886,Chef / Cheffe de projet Web,LIB,False,Pays de la Loire,product owner
6825850,2026-09-14 12:09:12+02,2026-09-16 08:33:15+02,Disparue,2,5,M1806,Consultant fonctionnel / Consultante fonctionnelle des systèmes d'information,LIB,False,Pays de la Loire,business analyst
6825856,2026-09-14 12:09:00+02,2026-09-22 08:30:42+02,Disparue,8,11,M1824,Développeur / Développeuse décisionnel - Business Intelligence,LIB,False,Ile-de-France,developpeur ia
6825852,2026-09-14 12:09:12+02,2026-09-16 08:33:15+02,Disparue,2,5,M1203,Comptable,LIB,False,Centre-Val de Loire,business analyst
6825848,2026-09-14 12:08:40+02,2026-09-16 08:33:10+02,Disparue,2,5,M1811,Data engineer,LIB,False,Ile-de-France,data engineer senior
6825866,2026-09-14 12:08:19+02,2026-09-25 08:37:19+02,Disparue,11,14,M1851,Analyste décisionnel - Business Intelligence,LIB,False,Ile-de-France,data scientist
6825871,2026-09-14 12:08:20+02,2026-09-26 08:35:36+02,Disparue,12,15,H1406,Ingénieur / Ingénieure supply chain en industrie,LIB,False,Ile-de-France,data engineer senior
6825885,2026-09-14 12:09:13+02,2026-09-21 06:00:15+02,Disparue,7,10,D1402,Commercial / Commerciale grands comptes et entreprises,LIB,False,Ile-de-France,product owner
6825895,2026-09-14 12:08:19+02,2026-09-21 06:00:05+02,Disparue,7,10,M1811,Data engineer,LIB,False,Ile-de-France,data analyst
6825876,2026-09-14 12:09:12+02,2026-09-16 08:33:15+02,Disparue,2,5,C1120,Conseiller / Conseillère en études actuarielles,LIB,False,Ile-de-France,business analyst
6825878,2026-09-14 12:08:21+02,2026-09-21 06:00:15+02,Disparue,7,10,M1889,Ingénieur / Ingénieure en Intelligence Artificielle (IA),CDI,False,Ile-de-France,product owner
6825883,2026-09-14 12:08:20+02,2026-09-14 12:08:20+02,Disparue,0,3,M1811,Data engineer,LIB,False,Ile-de-France,data engineer
6825882,2026-09-14 12:09:13+02,2026-09-21 06:00:15+02,Disparue,7,10,M1877,Développeur / Développeuse blockchain,LIB,False,Ile-de-France,product owner
6825872,2026-09-14 12:09:13+02,2026-09-21 06:00:15+02,Disparue,7,10,C1101,Chargé / Chargée de produit en assurances,LIB,False,Ile-de-France,product owner
6825864,2026-09-14 12:09:12+02,2026-09-16 08:33:15+02,Disparue,2,5,M1806,Consultant fonctionnel / Consultante fonctionnelle des systèmes d'information,LIB,False,Centre-Val de Loire,business analyst
213SVRF,2026-09-14 12:09:12+02,2026-09-26 08:35:45+02,Active,12,15,M1806,Consultant fonctionnel / Consultante fonctionnelle des systèmes d'information,CDI,False,Auvergne-Rhône-Alpes,business analyst
213SWQB,2026-09-16 08:33:15+02,2026-09-16 08:33:15+02,Disparue,0,5,M1806,Consultant fonctionnel / Consultante fonctionnelle des systèmes d'information,CDI,False,Bretagne,business analyst
213SYFM,2026-09-16 08:33:05+02,2026-09-16 08:33:05+02,Disparue,0,5,M1811,Data engineer,CDD,True,Bretagne,data engineer
213SYQR,2026-09-16 08:33:15+02,2026-09-16 08:33:15+02,Disparue,0,5,M1806,Consultant fonctionnel / Consultante fonctionnelle des systèmes d'information,CDI,False,Bretagne,business analyst
6826087,2026-09-14 12:09:00+02,2026-09-22 08:30:42+02,Disparue,8,11,M1889,Ingénieur / Ingénieure en Intelligence Artificielle (IA),CDI,False,Grand Est,developpeur ia
213SYRD,2026-09-14 12:08:25+02,2026-09-16 08:33:07+02,Disparue,2,5,M1843,Administrateur / Administratrice de serveurs,CDI,False,Ile-de-France,devops
6827646,2026-09-16 08:33:13+02,2026-09-16 08:33:13+02,Disparue,0,5,M1889,Ingénieur / Ingénieure en Intelligence Artificielle (IA),MIS,False,Nouvelle-Aquitaine,developpeur ia
6830029,2026-09-14 12:08:20+02,2026-09-14 12:08:20+02,Disparue,0,3,M1814,Scrum Master,MIS,False,Ile-de-France,data engineer
213TCLH,2026-09-14 12:08:25+02,2026-09-26 08:35:33+02,Disparue,12,15,M1815,Spécialiste test et validation logiciel ou application,CDI,False,Occitanie,devops
213TDBG,2026-09-14 12:08:19+02,2026-09-14 12:08:19+02,Disparue,0,3,M1419,Data analyst,CDD,False,Occitanie,data analyst
213THTM,2026-09-14 12:08:25+02,2026-09-22 08:30:35+02,Disparue,8,11,M1884,"Ingénieur / Ingénieure systèmes, réseaux et sécurité informatique",CDI,False,Nouvelle-Aquitaine,devops
213TJKQ,2026-09-16 08:33:06+02,2026-09-16 08:33:08+02,Disparue,0,5,M1841,Ingénieur informaticien / Ingénieure informaticienne,CDI,False,Bretagne,mlops
213TKXW,2026-09-14 12:08:21+02,2026-09-22 08:30:34+02,Disparue,8,11,M1414,Ingénieur statisticien / Ingénieure statisticienne,CDI,False,Bretagne,machine learning
213TLPT,2026-09-14 12:08:25+02,2026-09-16 08:33:07+02,Disparue,2,5,I1105,Responsable de maintenance et d'exploitation,CDI,False,Nouvelle-Aquitaine,devops
213TLVR,2026-09-14 12:08:21+02,2026-09-22 08:30:34+02,Disparue,8,11,M1889,Ingénieur / Ingénieure en Intelligence Artificielle (IA),CDI,False,Nouvelle-Aquitaine,machine learning
213TMNZ,2026-09-14 12:08:25+02,2026-09-16 08:33:07+02,Disparue,2,5,H1206,Ingénieur / Ingénieure R&D en industrie,CDI,False,Ile-de-France,devops
213TMQH,2026-09-14 12:08:25+02,2026-09-16 08:33:07+02,Disparue,2,5,M1805,Développeur / Développeuse informatique,CDD,False,Bretagne,devops
213TNTR,2026-09-14 12:08:25+02,2026-09-26 08:35:33+02,Disparue,12,15,M1827,Ingénieur / Ingénieure DevOps,CDI,False,Nouvelle-Aquitaine,devops
213TQFZ,2026-09-14 12:08:25+02,2026-09-16 08:33:07+02,Disparue,2,5,M1801,Administrateur / Administratrice de systèmes d'information (SI),CDI,False,Auvergne-Rhône-Alpes,devops
213TQGZ,2026-09-14 12:09:12+02,2026-09-26 08:35:45+02,Active,12,15,M1805,Développeur / Développeuse informatique,CDI,False,Occitanie,business analyst
213TQNJ,2026-09-14 12:08:19+02,2026-09-26 08:35:29+02,Disparue,12,15,M1419,Data analyst,CDI,False,Provence-Alpes-Côte d'Azur,data analyst
213TTBL,2026-09-14 12:09:12+02,2026-09-22 08:30:44+02,Disparue,8,10,G1302,Yield manager,CDD,False,Ile-de-France,business analyst
213TTRS,2026-09-20 21:30:23+02,2026-09-26 08:35:32+02,Disparue,6,14,M1502,Chargé / Chargée de recrutement,CDI,False,Ile-de-France,machine learning
6832944,2026-09-14 12:09:13+02,2026-09-21 06:00:15+02,Disparue,7,9,M1864,Product Owner,CDI,False,Ile-de-France,product owner
6845493,2026-09-14 12:08:20+02,2026-09-14 12:08:20+02,Disparue,0,2,M1860,Architecte cloud,LIB,False,Ile-de-France,data engineer
6845495,2026-09-14 12:08:21+02,2026-09-16 08:33:15+02,Disparue,2,4,M1889,Ingénieur / Ingénieure en Intelligence Artificielle (IA),LIB,False,Ile-de-France,product owner
6845496,2026-09-14 12:08:20+02,2026-09-16 08:33:06+02,Disparue,2,4,M1405,Data scientist,LIB,False,Hauts-de-France,machine learning
6845502,2026-09-14 12:08:19+02,2026-09-21 06:00:05+02,Disparue,7,9,M1806,Consultant fonctionnel / Consultante fonctionnelle des systèmes d'information,LIB,False,Centre-Val de Loire,data analyst
6845510,2026-09-14 12:09:12+02,2026-09-16 08:33:15+02,Disparue,2,4,M1806,Consultant fonctionnel / Consultante fonctionnelle des systèmes d'information,LIB,False,Ile-de-France,business analyst
6845530,2026-09-14 12:09:13+02,2026-09-22 08:30:45+02,Disparue,8,10,M1811,Data engineer,LIB,False,Ile-de-France,product owner
6845532,2026-09-14 12:09:13+02,2026-09-22 08:30:45+02,Disparue,8,10,M1879,Ingénieur / Ingénieure Cloud computing,LIB,False,Ile-de-France,product owner
6845534,2026-09-14 12:09:12+02,2026-09-16 08:33:15+02,Disparue,2,4,E1403,Consultant / Consultante média,LIB,False,Ile-de-France,business analyst
6845541,2026-09-14 12:09:13+02,2026-09-22 08:30:45+02,Disparue,8,10,M1811,Data engineer,LIB,False,Nouvelle-Aquitaine,product owner
6845522,2026-09-14 12:08:40+02,2026-09-26 08:35:36+02,Disparue,12,14,M1811,Data engineer,LIB,False,Nouvelle-Aquitaine,data engineer senior
6845544,2026-09-14 12:08:20+02,2026-09-26 08:35:43+02,Disparue,12,14,H1219,Responsable opérationnel / Responsable opérationnelle des études cliniques en industrie pharmaceutique,LIB,False,Ile-de-France,genai
6845555,2026-09-14 12:08:19+02,2026-09-22 08:30:31+02,Disparue,8,10,G1219,Recruteur sportif / Recruteuse sportive,LIB,False,Ile-de-France,data analyst
6845545,2026-09-14 12:09:12+02,2026-09-16 08:33:15+02,Disparue,2,4,E1206,UX - UI Designer,LIB,False,Ile-de-France,business analyst
6845571,2026-09-14 12:08:20+02,2026-09-26 08:35:36+02,Disparue,12,14,M1834,Administrateur / Administratrice de site internet,LIB,False,Ile-de-France,data engineer senior
6845564,2026-09-14 12:08:20+02,2026-09-14 12:08:20+02,Disparue,0,2,M1889,Ingénieur / Ingénieure en Intelligence Artificielle (IA),LIB,False,Ile-de-France,data engineer
6845513,2026-09-14 12:09:13+02,2026-09-22 08:30:45+02,Disparue,8,10,M1889,Ingénieur / Ingénieure en Intelligence Artificielle (IA),LIB,False,Ile-de-France,product owner
6845597,2026-09-14 12:09:00+02,2026-09-22 08:30:42+02,Disparue,8,10,M1889,Ingénieur / Ingénieure en Intelligence Artificielle (IA),LIB,False,Hauts-de-France,developpeur ia
6845598,2026-09-14 12:08:20+02,2026-09-16 08:33:05+02,Disparue,2,4,M1811,Data engineer,LIB,False,Hauts-de-France,data engineer
6845615,2026-09-14 12:09:12+02,2026-09-16 08:33:15+02,Disparue,2,4,M1806,Consultant fonctionnel / Consultante fonctionnelle des systèmes d'information,LIB,False,Ile-de-France,business analyst
6845633,2026-09-14 12:08:40+02,2026-09-22 08:30:38+02,Disparue,8,10,M1811,Data engineer,LIB,False,Ile-de-France,data engineer senior
6845578,2026-09-14 12:08:19+02,2026-09-22 08:30:31+02,Disparue,8,10,M1419,Data analyst,LIB,False,Ile-de-France,data analyst
6845617,2026-09-16 08:33:13+02,2026-09-16 08:33:13+02,Disparue,0,4,M1889,Ingénieur / Ingénieure en Intelligence Artificielle (IA),LIB,False,Ile-de-France,developpeur ia
6845623,2026-09-14 12:09:12+02,2026-09-16 08:33:15+02,Disparue,2,4,M1806,Consultant fonctionnel / Consultante fonctionnelle des systèmes d'information,LIB,False,Nouvelle-Aquitaine,business analyst
6845625,2026-09-14 12:09:12+02,2026-09-16 08:33:15+02,Disparue,2,4,E1403,Consultant / Consultante média,LIB,False,Ile-de-France,business analyst
6845631,2026-09-14 12:08:20+02,2026-09-14 12:08:21+02,Disparue,0,2,L1401,Sportif professionnel / Sportive professionnelle,LIB,False,Ile-de-France,machine learning
6845629,2026-09-14 12:09:13+02,2026-09-22 08:30:45+02,Disparue,8,10,M1811,Data engineer,LIB,False,Ile-de-France,product owner
6845587,2026-09-14 12:08:19+02,2026-09-22 08:30:31+02,Disparue,8,10,E1403,Consultant / Consultante média,LIB,False,Ile-de-France,data analyst
6845614,2026-09-14 12:09:13+02,2026-09-22 08:30:45+02,Disparue,8,10,M1207,Trésorier / Trésorière,LIB,False,Hauts-de-France,product owner
6845624,2026-09-14 12:09:12+02,2026-09-16 08:33:15+02,Disparue,2,4,M1821,Analyste d'application informatique,LIB,False,Hauts-de-France,business analyst
6845619,2026-09-14 12:08:21+02,2026-09-16 08:33:06+02,Disparue,2,4,K1732,Spécialiste des systèmes de communication opérationnels,LIB,False,Ile-de-France,machine learning
6845593,2026-09-14 12:08:20+02,2026-09-26 08:35:30+02,Disparue,12,14,M1851,Analyste décisionnel - Business Intelligence,LIB,False,Hauts-de-France,data scientist
6845635,2026-09-14 12:09:13+02,2026-09-22 08:30:45+02,Disparue,8,10,M1889,Ingénieur / Ingénieure en Intelligence Artificielle (IA),LIB,False,Ile-de-France,product owner
6845649,2026-09-14 12:09:12+02,2026-09-16 08:33:15+02,Disparue,2,4,M1806,Consultant fonctionnel / Consultante fonctionnelle des systèmes d'information,LIB,False,Hauts-de-France,business analyst
6845648,2026-09-14 12:08:20+02,2026-09-16 08:33:05+02,Disparue,2,4,M1811,Data engineer,CDI,False,Ile-de-France,data engineer
6845658,2026-09-14 12:09:12+02,2026-09-16 08:33:15+02,Disparue,2,4,M1821,Analyste d'application informatique,LIB,False,Hauts-de-France,business analyst
6845661,2026-09-14 12:08:20+02,2026-09-16 08:33:05+02,Disparue,2,4,M1851,Analyste décisionnel - Business Intelligence,LIB,False,Ile-de-France,data engineer
6845659,2026-09-14 12:08:21+02,2026-09-16 08:33:06+02,Disparue,2,4,M1886,Chef / Cheffe de projet Web,LIB,False,Ile-de-France,machine learning
6845656,2026-09-14 12:09:12+02,2026-09-16 08:33:15+02,Disparue,2,4,E1206,UX - UI Designer,LIB,False,Ile-de-France,business analyst
6845669,2026-09-14 12:08:20+02,2026-09-26 08:35:43+02,Disparue,12,14,M1889,Ingénieur / Ingénieure en Intelligence Artificielle (IA),LIB,False,Hauts-de-France,genai
6845674,2026-09-14 12:09:12+02,2026-09-16 08:33:15+02,Disparue,2,4,M1806,Consultant fonctionnel / Consultante fonctionnelle des systèmes d'information,LIB,False,Ile-de-France,business analyst
6845663,2026-09-14 12:08:20+02,2026-09-26 08:35:30+02,Disparue,12,14,M1851,Analyste décisionnel - Business Intelligence,LIB,False,Hauts-de-France,data scientist
6845677,2026-09-14 12:09:10+02,2026-09-26 08:35:44+02,Disparue,12,14,M1889,Ingénieur / Ingénieure en Intelligence Artificielle (IA),LIB,False,Ile-de-France,freelance data ia
6845660,2026-09-14 12:08:21+02,2026-09-16 08:33:06+02,Disparue,2,4,M1889,Ingénieur / Ingénieure en Intelligence Artificielle (IA),LIB,False,Ile-de-France,machine learning
6845690,2026-09-14 12:09:00+02,2026-09-22 08:30:42+02,Disparue,8,10,M1889,Ingénieur / Ingénieure en Intelligence Artificielle (IA),CDI,False,Ile-de-France,developpeur ia
6845703,2026-09-14 12:08:20+02,2026-09-16 08:33:05+02,Disparue,2,4,M1811,Data engineer,LIB,False,Ile-de-France,data engineer
6845708,2026-09-14 12:08:20+02,2026-09-16 08:33:06+02,Disparue,2,4,M1851,Analyste décisionnel - Business Intelligence,LIB,False,Hauts-de-France,machine learning
6845733,2026-09-14 12:08:20+02,2026-09-26 08:35:30+02,Disparue,12,14,M1405,Data scientist,CDI,False,Auvergne-Rhône-Alpes,data scientist
6845838,2026-09-14 12:08:20+02,2026-09-21 06:00:05+02,Disparue,7,9,M1405,Data scientist,MIS,False,Ile-de-France,data scientist
6846009,2026-09-14 12:09:12+02,2026-09-16 08:33:15+02,Disparue,2,4,M1871,Gestionnaire d'applications système d'information,CDI,False,Hauts-de-France,business analyst
6846062,2026-09-14 12:09:12+02,2026-09-16 08:33:15+02,Disparue,2,4,M1419,Data analyst,LIB,False,Ile-de-France,business analyst
6846100,2026-09-14 12:09:13+02,2026-09-16 08:33:15+02,Disparue,2,4,M1864,Product Owner,CDI,False,Nouvelle-Aquitaine,product owner
6846150,2026-09-14 12:08:32+02,2026-09-26 08:35:34+02,Disparue,12,14,M1802,Expert / Experte systèmes et réseaux informatiques,CDI,False,Provence-Alpes-Côte d'Azur,dataops
6846218,2026-09-14 12:08:19+02,2026-09-22 08:30:31+02,Disparue,8,10,M1419,Data analyst,CDI,False,Auvergne-Rhône-Alpes,data analyst
6846288,2026-09-14 12:08:20+02,2026-09-16 08:33:05+02,Disparue,2,4,M1868,Architecte base de données,CDI,False,Auvergne-Rhône-Alpes,data engineer
6846853,2026-09-14 12:08:20+02,2026-09-16 08:33:05+02,Disparue,2,4,M1852,Analyste d'étude informatique,CDI,False,Occitanie,data engineer
6846865,2026-09-14 12:09:13+02,2026-09-22 08:30:45+02,Disparue,8,10,M1889,Ingénieur / Ingénieure en Intelligence Artificielle (IA),MIS,False,Ile-de-France,product owner
6846861,2026-09-14 12:08:20+02,2026-09-16 08:33:05+02,Disparue,2,4,M1811,Data engineer,MIS,False,Occitanie,data engineer
6846888,2026-09-14 12:08:19+02,2026-09-22 08:30:31+02,Disparue,8,10,M1811,Data engineer,MIS,False,Ile-de-France,data analyst
6846971,2026-09-14 12:09:13+02,2026-09-16 08:33:15+02,Disparue,2,4,K1903,Juriste,CDI,False,Grand Est,product owner
6847077,2026-09-14 12:08:19+02,2026-09-16 08:33:04+02,Disparue,2,4,M1419,Data analyst,CDI,False,Ile-de-France,data analyst
6847926,2026-09-14 12:09:13+02,2026-09-22 08:30:45+02,Disparue,8,10,M1704,Responsable service clients,CDD,True,Ile-de-France,product owner
6848564,2026-09-14 12:08:20+02,2026-09-14 12:08:20+02,Disparue,0,2,M1882,Architecte sécurité informatique,CDI,False,Ile-de-France,data engineer
6849667,2026-09-14 12:08:20+02,2026-09-14 12:08:20+02,Disparue,0,2,M1811,Data engineer,CDI,False,Occitanie,data engineer
6849711,2026-09-14 12:08:20+02,2026-09-14 12:08:21+02,Disparue,0,2,M1405,Data scientist,CDI,False,Hauts-de-France,machine learning
6849722,2026-09-14 12:09:12+02,2026-09-16 08:33:15+02,Disparue,2,4,I1101,Directeur / Directrice de la gestion technique des bâtiments,CDI,False,Bretagne,business analyst
6849738,2026-09-14 12:08:40+02,2026-09-16 08:33:10+02,Disparue,2,4,M1811,Data engineer,CDI,False,Ile-de-France,data engineer senior
6849744,2026-09-14 12:09:12+02,2026-09-16 08:33:15+02,Disparue,2,4,M1856,Expert / Experte en cybersécurité,CDI,False,Grand Est,business analyst
6849746,2026-09-14 12:08:29+02,2026-09-16 08:33:08+02,Disparue,2,4,M1429,Consultant / Consultante en management,CDI,False,Ile-de-France,mlops
6849740,2026-09-14 12:08:20+02,2026-09-16 08:33:10+02,Disparue,2,4,M1811,Data engineer,CDI,False,Ile-de-France,data engineer senior
6849758,2026-09-14 12:08:19+02,2026-09-16 08:33:04+02,Disparue,2,4,M1419,Data analyst,CDI,False,Grand Est,data analyst
6856207,2026-09-14 12:09:12+02,2026-09-16 08:33:15+02,Disparue,2,3,H1206,Ingénieur / Ingénieure R&D en industrie,LIB,False,Ile-de-France,business analyst
6856579,2026-09-14 12:08:20+02,2026-09-16 08:33:10+02,Disparue,2,3,M1405,Data scientist,CDI,False,Ile-de-France,data scientist senior
6858560,2026-09-14 12:09:00+02,2026-09-16 08:33:13+02,Disparue,2,3,M1889,Ingénieur / Ingénieure en Intelligence Artificielle (IA),CDI,False,Grand Est,developpeur ia
6858639,2026-09-14 12:09:12+02,2026-09-16 08:33:15+02,Disparue,2,3,M1806,Consultant fonctionnel / Consultante fonctionnelle des systèmes d'information,CDI,False,Grand Est,business analyst
213TWPD,2026-09-14 12:09:12+02,2026-09-26 08:35:45+02,Active,12,12,M1806,Consultant fonctionnel / Consultante fonctionnelle des systèmes d'information,CDI,False,Ile-de-France,business analyst
213TWPN,2026-09-14 12:08:25+02,2026-09-26 08:35:45+02,Active,12,12,M1806,Consultant fonctionnel / Consultante fonctionnelle des systèmes d'information,CDI,False,Ile-de-France,business analyst
6860448,2026-09-14 12:08:19+02,2026-09-22 08:30:31+02,Disparue,8,8,M1419,Data analyst,CDI,False,Ile-de-France,data analyst
6860449,2026-09-14 12:08:19+02,2026-09-22 08:30:31+02,Disparue,8,8,M1419,Data analyst,CDI,False,Ile-de-France,data analyst
6862701,2026-09-14 12:09:12+02,2026-09-16 08:33:15+02,Disparue,2,2,M1806,Consultant fonctionnel / Consultante fonctionnelle des systèmes d'information,LIB,False,Ile-de-France,business analyst
6862709,2026-09-14 12:08:20+02,2026-09-16 08:33:10+02,Disparue,2,2,M1854,Chef / Cheffe de projet réseau fixe et mobile,LIB,False,Ile-de-France,data engineer senior
213VGNP,2026-09-14 12:08:19+02,2026-09-26 08:35:29+02,Disparue,12,12,M1419,Data analyst,CDI,False,Ile-de-France,data analyst
6863137,2026-09-14 12:09:13+02,2026-09-22 08:30:45+02,Disparue,8,8,M1864,Product Owner,CDD,True,Ile-de-France,product owner
213VHQM,2026-09-14 12:08:20+02,2026-09-22 08:30:33+02,Disparue,8,8,M1811,Data engineer,CDI,False,Occitanie,data engineer
213VJJB,2026-09-16 08:33:05+02,2026-09-16 08:33:05+02,Disparue,0,2,M1811,Data engineer,CDI,False,Auvergne-Rhône-Alpes,data engineer
213VJWG,2026-09-14 12:08:25+02,2026-09-26 08:35:33+02,Disparue,12,12,M1827,Ingénieur / Ingénieure DevOps,CDI,False,Provence-Alpes-Côte d'Azur,devops
213VJXT,2026-09-14 12:08:19+02,2026-09-26 08:35:29+02,Disparue,12,12,M1419,Data analyst,CDI,False,Provence-Alpes-Côte d'Azur,data analyst
213VKSB,2026-09-14 12:08:19+02,2026-09-26 08:35:29+02,Disparue,12,12,M1419,Data analyst,CDD,False,La Réunion,data analyst
213VKSV,2026-09-14 12:08:25+02,2026-09-16 08:33:07+02,Disparue,2,2,M1861,Développeur / Développeuse logiciel ou d'application,CDI,False,Bretagne,devops
213VLGM,2026-09-16 08:33:07+02,2026-09-26 08:35:33+02,Disparue,10,12,M1827,Ingénieur / Ingénieure DevOps,CDI,False,Occitanie,devops
213VLZH,2026-09-16 08:33:06+02,2026-09-16 08:33:06+02,Disparue,0,2,M1889,Ingénieur / Ingénieure en Intelligence Artificielle (IA),CDI,False,Ile-de-France,machine learning
213VNQD,2026-09-20 21:30:22+02,2026-09-26 08:35:32+02,Disparue,6,12,M1889,Ingénieur / Ingénieure en Intelligence Artificielle (IA),CDI,False,Auvergne-Rhône-Alpes,machine learning
213VQYQ,2026-09-16 08:33:15+02,2026-09-25 08:37:47+02,Disparue,9,11,M1806,Consultant fonctionnel / Consultante fonctionnelle des systèmes d'information,CDI,False,Ile-de-France,business analyst
213VRGQ,2026-09-16 08:33:05+02,2026-09-25 08:37:21+02,Disparue,9,11,M1811,Data engineer,CDI,False,Ile-de-France,data engineer
213VTXZ,2026-09-16 08:33:06+02,2026-09-25 08:37:22+02,Disparue,9,11,M1873,Spécialiste IA embarquée,CDI,False,Centre-Val de Loire,machine learning
213VYRW,2026-09-16 08:33:07+02,2026-09-26 08:35:33+02,Disparue,10,12,M1827,Ingénieur / Ingénieure DevOps,CDI,False,Pays de la Loire,devops
213WDCG,2026-09-16 08:33:05+02,2026-09-21 06:00:06+02,Disparue,5,7,M1811,Data engineer,MIS,False,Nouvelle-Aquitaine,data engineer
213WFNN,2026-09-16 08:33:13+02,2026-09-26 08:35:43+02,Disparue,10,12,M1889,Ingénieur / Ingénieure en Intelligence Artificielle (IA),CDI,False,Centre-Val de Loire,genai
213WFNZ,2026-09-16 08:33:07+02,2026-09-16 08:33:07+02,Disparue,0,2,M1827,Ingénieur / Ingénieure DevOps,CDI,False,Ile-de-France,devops
6865207,2026-09-16 08:33:10+02,2026-09-26 08:35:36+02,Disparue,10,12,M1811,Data engineer,CDI,False,Ile-de-France,data engineer senior
213WHCT,2026-09-16 08:33:07+02,2026-09-26 08:35:33+02,Disparue,10,12,M1827,Ingénieur / Ingénieure DevOps,CDI,False,Pays de la Loire,devops
213WHCX,2026-09-16 08:33:07+02,2026-09-26 08:35:33+02,Disparue,10,12,M1827,Ingénieur / Ingénieure DevOps,CDI,False,Bretagne,devops
6865540,2026-09-16 08:33:15+02,2026-09-16 08:33:15+02,Disparue,0,2,M1806,Consultant fonctionnel / Consultante fonctionnelle des systèmes d'information,CDI,False,Bretagne,business analyst
213WKKD,2026-09-16 08:33:04+02,2026-09-26 08:35:39+02,Disparue,10,11,M1405,Data scientist,CDI,False,Ile-de-France,data scientist junior
213WKTP,2026-09-16 08:33:07+02,2026-09-26 08:35:33+02,Disparue,10,11,M1802,Expert / Experte systèmes et réseaux informatiques,CDI,False,Guyane,devops
213WLDM,2026-09-20 21:30:22+02,2026-09-26 08:35:31+02,Disparue,6,11,M1811,Data engineer,CDI,False,Collectivités d'outre-mer,data engineer
6881891,2026-09-16 08:33:15+02,2026-09-22 08:30:45+02,Disparue,6,7,M1864,Product Owner,CDI,False,Ile-de-France,product owner
6881932,2026-09-16 08:33:15+02,2026-09-22 08:30:45+02,Disparue,6,7,M1864,Product Owner,CDI,False,Ile-de-France,product owner
6881935,2026-09-16 08:33:04+02,2026-09-22 08:30:31+02,Disparue,6,7,M1419,Data analyst,CDI,False,Ile-de-France,data analyst
6881944,2026-09-16 08:33:15+02,2026-09-22 08:30:45+02,Disparue,6,7,M1864,Product Owner,CDI,False,Ile-de-France,product owner
6881952,2026-09-16 08:33:15+02,2026-09-16 08:33:15+02,Disparue,0,1,M1806,Consultant fonctionnel / Consultante fonctionnelle des systèmes d'information,CDI,False,Hauts-de-France,business analyst
6882311,2026-09-16 08:33:13+02,2026-09-16 08:33:13+02,Disparue,0,1,M1889,Ingénieur / Ingénieure en Intelligence Artificielle (IA),CDI,False,Ile-de-France,developpeur ia
6882513,2026-09-16 08:33:15+02,2026-09-16 08:33:15+02,Disparue,0,1,M1806,Consultant fonctionnel / Consultante fonctionnelle des systèmes d'information,CDI,False,Ile-de-France,business analyst
6882544,2026-09-16 08:33:15+02,2026-09-16 08:33:15+02,Disparue,0,1,M1806,Consultant fonctionnel / Consultante fonctionnelle des systèmes d'information,CDI,False,Ile-de-France,business analyst
6882558,2026-09-16 08:33:15+02,2026-09-22 08:30:45+02,Disparue,6,7,M1864,Product Owner,CDI,False,Pays de la Loire,product owner
6882572,2026-09-16 08:33:04+02,2026-09-22 08:30:31+02,Disparue,6,7,M1419,Data analyst,CDI,False,Ile-de-France,data analyst
6882573,2026-09-16 08:33:15+02,2026-09-16 08:33:15+02,Disparue,0,1,M1806,Consultant fonctionnel / Consultante fonctionnelle des systèmes d'information,CDI,False,Ile-de-France,business analyst
6882580,2026-09-16 08:33:04+02,2026-09-22 08:30:31+02,Disparue,6,7,M1419,Data analyst,CDI,False,Provence-Alpes-Côte d'Azur,data analyst
6882597,2026-09-16 08:33:15+02,2026-09-16 08:33:15+02,Disparue,0,1,M1806,Consultant fonctionnel / Consultante fonctionnelle des systèmes d'information,CDI,False,Ile-de-France,business analyst
6882613,2026-09-16 08:33:05+02,2026-09-16 08:33:05+02,Disparue,0,1,M1811,Data engineer,CDI,False,Ile-de-France,data engineer
6882609,2026-09-16 08:33:04+02,2026-09-22 08:30:31+02,Disparue,6,7,M1419,Data analyst,CDI,False,Ile-de-France,data analyst
6882712,2026-09-16 08:33:15+02,2026-09-22 08:30:45+02,Disparue,6,7,M1864,Product Owner,CDI,False,Ile-de-France,product owner
6882720,2026-09-16 08:33:15+02,2026-09-16 08:33:15+02,Disparue,0,1,M1806,Consultant fonctionnel / Consultante fonctionnelle des systèmes d'information,CDI,False,Ile-de-France,business analyst
6882742,2026-09-16 08:33:15+02,2026-09-16 08:33:15+02,Disparue,0,1,M1806,Consultant fonctionnel / Consultante fonctionnelle des systèmes d'information,CDI,False,Ile-de-France,business analyst
6882757,2026-09-16 08:33:13+02,2026-09-26 08:35:41+02,Disparue,10,11,M1861,Développeur / Développeuse logiciel ou d'application,CDI,False,Ile-de-France,developpeur ia
6882763,2026-09-16 08:33:04+02,2026-09-22 08:30:31+02,Disparue,6,7,M1419,Data analyst,CDI,False,Ile-de-France,data analyst
6882773,2026-09-16 08:33:04+02,2026-09-22 08:30:31+02,Disparue,6,7,M1419,Data analyst,CDI,False,Ile-de-France,data analyst
6884108,2026-09-16 08:33:04+02,2026-09-22 08:30:31+02,Disparue,6,7,M1419,Data analyst,CDI,False,Ile-de-France,data analyst
6884307,2026-09-16 08:33:04+02,2026-09-26 08:35:30+02,Disparue,10,11,M1405,Data scientist,CDI,False,Hauts-de-France,data scientist
6884526,2026-09-16 08:33:06+02,2026-09-16 08:33:06+02,Disparue,0,1,M1889,Ingénieur / Ingénieure en Intelligence Artificielle (IA),CDI,False,Hauts-de-France,machine learning
6884524,2026-09-16 08:33:15+02,2026-09-22 08:30:45+02,Disparue,6,7,M1864,Product Owner,CDI,False,Ile-de-France,product owner
6884528,2026-09-16 08:33:04+02,2026-09-26 08:35:30+02,Disparue,10,11,M1405,Data scientist,CDI,False,Ile-de-France,data scientist
6885037,2026-09-16 08:33:15+02,2026-09-16 08:33:15+02,Disparue,0,1,M1806,Consultant fonctionnel / Consultante fonctionnelle des systèmes d'information,CDI,False,Bretagne,business analyst
6885033,2026-09-16 08:33:15+02,2026-09-16 08:33:15+02,Disparue,0,1,M1806,Consultant fonctionnel / Consultante fonctionnelle des systèmes d'information,CDI,False,Pays de la Loire,business analyst
6885042,2026-09-16 08:33:15+02,2026-09-16 08:33:15+02,Disparue,0,1,M1806,Consultant fonctionnel / Consultante fonctionnelle des systèmes d'information,CDI,False,Bretagne,business analyst
6885046,2026-09-16 08:33:15+02,2026-09-16 08:33:15+02,Disparue,0,1,M1806,Consultant fonctionnel / Consultante fonctionnelle des systèmes d'information,CDI,False,Bretagne,business analyst
6885052,2026-09-16 08:33:15+02,2026-09-16 08:33:15+02,Disparue,0,1,M1806,Consultant fonctionnel / Consultante fonctionnelle des systèmes d'information,CDI,False,Pays de la Loire,business analyst
6885056,2026-09-16 08:33:15+02,2026-09-16 08:33:15+02,Disparue,0,1,M1806,Consultant fonctionnel / Consultante fonctionnelle des systèmes d'information,CDI,False,Bretagne,business analyst
6885062,2026-09-16 08:33:15+02,2026-09-16 08:33:15+02,Disparue,0,1,M1806,Consultant fonctionnel / Consultante fonctionnelle des systèmes d'information,CDI,False,Pays de la Loire,business analyst
6885099,2026-09-16 08:33:04+02,2026-09-16 08:33:04+02,Disparue,0,1,M1419,Data analyst,CDI,False,Nouvelle-Aquitaine,data analyst
6885128,2026-09-16 08:33:15+02,2026-09-16 08:33:15+02,Disparue,0,1,M1806,Consultant fonctionnel / Consultante fonctionnelle des systèmes d'information,CDI,False,Bretagne,business analyst
213WPWC,2026-09-16 08:33:04+02,2026-09-16 08:33:04+02,Disparue,0,1,M1419,Data analyst,CDI,False,Hauts-de-France,data analyst
6886526,2026-09-16 08:33:15+02,2026-09-16 08:33:15+02,Disparue,0,1,M1806,Consultant fonctionnel / Consultante fonctionnelle des systèmes d'information,CDI,False,Nouvelle-Aquitaine,business analyst
6886533,2026-09-16 08:33:15+02,2026-09-16 08:33:15+02,Disparue,0,1,M1806,Consultant fonctionnel / Consultante fonctionnelle des systèmes d'information,CDI,False,Pays de la Loire,business analyst
6886549,2026-09-16 08:33:15+02,2026-09-22 08:30:45+02,Disparue,6,7,M1864,Product Owner,CDI,False,Occitanie,product owner
6886540,2026-09-16 08:33:15+02,2026-09-16 08:33:15+02,Disparue,0,1,M1806,Consultant fonctionnel / Consultante fonctionnelle des systèmes d'information,CDI,False,Pays de la Loire,business analyst
6893112,2026-09-16 08:33:04+02,2026-09-22 08:30:32+02,Disparue,6,7,M1405,Data scientist,MIS,False,Ile-de-France,data scientist
6893129,2026-09-16 08:33:15+02,2026-09-22 08:30:45+02,Disparue,6,7,M1864,Product Owner,CDI,False,Auvergne-Rhône-Alpes,product owner
6893133,2026-09-16 08:33:15+02,2026-09-16 08:33:15+02,Disparue,0,1,M1806,Consultant fonctionnel / Consultante fonctionnelle des systèmes d'information,CDI,False,Auvergne-Rhône-Alpes,business analyst
6894326,2026-09-16 08:33:15+02,2026-09-16 08:33:15+02,Disparue,0,1,M1806,Consultant fonctionnel / Consultante fonctionnelle des systèmes d'information,CDI,False,Hauts-de-France,business analyst
213WQVG,2026-09-16 08:33:07+02,2026-09-26 08:35:33+02,Disparue,10,11,M1827,Ingénieur / Ingénieure DevOps,CDI,False,Ile-de-France,devops
6894916,2026-09-16 08:33:15+02,2026-09-16 08:33:15+02,Disparue,0,1,C1209,Spécialiste de la vérification client,CDI,False,Provence-Alpes-Côte d'Azur,business analyst
6894923,2026-09-16 08:33:15+02,2026-09-16 08:33:15+02,Disparue,0,1,H1218,Responsable de projet recherche et développement,LIB,False,Hauts-de-France,product owner
6894970,2026-09-16 08:33:15+02,2026-09-22 08:30:45+02,Disparue,6,7,K1732,Spécialiste des systèmes de communication opérationnels,LIB,False,Ile-de-France,product owner
6894993,2026-09-16 08:33:15+02,2026-09-16 08:33:15+02,Disparue,0,1,M1854,Chef / Cheffe de projet réseau fixe et mobile,LIB,False,Centre-Val de Loire,product owner
6894988,2026-09-16 08:33:05+02,2026-09-16 08:33:05+02,Disparue,0,1,K1732,Spécialiste des systèmes de communication opérationnels,LIB,False,Occitanie,data engineer
6894984,2026-09-16 08:33:13+02,2026-09-26 08:35:41+02,Disparue,10,11,K1732,Spécialiste des systèmes de communication opérationnels,LIB,False,Ile-de-France,developpeur ia
6895008,2026-09-16 08:33:13+02,2026-09-26 08:35:41+02,Disparue,10,11,H1218,Responsable de projet recherche et développement,LIB,False,Ile-de-France,developpeur ia
6895021,2026-09-16 08:33:13+02,2026-09-16 08:33:13+02,Disparue,0,1,M1839,Architecte systèmes et réseaux,LIB,False,Ile-de-France,genai
6895020,2026-09-16 08:33:05+02,2026-09-26 08:35:36+02,Disparue,10,11,H1218,Responsable de projet recherche et développement,LIB,False,Ile-de-France,data engineer senior
6895037,2026-09-16 08:33:15+02,2026-09-22 08:30:45+02,Disparue,6,7,K1732,Spécialiste des systèmes de communication opérationnels,LIB,False,Ile-de-France,product owner
6895040,2026-09-16 08:33:15+02,2026-09-22 08:30:45+02,Disparue,6,7,K1732,Spécialiste des systèmes de communication opérationnels,LIB,False,Ile-de-France,product owner
6895062,2026-09-16 08:33:15+02,2026-09-22 08:30:45+02,Disparue,6,7,H1218,Responsable de projet recherche et développement,CDI,False,Centre-Val de Loire,product owner
6895045,2026-09-16 08:33:15+02,2026-09-22 08:30:45+02,Disparue,6,7,H1218,Responsable de projet recherche et développement,LIB,False,Hauts-de-France,product owner
6895068,2026-09-16 08:33:04+02,2026-09-26 08:35:35+02,Disparue,10,11,M1858,Chef / Cheffe de projet TMA - Tierce Maintenance Applicative,LIB,False,Ile-de-France,data analyst senior
6895089,2026-09-16 08:33:06+02,2026-09-16 08:33:06+02,Disparue,0,1,M1854,Chef / Cheffe de projet réseau fixe et mobile,CDI,False,Ile-de-France,machine learning
6895083,2026-09-16 08:33:15+02,2026-09-16 08:33:15+02,Disparue,0,1,M1620,Assistant / Assistante marketing,LIB,False,Provence-Alpes-Côte d'Azur,business analyst
6895104,2026-09-16 08:33:05+02,2026-09-16 08:33:05+02,Disparue,0,1,M1434,Développeur / Développeuse d'audience,CDI,False,Ile-de-France,data engineer
6895079,2026-09-16 08:33:15+02,2026-09-22 08:30:45+02,Disparue,6,7,H1218,Responsable de projet recherche et développement,CDI,False,Centre-Val de Loire,product owner
6895101,2026-09-16 08:33:15+02,2026-09-16 08:33:15+02,Disparue,0,1,C1120,Conseiller / Conseillère en études actuarielles,LIB,False,Ile-de-France,business analyst
6895125,2026-09-16 08:33:15+02,2026-09-16 08:33:15+02,Disparue,0,1,H1218,Responsable de projet recherche et développement,LIB,False,Ile-de-France,product owner
6895126,2026-09-16 08:33:15+02,2026-09-16 08:33:15+02,Disparue,0,1,K1732,Spécialiste des systèmes de communication opérationnels,LIB,False,Ile-de-France,product owner
6895115,2026-09-16 08:33:05+02,2026-09-16 08:33:05+02,Disparue,0,1,M1854,Chef / Cheffe de projet réseau fixe et mobile,LIB,False,Ile-de-France,data engineer
6895156,2026-09-16 08:33:15+02,2026-09-16 08:33:15+02,Disparue,0,1,E1206,UX - UI Designer,LIB,False,Ile-de-France,business analyst
6895160,2026-09-16 08:33:04+02,2026-09-16 08:33:04+02,Disparue,0,1,M1419,Data analyst,LIB,False,Ile-de-France,data analyst
6895162,2026-09-16 08:33:15+02,2026-09-16 08:33:15+02,Disparue,0,1,H1218,Responsable de projet recherche et développement,LIB,False,Bretagne,product owner
6895148,2026-09-16 08:33:15+02,2026-09-21 06:00:15+02,Disparue,5,6,E1206,UX - UI Designer,LIB,False,Ile-de-France,business analyst
6895159,2026-09-16 08:33:06+02,2026-09-16 08:33:06+02,Disparue,0,1,H1210,Technicien / Technicienne R&D,LIB,False,Ile-de-France,machine learning
6895179,2026-09-16 08:33:15+02,2026-09-21 06:00:15+02,Disparue,5,6,M1864,Product Owner,CDI,False,Auvergne-Rhône-Alpes,product owner
6895180,2026-09-16 08:33:15+02,2026-09-22 08:30:45+02,Disparue,6,7,K1732,Spécialiste des systèmes de communication opérationnels,LIB,False,Ile-de-France,product owner
6895181,2026-09-16 08:33:15+02,2026-09-22 08:30:45+02,Disparue,6,7,H1218,Responsable de projet recherche et développement,LIB,False,Ile-de-France,product owner
6895191,2026-09-16 08:33:15+02,2026-09-22 08:30:45+02,Disparue,6,7,M1864,Product Owner,LIB,False,Hauts-de-France,product owner
6895190,2026-09-16 08:33:06+02,2026-09-16 08:33:06+02,Disparue,0,1,M1880,Spécialiste e-santé,CDI,False,Ile-de-France,ml
6895194,2026-09-16 08:33:05+02,2026-09-16 08:33:05+02,Disparue,0,1,M1811,Data engineer,LIB,False,Ile-de-France,data engineer
6895208,2026-09-16 08:33:15+02,2026-09-22 08:30:45+02,Disparue,6,7,D1406,Directeur / Directrice des ventes,LIB,False,Ile-de-France,product owner
6895206,2026-09-16 08:33:15+02,2026-09-21 06:00:15+02,Disparue,5,6,M1201,Analyste financier / Analyste financière,LIB,False,Hauts-de-France,business analyst
6895202,2026-09-16 08:33:04+02,2026-09-22 08:30:31+02,Disparue,6,7,M1811,Data engineer,CDI,False,Ile-de-France,data analyst
6895197,2026-09-16 08:33:15+02,2026-09-21 06:00:15+02,Disparue,5,6,M1806,Consultant fonctionnel / Consultante fonctionnelle des systèmes d'information,LIB,False,Ile-de-France,business analyst
6895211,2026-09-16 08:33:06+02,2026-09-16 08:33:06+02,Disparue,0,1,M1889,Ingénieur / Ingénieure en Intelligence Artificielle (IA),LIB,False,Ile-de-France,machine learning
6895233,2026-09-16 08:33:04+02,2026-09-16 08:33:06+02,Disparue,0,1,M1851,Analyste décisionnel - Business Intelligence,LIB,False,Ile-de-France,machine learning
6895237,2026-09-16 08:33:15+02,2026-09-16 08:33:15+02,Disparue,0,1,M1806,Consultant fonctionnel / Consultante fonctionnelle des systèmes d'information,LIB,False,Hauts-de-France,business analyst
6895238,2026-09-16 08:33:15+02,2026-09-21 06:00:15+02,Disparue,5,6,M1806,Consultant fonctionnel / Consultante fonctionnelle des systèmes d'information,CDI,False,Auvergne-Rhône-Alpes,business analyst
6895244,2026-09-16 08:33:05+02,2026-09-16 08:33:05+02,Disparue,0,1,M1811,Data engineer,LIB,False,Ile-de-France,data engineer
6895227,2026-09-16 08:33:05+02,2026-09-26 08:35:36+02,Disparue,10,11,M1811,Data engineer,LIB,False,Ile-de-France,data engineer senior
6895257,2026-09-16 08:33:04+02,2026-09-16 08:33:04+02,Disparue,0,1,M1419,Data analyst,CDI,False,Auvergne-Rhône-Alpes,data analyst
6895254,2026-09-16 08:33:15+02,2026-09-22 08:30:45+02,Disparue,6,7,M1835,Architecte systèmes et réseaux des territoires connectés,LIB,False,Hauts-de-France,product owner
6895247,2026-09-16 08:33:04+02,2026-09-22 08:30:31+02,Disparue,6,7,C1202,Analyste de crédits et risques bancaires,LIB,False,Ile-de-France,data analyst
6895230,2026-09-16 08:33:05+02,2026-09-16 08:33:05+02,Disparue,0,1,M1811,Data engineer,LIB,False,Hauts-de-France,data engineer
6895255,2026-09-16 08:33:05+02,2026-09-16 08:33:05+02,Disparue,0,1,M1811,Data engineer,LIB,False,Ile-de-France,data engineer
6895241,2026-09-16 08:33:05+02,2026-09-16 08:33:10+02,Disparue,0,1,M1811,Data engineer,LIB,False,Ile-de-France,data engineer senior
6895266,2026-09-16 08:33:04+02,2026-09-26 08:35:39+02,Disparue,10,11,M1811,Data engineer,LIB,False,Ile-de-France,data scientist senior
6895269,2026-09-16 08:33:05+02,2026-09-16 08:33:05+02,Disparue,0,1,M1811,Data engineer,LIB,False,Ile-de-France,data engineer
6895272,2026-09-16 08:33:05+02,2026-09-16 08:33:05+02,Disparue,0,1,M1811,Data engineer,CDI,False,Ile-de-France,data engineer
6895281,2026-09-16 08:33:05+02,2026-09-26 08:35:36+02,Disparue,10,11,H1218,Responsable de projet recherche et développement,LIB,False,Nouvelle-Aquitaine,data engineer senior
6895288,2026-09-16 08:33:06+02,2026-09-16 08:33:06+02,Disparue,0,1,M1811,Data engineer,LIB,False,Bretagne,machine learning
6895305,2026-09-16 08:33:05+02,2026-09-16 08:33:05+02,Disparue,0,1,M1812,Responsable de la Sécurité des Systèmes d'Information (RSSI),LIB,False,Ile-de-France,data engineer
6895312,2026-09-16 08:33:15+02,2026-09-21 06:00:15+02,Disparue,5,6,M1806,Consultant fonctionnel / Consultante fonctionnelle des systèmes d'information,LIB,False,Nouvelle-Aquitaine,business analyst
6895303,2026-09-16 08:33:15+02,2026-09-25 08:37:49+02,Disparue,9,10,H1218,Responsable de projet recherche et développement,CDI,False,Ile-de-France,product owner
6895328,2026-09-16 08:33:15+02,2026-09-25 08:37:49+02,Disparue,9,10,H1406,Ingénieur / Ingénieure supply chain en industrie,LIB,False,Hauts-de-France,product owner
6895337,2026-09-16 08:33:15+02,2026-09-25 08:37:49+02,Disparue,9,10,H1218,Responsable de projet recherche et développement,LIB,False,Ile-de-France,product owner
6895332,2026-09-16 08:33:06+02,2026-09-26 08:35:34+02,Disparue,10,11,M1860,Architecte cloud,LIB,False,Ile-de-France,mlops
6895327,2026-09-16 08:33:13+02,2026-09-22 08:30:42+02,Disparue,6,7,M1889,Ingénieur / Ingénieure en Intelligence Artificielle (IA),LIB,False,Ile-de-France,developpeur ia
6895346,2026-09-16 08:33:15+02,2026-09-25 08:37:49+02,Disparue,9,10,M1828,Chef de projet / Cheffe de projet (Project Management Officer),LIB,False,Hauts-de-France,product owner
6895310,2026-09-16 08:33:05+02,2026-09-16 08:33:05+02,Disparue,0,1,F1125,BIM Manager,LIB,False,Occitanie,data engineer
6895342,2026-09-16 08:33:04+02,2026-09-22 08:30:31+02,Disparue,6,7,M1811,Data engineer,LIB,False,Ile-de-France,data analyst
6895345,2026-09-16 08:33:04+02,2026-09-16 08:33:04+02,Disparue,0,1,M1405,Data scientist,LIB,False,Ile-de-France,data scientist
6895300,2026-09-16 08:33:15+02,2026-09-21 06:00:15+02,Disparue,5,6,M1806,Consultant fonctionnel / Consultante fonctionnelle des systèmes d'information,LIB,False,Ile-de-France,business analyst
213WQYF,2026-09-16 08:33:07+02,2026-09-26 08:35:33+02,Disparue,10,11,M1827,Ingénieur / Ingénieure DevOps,CDI,False,Provence-Alpes-Côte d'Azur,devops
213WSHL,2026-09-16 08:33:05+02,2026-09-26 08:35:32+02,Disparue,10,11,M1811,Data engineer,CDI,False,Provence-Alpes-Côte d'Azur,machine learning
213WSQS,2026-09-16 08:33:06+02,2026-09-26 08:35:32+02,Disparue,10,11,M1889,Ingénieur / Ingénieure en Intelligence Artificielle (IA),CDI,False,Provence-Alpes-Côte d'Azur,machine learning
213WVXK,2026-09-16 08:33:05+02,2026-09-22 08:30:33+02,Disparue,6,7,M1811,Data engineer,CDI,False,Ile-de-France,data engineer
6895539,2026-09-16 08:33:04+02,2026-09-22 08:30:31+02,Disparue,6,7,M1419,Data analyst,CDI,False,Ile-de-France,data analyst
6895576,2026-09-16 08:33:05+02,2026-09-16 08:33:05+02,Disparue,0,1,M1868,Architecte base de données,CDI,False,Ile-de-France,data engineer
6895870,2026-09-16 08:33:15+02,2026-09-16 08:33:15+02,Disparue,0,1,M1419,Data analyst,CDI,False,Hauts-de-France,business analyst
213WXYS,2026-09-16 08:33:07+02,2026-09-21 06:00:08+02,Disparue,5,6,M1873,Spécialiste IA embarquée,CDI,False,Auvergne-Rhône-Alpes,devops
213WYDH,2026-09-16 08:33:07+02,2026-09-26 08:35:33+02,Disparue,10,11,M1827,Ingénieur / Ingénieure DevOps,CDI,False,Provence-Alpes-Côte d'Azur,devops
213WYMT,2026-09-16 08:33:07+02,2026-09-21 06:00:08+02,Disparue,5,6,M1810,Technicien / Technicienne d'exploitation informatique,CDI,False,Provence-Alpes-Côte d'Azur,devops
213WYYZ,2026-09-16 08:33:07+02,2026-09-21 06:00:08+02,Disparue,5,6,M1813,Intégrateur / Intégratrice logiciels métiers,CDI,False,Provence-Alpes-Côte d'Azur,devops
6896317,2026-09-16 08:33:15+02,2026-09-16 08:33:15+02,Disparue,0,1,C1120,Conseiller / Conseillère en études actuarielles,CDI,False,Ile-de-France,business analyst
213WZBW,2026-09-20 21:30:22+02,2026-09-26 08:35:32+02,Disparue,6,11,M1811,Data engineer,CDI,False,Ile-de-France,machine learning
213WZFB,2026-09-16 08:33:07+02,2026-09-21 06:00:08+02,Disparue,5,6,M1810,Technicien / Technicienne d'exploitation informatique,CDI,False,Occitanie,devops
6899741,2026-09-16 08:33:04+02,2026-09-22 08:30:31+02,Disparue,6,7,M1853,Chef / Cheffe de projet étude et développement informatique,CDI,False,Ile-de-France,data analyst
213WZMN,2026-09-16 08:33:07+02,2026-09-22 08:30:35+02,Disparue,6,7,M1863,Evaluateur / Evaluatrice sécurité des systèmes et produits informatiques,CDI,False,Provence-Alpes-Côte d'Azur,devops
213WZQZ,2026-09-16 08:33:07+02,2026-09-22 08:30:35+02,Disparue,6,7,M1707,Responsable du développement commercial,CDI,False,Nouvelle-Aquitaine,devops
213XBBV,2026-09-16 08:33:05+02,2026-09-26 08:35:31+02,Disparue,10,11,M1811,Data engineer,CDI,False,Bretagne,data engineer
213XBPL,2026-09-16 08:33:06+02,2026-09-26 08:35:33+02,Disparue,10,11,H1206,Ingénieur / Ingénieure R&D en industrie,CDI,False,Ile-de-France,ml
6900265,2026-09-16 08:33:04+02,2026-09-22 08:30:31+02,Disparue,6,7,M1853,Chef / Cheffe de projet étude et développement informatique,CDI,False,Ile-de-France,data analyst
213XDKM,2026-09-16 08:33:06+02,2026-09-26 08:35:32+02,Disparue,10,11,D1102,Boulanger / Boulangère,CDI,False,Normandie,machine learning
213XFZN,2026-09-16 08:33:13+02,2026-09-22 08:30:42+02,Disparue,6,7,M1889,Ingénieur / Ingénieure en Intelligence Artificielle (IA),CDI,False,Nouvelle-Aquitaine,genai
213XGHB,2026-09-16 08:33:07+02,2026-09-22 08:30:35+02,Disparue,6,7,M1814,Scrum Master,CDI,False,Provence-Alpes-Côte d'Azur,devops
213XGHX,2026-09-16 08:33:07+02,2026-09-22 08:30:35+02,Disparue,6,7,M1861,Développeur / Développeuse logiciel ou d'application,CDI,False,Nouvelle-Aquitaine,devops
213XGWR,2026-09-16 08:33:07+02,2026-09-22 08:30:35+02,Disparue,6,7,M1839,Architecte systèmes et réseaux,CDI,False,Nouvelle-Aquitaine,devops
213XHHX,2026-09-16 08:33:07+02,2026-09-26 08:35:33+02,Disparue,10,11,M1827,Ingénieur / Ingénieure DevOps,CDI,False,Grand Est,devops
213XHLJ,2026-09-16 08:33:13+02,2026-09-26 08:35:41+02,Disparue,10,11,M1889,Ingénieur / Ingénieure en Intelligence Artificielle (IA),CDI,False,Ile-de-France,developpeur ia
213XHPP,2026-09-16 08:33:05+02,2026-09-26 08:35:31+02,Disparue,10,11,F1117,Ingénieur / Ingénieure d'étude CVC,CDI,False,Ile-de-France,data engineer
213XHSX,2026-09-16 08:33:07+02,2026-09-22 08:30:35+02,Disparue,6,7,M1827,Ingénieur / Ingénieure DevOps,CDI,False,Nouvelle-Aquitaine,devops
213XHZP,2026-09-16 08:33:05+02,2026-09-22 08:30:33+02,Disparue,6,7,M1811,Data engineer,CDI,False,Nouvelle-Aquitaine,data engineer
213XNNQ,2026-09-16 08:33:07+02,2026-09-25 08:37:25+02,Disparue,9,10,M1802,Expert / Experte systèmes et réseaux informatiques,CDI,False,Normandie,devops
213XQQK,2026-09-16 08:33:05+02,2026-09-22 08:30:33+02,Disparue,6,7,M1811,Data engineer,CDD,False,Ile-de-France,data engineer
213XQSG,2026-09-16 08:33:07+02,2026-09-25 08:37:25+02,Disparue,9,10,M1423,Chief Data Officer,CDI,False,Pays de la Loire,devops
6907229,2026-09-16 08:33:05+02,2026-09-16 08:33:05+02,Disparue,0,1,M1811,Data engineer,CDI,False,Provence-Alpes-Côte d'Azur,data engineer
6907962,2026-09-16 08:33:04+02,2026-09-22 08:30:31+02,Disparue,6,6,M1836,Ingénieur concepteur / Ingénieure conceptrice informatique,CDI,False,Grand Est,data analyst
6909033,2026-09-16 08:33:15+02,2026-09-21 06:00:15+02,Disparue,5,5,M1806,Consultant fonctionnel / Consultante fonctionnelle des systèmes d'information,CDI,False,Ile-de-France,business analyst
6909034,2026-09-16 08:33:15+02,2026-09-21 06:00:15+02,Disparue,5,5,M1806,Consultant fonctionnel / Consultante fonctionnelle des systèmes d'information,CDI,False,Ile-de-France,business analyst
6909040,2026-09-16 08:33:15+02,2026-09-21 06:00:15+02,Disparue,5,5,M1806,Consultant fonctionnel / Consultante fonctionnelle des systèmes d'information,CDI,False,Occitanie,business analyst
6909047,2026-09-16 08:33:15+02,2026-09-25 08:37:49+02,Disparue,9,9,M1864,Product Owner,CDI,False,Auvergne-Rhône-Alpes,product owner
6909064,2026-09-16 08:33:15+02,2026-09-21 06:00:15+02,Disparue,5,5,M1806,Consultant fonctionnel / Consultante fonctionnelle des systèmes d'information,CDI,False,Bretagne,business analyst
6909649,2026-09-16 08:33:06+02,2026-09-22 08:30:34+02,Disparue,6,6,M1889,Ingénieur / Ingénieure en Intelligence Artificielle (IA),CDI,False,Grand Est,machine learning
6909776,2026-09-16 08:33:06+02,2026-09-16 08:33:06+02,Disparue,0,0,M1889,Ingénieur / Ingénieure en Intelligence Artificielle (IA),CDI,False,Hauts-de-France,machine learning
6910129,2026-09-16 08:33:15+02,2026-09-21 06:00:15+02,Disparue,5,5,M1806,Consultant fonctionnel / Consultante fonctionnelle des systèmes d'information,CDI,False,Normandie,business analyst
6911504,2026-09-16 08:33:15+02,2026-09-25 08:37:49+02,Disparue,9,9,M1864,Product Owner,CDI,False,Grand Est,product owner
213XYYX,2026-09-20 21:30:23+02,2026-09-26 08:35:32+02,Disparue,6,10,I1616,Mécanicien / Mécanicienne d'engins de chantier et de travaux publics,CDI,False,Grand Est,machine learning
213XZMP,2026-09-20 21:30:21+02,2026-09-26 08:35:36+02,Disparue,6,10,M1419,Data analyst,CDI,False,Ile-de-France,data analyst junior
213XZSD,2026-09-20 21:30:22+02,2026-09-26 08:35:31+02,Disparue,6,10,M1811,Data engineer,CDI,False,Bourgogne-Franche-Comté,data engineer
6927235,2026-09-20 21:30:23+02,2026-09-26 08:35:43+02,Disparue,6,10,M1889,Ingénieur / Ingénieure en Intelligence Artificielle (IA),CDI,False,Ile-de-France,genai
6927231,2026-09-20 21:30:25+02,2026-09-26 08:35:40+02,Disparue,6,10,M1811,Data engineer,CDI,False,Ile-de-France,mlops engineer
6927246,2026-09-20 21:30:22+02,2026-09-26 08:35:43+02,Disparue,6,10,M1811,Data engineer,LIB,False,Ile-de-France,genai
6927266,2026-09-20 21:30:31+02,2026-09-21 06:00:15+02,Disparue,1,5,M1806,Consultant fonctionnel / Consultante fonctionnelle des systèmes d'information,LIB,False,Ile-de-France,business analyst
6927262,2026-09-20 21:30:23+02,2026-09-26 08:35:43+02,Disparue,6,10,H1218,Responsable de projet recherche et développement,LIB,False,Ile-de-France,genai
6927273,2026-09-20 21:30:25+02,2026-09-26 08:35:34+02,Disparue,6,10,M1839,Architecte systèmes et réseaux,LIB,False,Occitanie,mlops
6927283,2026-09-20 21:30:32+02,2026-09-21 06:00:15+02,Disparue,1,5,I1403,Technicien / Technicienne Datacenter,LIB,False,Ile-de-France,product owner
6927292,2026-09-20 21:30:22+02,2026-09-26 08:35:30+02,Disparue,6,10,M1202,Auditeur comptable et financier / Auditrice comptable et financière,LIB,False,Ile-de-France,data scientist
6927297,2026-09-20 21:30:22+02,2026-09-21 06:00:06+02,Disparue,1,5,M1811,Data engineer,LIB,False,Ile-de-France,data engineer
6927310,2026-09-20 21:30:21+02,2026-09-26 08:35:35+02,Disparue,6,10,M1806,Consultant fonctionnel / Consultante fonctionnelle des systèmes d'information,LIB,False,Auvergne-Rhône-Alpes,data analyst senior
6927305,2026-09-20 21:30:22+02,2026-09-21 06:00:06+02,Disparue,1,5,M1889,Ingénieur / Ingénieure en Intelligence Artificielle (IA),LIB,False,Ile-de-France,data engineer
6927307,2026-09-20 21:30:31+02,2026-09-21 06:00:15+02,Disparue,1,5,E1403,Consultant / Consultante média,LIB,False,Ile-de-France,business analyst
6927318,2026-09-20 21:30:31+02,2026-09-21 06:00:15+02,Disparue,1,5,F1130,Contrôleur / Contrôleuse technique de la construction (CTC),LIB,False,Ile-de-France,business analyst
6927334,2026-09-20 21:30:30+02,2026-09-26 08:35:43+02,Disparue,6,10,H1109,Chargé / Chargée d'affaires nucléaire,LIB,False,Ile-de-France,genai
6927341,2026-09-20 21:30:21+02,2026-09-22 08:30:31+02,Disparue,2,6,M1851,Analyste décisionnel - Business Intelligence,LIB,False,Ile-de-France,data analyst
6927325,2026-09-20 21:30:31+02,2026-09-21 06:00:15+02,Disparue,1,5,M1806,Consultant fonctionnel / Consultante fonctionnelle des systèmes d'information,LIB,False,Ile-de-France,business analyst
6927354,2026-09-20 21:30:21+02,2026-09-25 08:37:18+02,Disparue,5,9,M1419,Data analyst,LIB,False,Ile-de-France,data analyst
6927339,2026-09-20 21:30:22+02,2026-09-21 06:00:06+02,Disparue,1,5,M1811,Data engineer,LIB,False,Ile-de-France,data engineer
6927346,2026-09-20 21:30:21+02,2026-09-22 08:30:31+02,Disparue,2,6,M1806,Consultant fonctionnel / Consultante fonctionnelle des systèmes d'information,LIB,False,Occitanie,data analyst
6927357,2026-09-20 21:30:32+02,2026-09-22 08:30:45+02,Disparue,2,6,M1203,Comptable,LIB,False,Ile-de-France,product owner
6927344,2026-09-20 21:30:31+02,2026-09-21 06:00:15+02,Disparue,1,5,M1806,Consultant fonctionnel / Consultante fonctionnelle des systèmes d'information,LIB,False,Ile-de-France,business analyst
6927367,2026-09-20 21:30:23+02,2026-09-21 06:00:07+02,Disparue,1,5,M1896,Analyste cycle de vie dans les télécoms,CDI,False,Ile-de-France,ml
6927364,2026-09-20 21:30:31+02,2026-09-21 06:00:15+02,Disparue,1,5,M1806,Consultant fonctionnel / Consultante fonctionnelle des systèmes d'information,LIB,False,Ile-de-France,business analyst
6927372,2026-09-20 21:30:31+02,2026-09-21 06:00:15+02,Disparue,1,5,M1807,"Spécialiste outils, systèmes d'exploitation, réseaux et télécoms",LIB,False,Ile-de-France,business analyst
6927382,2026-09-20 21:30:22+02,2026-09-26 08:35:36+02,Disparue,6,10,H1218,Responsable de projet recherche et développement,LIB,False,Ile-de-France,data engineer senior
6927413,2026-09-20 21:30:23+02,2026-09-26 08:35:33+02,Disparue,6,10,M1889,Ingénieur / Ingénieure en Intelligence Artificielle (IA),LIB,False,Ile-de-France,ml
6927411,2026-09-20 21:30:32+02,2026-09-25 08:37:49+02,Disparue,5,9,M1811,Data engineer,LIB,False,Ile-de-France,product owner
6927410,2026-09-20 21:30:31+02,2026-09-21 06:00:15+02,Disparue,1,5,M1806,Consultant fonctionnel / Consultante fonctionnelle des systèmes d'information,LIB,False,Ile-de-France,business analyst
6927403,2026-09-20 21:30:25+02,2026-09-22 08:30:36+02,Disparue,2,6,M1860,Architecte cloud,LIB,False,Ile-de-France,mlops
6927393,2026-09-20 21:30:29+02,2026-09-25 08:37:39+02,Disparue,5,9,M1889,Ingénieur / Ingénieure en Intelligence Artificielle (IA),LIB,False,Ile-de-France,developpeur ia
6927415,2026-09-20 21:30:31+02,2026-09-21 06:00:15+02,Disparue,1,5,M1806,Consultant fonctionnel / Consultante fonctionnelle des systèmes d'information,LIB,False,Nouvelle-Aquitaine,business analyst
6927431,2026-09-20 21:30:32+02,2026-09-22 08:30:45+02,Disparue,2,6,C1101,Chargé / Chargée de produit en assurances,LIB,False,Ile-de-France,product owner
6927442,2026-09-20 21:30:29+02,2026-09-26 08:35:41+02,Disparue,6,10,M1827,Ingénieur / Ingénieure DevOps,LIB,False,Auvergne-Rhône-Alpes,developpeur ia
6927441,2026-09-20 21:30:21+02,2026-09-26 08:35:35+02,Disparue,6,10,G1211,Analyste de la performance sportive,LIB,False,Ile-de-France,data analyst senior
6927449,2026-09-20 21:30:21+02,2026-09-26 08:35:35+02,Disparue,6,10,G1211,Analyste de la performance sportive,LIB,False,Ile-de-France,data analyst senior
213YFDV,2026-09-20 21:30:23+02,2026-09-26 08:35:34+02,Disparue,6,10,M1839,Architecte systèmes et réseaux,CDI,False,Occitanie,mlops
6927869,2026-09-20 21:30:29+02,2026-09-26 08:35:41+02,Disparue,6,10,M1855,Développeur / Développeuse web,CDD,True,Auvergne-Rhône-Alpes,developpeur ia
6927913,2026-09-20 21:30:29+02,2026-09-26 08:35:41+02,Disparue,6,10,M1855,Développeur / Développeuse web,LIB,False,Ile-de-France,developpeur ia
6928205,2026-09-20 21:30:22+02,2026-09-21 06:00:06+02,Disparue,1,5,M1868,Architecte base de données,CDI,False,Auvergne-Rhône-Alpes,data engineer
6928219,2026-09-20 21:30:22+02,2026-09-21 06:00:06+02,Disparue,1,5,M1868,Architecte base de données,CDI,False,Auvergne-Rhône-Alpes,data engineer
6928675,2026-09-20 21:30:29+02,2026-09-25 08:37:39+02,Disparue,5,9,M1889,Ingénieur / Ingénieure en Intelligence Artificielle (IA),CDI,False,Ile-de-France,developpeur ia
6929331,2026-09-20 21:30:32+02,2026-09-22 08:30:45+02,Disparue,2,6,M1864,Product Owner,CDI,False,Ile-de-France,product owner
213YJXV,2026-09-20 21:30:24+02,2026-09-25 08:37:25+02,Disparue,5,9,M1805,Développeur / Développeuse informatique,CDI,False,Provence-Alpes-Côte d'Azur,devops
6930081,2026-09-20 21:30:29+02,2026-09-25 08:37:39+02,Disparue,5,9,M1889,Ingénieur / Ingénieure en Intelligence Artificielle (IA),CDD,True,Ile-de-France,developpeur ia
6930099,2026-09-20 21:30:29+02,2026-09-26 08:35:41+02,Disparue,6,10,M1889,Ingénieur / Ingénieure en Intelligence Artificielle (IA),CDD,True,Nouvelle-Aquitaine,developpeur ia
6930075,2026-09-20 21:30:31+02,2026-09-21 06:00:15+02,Disparue,1,5,M1806,Consultant fonctionnel / Consultante fonctionnelle des systèmes d'information,CDI,False,Ile-de-France,business analyst
6932918,2026-09-20 21:30:31+02,2026-09-21 06:00:15+02,Disparue,1,5,M1806,Consultant fonctionnel / Consultante fonctionnelle des systèmes d'information,CDI,False,Ile-de-France,business analyst
6932939,2026-09-20 21:30:31+02,2026-09-21 06:00:15+02,Disparue,1,5,I1123,Chef / Cheffe de service sécurité trafic routier,CDI,False,Ile-de-France,business analyst
6933002,2026-09-20 21:30:22+02,2026-09-21 06:00:06+02,Disparue,1,5,M1811,Data engineer,CDI,False,Ile-de-France,data engineer
6936540,2026-09-20 21:30:31+02,2026-09-21 06:00:15+02,Disparue,1,5,M1806,Consultant fonctionnel / Consultante fonctionnelle des systèmes d'information,CDI,False,Ile-de-France,business analyst
6936494,2026-09-20 21:30:32+02,2026-09-26 08:35:45+02,Active,6,10,M1864,Product Owner,CDI,False,Auvergne-Rhône-Alpes,product owner
6936544,2026-09-20 21:30:31+02,2026-09-21 06:00:15+02,Disparue,1,5,I1123,Chef / Cheffe de service sécurité trafic routier,CDI,False,Ile-de-France,business analyst
6936567,2026-09-20 21:30:22+02,2026-09-21 06:00:06+02,Disparue,1,5,M1811,Data engineer,CDI,False,Ile-de-France,data engineer
6936446,2026-09-20 21:30:31+02,2026-09-21 06:00:15+02,Disparue,1,5,I1123,Chef / Cheffe de service sécurité trafic routier,CDI,False,Ile-de-France,business analyst
213YLXY,2026-09-20 21:30:22+02,2026-09-26 08:35:30+02,Disparue,6,10,M1405,Data scientist,MIS,False,Grand Est,data scientist
213YRBH,2026-09-20 21:30:24+02,2026-09-26 08:35:33+02,Disparue,6,10,M1827,Ingénieur / Ingénieure DevOps,CDI,False,Auvergne-Rhône-Alpes,devops
213YRPY,2026-09-20 21:30:31+02,2026-09-26 08:35:45+02,Active,6,10,M1806,Consultant fonctionnel / Consultante fonctionnelle des systèmes d'information,CDI,False,Auvergne-Rhône-Alpes,business analyst
213YRTT,2026-09-20 21:30:29+02,2026-09-26 08:35:41+02,Disparue,6,10,M1889,Ingénieur / Ingénieure en Intelligence Artificielle (IA),CDI,False,Occitanie,developpeur ia
213YWRX,2026-09-20 21:30:24+02,2026-09-25 08:37:25+02,Disparue,5,9,M1861,Développeur / Développeuse logiciel ou d'application,CDI,False,Ile-de-France,devops
213YWYT,2026-09-20 21:30:24+02,2026-09-22 08:30:35+02,Disparue,2,6,M1805,Développeur / Développeuse informatique,CDI,False,Nouvelle-Aquitaine,devops
213YXSB,2026-09-20 21:30:21+02,2026-09-26 08:35:45+02,Active,6,10,M1851,Analyste décisionnel - Business Intelligence,CDD,False,Provence-Alpes-Côte d'Azur,business analyst
6942595,2026-09-20 21:30:23+02,2026-09-21 06:00:07+02,Disparue,1,5,M1811,Data engineer,CDI,True,Hauts-de-France,machine learning
6942601,2026-09-20 21:30:23+02,2026-09-21 06:00:07+02,Disparue,1,5,M1811,Data engineer,CDI,True,Ile-de-France,machine learning
213ZBSN,2026-09-20 21:30:21+02,2026-09-25 08:37:18+02,Disparue,5,8,M1419,Data analyst,CDD,True,Guadeloupe,data analyst
213ZBSX,2026-09-20 21:30:23+02,2026-09-26 08:35:32+02,Disparue,6,9,M1851,Analyste décisionnel - Business Intelligence,CDD,False,Non renseignee,devops
213ZBTD,2026-09-20 21:30:24+02,2026-09-25 08:37:25+02,Disparue,5,8,M1805,Développeur / Développeuse informatique,CDD,False,Non renseignee,devops
6943530,2026-09-20 21:30:31+02,2026-09-21 06:00:15+02,Disparue,1,4,M1806,Consultant fonctionnel / Consultante fonctionnelle des systèmes d'information,CDI,False,Pays de la Loire,business analyst
6945367,2026-09-20 21:30:31+02,2026-09-21 06:00:15+02,Disparue,1,4,M1806,Consultant fonctionnel / Consultante fonctionnelle des systèmes d'information,CDI,False,Auvergne-Rhône-Alpes,business analyst
6945770,2026-09-20 21:30:22+02,2026-09-21 06:00:06+02,Disparue,1,4,M1811,Data engineer,CDI,False,Auvergne-Rhône-Alpes,data engineer
6945820,2026-09-20 21:30:31+02,2026-09-21 06:00:15+02,Disparue,1,4,M1806,Consultant fonctionnel / Consultante fonctionnelle des systèmes d'information,CDI,False,Provence-Alpes-Côte d'Azur,business analyst
6947796,2026-09-20 21:30:31+02,2026-09-21 06:00:15+02,Disparue,1,4,M1806,Consultant fonctionnel / Consultante fonctionnelle des systèmes d'information,CDI,False,Pays de la Loire,business analyst
6948429,2026-09-20 21:30:31+02,2026-09-21 06:00:15+02,Disparue,1,4,M1806,Consultant fonctionnel / Consultante fonctionnelle des systèmes d'information,CDI,False,Bretagne,business analyst
213ZDYN,2026-09-20 21:30:22+02,2026-09-26 08:35:30+02,Disparue,6,9,M1405,Data scientist,MIS,False,Ile-de-France,data scientist
6961754,2026-09-20 21:30:32+02,2026-09-26 08:35:45+02,Active,6,9,M1809,Météorologue,LIB,False,Ile-de-France,product owner
6961788,2026-09-20 21:30:21+02,2026-09-26 08:35:45+02,Active,6,9,M1811,Data engineer,LIB,False,Ile-de-France,product owner
6961782,2026-09-20 21:30:22+02,2026-09-26 08:35:30+02,Disparue,6,9,E1403,Consultant / Consultante média,LIB,False,Ile-de-France,data scientist
6961786,2026-09-20 21:30:23+02,2026-09-26 08:35:43+02,Disparue,6,9,M1889,Ingénieur / Ingénieure en Intelligence Artificielle (IA),LIB,False,Ile-de-France,genai
6961781,2026-09-20 21:30:32+02,2026-09-26 08:35:45+02,Active,6,9,M1889,Ingénieur / Ingénieure en Intelligence Artificielle (IA),LIB,False,Ile-de-France,product owner
6961800,2026-09-20 21:30:22+02,2026-09-22 08:30:38+02,Disparue,2,5,M1811,Data engineer,LIB,False,Ile-de-France,data engineer senior
6961803,2026-09-20 21:30:26+02,2026-09-26 08:35:36+02,Disparue,6,9,M1811,Data engineer,LIB,False,Ile-de-France,data engineer senior
6961806,2026-09-20 21:30:22+02,2026-09-21 06:00:06+02,Disparue,1,4,M1811,Data engineer,LIB,False,Ile-de-France,data engineer
6961807,2026-09-20 21:30:21+02,2026-09-26 08:35:35+02,Disparue,6,9,K1732,Spécialiste des systèmes de communication opérationnels,LIB,False,Ile-de-France,data analyst senior
6961831,2026-09-20 21:30:32+02,2026-09-26 08:35:45+02,Active,6,9,M1886,Chef / Cheffe de projet Web,LIB,False,Ile-de-France,product owner
6961828,2026-09-20 21:30:21+02,2026-09-25 08:37:18+02,Disparue,5,8,G1219,Recruteur sportif / Recruteuse sportive,LIB,False,Ile-de-France,data analyst
6961820,2026-09-20 21:30:32+02,2026-09-26 08:35:45+02,Active,6,9,M1864,Product Owner,LIB,False,Ile-de-France,product owner
6961825,2026-09-20 21:30:23+02,2026-09-21 06:00:07+02,Disparue,1,4,M1811,Data engineer,LIB,False,Ile-de-France,machine learning
6961870,2026-09-20 21:30:22+02,2026-09-21 06:00:06+02,Disparue,1,4,M1811,Data engineer,LIB,False,Auvergne-Rhône-Alpes,data engineer
6961859,2026-09-20 21:30:21+02,2026-09-26 08:35:29+02,Disparue,6,9,M1806,Consultant fonctionnel / Consultante fonctionnelle des systèmes d'information,LIB,False,Ile-de-France,data analyst
6961854,2026-09-20 21:30:22+02,2026-09-26 08:35:30+02,Disparue,6,9,M1405,Data scientist,LIB,False,Ile-de-France,data scientist
6961893,2026-09-20 21:30:22+02,2026-09-26 08:35:36+02,Disparue,6,9,M1811,Data engineer,LIB,False,Ile-de-France,data engineer senior
6961890,2026-09-20 21:30:21+02,2026-09-26 08:35:29+02,Disparue,6,9,M1502,Chargé / Chargée de recrutement,LIB,False,Provence-Alpes-Côte d'Azur,data analyst
6961895,2026-09-20 21:30:21+02,2026-09-26 08:35:29+02,Disparue,6,9,M1419,Data analyst,LIB,False,Ile-de-France,data analyst
6961906,2026-09-20 21:30:21+02,2026-09-26 08:35:35+02,Disparue,6,9,M1419,Data analyst,LIB,False,Ile-de-France,data analyst senior
6961897,2026-09-20 21:30:22+02,2026-09-22 08:30:32+02,Disparue,2,5,M1811,Data engineer,LIB,False,Ile-de-France,data scientist
6961922,2026-09-20 21:30:22+02,2026-09-21 06:00:06+02,Disparue,1,4,M1811,Data engineer,LIB,False,Auvergne-Rhône-Alpes,data engineer
6961916,2026-09-20 21:30:21+02,2026-09-22 08:30:31+02,Disparue,2,5,M1419,Data analyst,LIB,False,Ile-de-France,data analyst
6961919,2026-09-20 21:30:31+02,2026-09-22 08:30:44+02,Disparue,2,5,M1821,Analyste d'application informatique,LIB,False,Hauts-de-France,business analyst
6961933,2026-09-20 21:30:25+02,2026-09-22 08:30:41+02,Disparue,2,5,M1889,Ingénieur / Ingénieure en Intelligence Artificielle (IA),LIB,False,Ile-de-France,mlops engineer
6961941,2026-09-20 21:30:22+02,2026-09-22 08:30:33+02,Disparue,2,5,M1811,Data engineer,LIB,False,Auvergne-Rhône-Alpes,data engineer
6961930,2026-09-20 21:30:32+02,2026-09-26 08:35:45+02,Active,6,9,C1401,Agent administratif / Agente administrative banque ou assurance,LIB,False,Ile-de-France,product owner
6961931,2026-09-20 21:30:32+02,2026-09-26 08:35:45+02,Active,6,9,M1887,Product builder no code,LIB,False,Ile-de-France,product owner
6961928,2026-09-20 21:30:31+02,2026-09-22 08:30:44+02,Disparue,2,5,M1806,Consultant fonctionnel / Consultante fonctionnelle des systèmes d'information,LIB,False,Ile-de-France,business analyst
6961907,2026-09-20 21:30:29+02,2026-09-26 08:35:41+02,Disparue,6,9,M1835,Architecte systèmes et réseaux des territoires connectés,LIB,False,Ile-de-France,developpeur ia
6961918,2026-09-20 21:30:22+02,2026-09-22 08:30:33+02,Disparue,2,5,M1826,Ingénieur / Ingénieure supervision IT Datacenter,LIB,False,Ile-de-France,data engineer
6961969,2026-09-20 21:30:32+02,2026-09-26 08:35:45+02,Active,6,9,M1864,Product Owner,CDI,False,Auvergne-Rhône-Alpes,product owner
213ZHTB,2026-09-20 21:30:24+02,2026-09-22 08:30:35+02,Disparue,2,5,M1861,Développeur / Développeuse logiciel ou d'application,CDI,False,Collectivités d'outre-mer,devops
213ZHZZ,2026-09-20 21:30:22+02,2026-09-22 08:30:33+02,Disparue,2,5,M1811,Data engineer,CDI,False,Collectivités d'outre-mer,data engineer
213ZJTS,2026-09-20 21:30:23+02,2026-09-21 06:00:07+02,Disparue,1,4,M1889,Ingénieur / Ingénieure en Intelligence Artificielle (IA),CDD,False,Auvergne-Rhône-Alpes,machine learning
6962498,2026-09-20 21:30:22+02,2026-09-22 08:30:33+02,Disparue,2,5,M1811,Data engineer,CDI,False,Pays de la Loire,data engineer
6963017,2026-09-20 21:30:29+02,2026-09-22 08:30:42+02,Disparue,2,5,M1889,Ingénieur / Ingénieure en Intelligence Artificielle (IA),CDI,False,Pays de la Loire,developpeur ia
6963447,2026-09-20 21:30:21+02,2026-09-22 08:30:37+02,Disparue,2,5,M1419,Data analyst,CDI,False,Occitanie,data analyst senior
6963476,2026-09-20 21:30:21+02,2026-09-22 08:30:31+02,Disparue,2,5,M1419,Data analyst,CDI,False,Occitanie,data analyst
6963459,2026-09-20 21:30:32+02,2026-09-26 08:35:45+02,Active,6,9,M1814,Scrum Master,CDI,False,Occitanie,product owner
6963729,2026-09-20 21:30:26+02,2026-09-26 08:35:36+02,Disparue,6,9,M1811,Data engineer,MIS,False,Ile-de-France,data engineer senior
6963764,2026-09-20 21:30:23+02,2026-09-21 06:00:07+02,Disparue,1,4,L1505,Opérateur / Opératrice de prise de vues,CDI,False,Occitanie,machine learning
6963912,2026-09-20 21:30:21+02,2026-09-26 08:35:29+02,Disparue,6,9,M1419,Data analyst,CDD,True,Grand Est,data analyst
6964049,2026-09-20 21:30:22+02,2026-09-21 06:00:05+02,Disparue,1,4,M1405,Data scientist,CDI,False,Ile-de-France,data scientist
6964122,2026-09-20 21:30:21+02,2026-09-26 08:35:29+02,Disparue,6,9,M1419,Data analyst,CDI,False,Occitanie,data analyst
6964164,2026-09-20 21:30:22+02,2026-09-26 08:35:39+02,Disparue,6,9,M1405,Data scientist,CDI,False,Auvergne-Rhône-Alpes,data scientist senior
213ZNTJ,2026-09-20 21:30:24+02,2026-09-25 08:37:25+02,Disparue,5,8,M1879,Ingénieur / Ingénieure Cloud computing,CDI,False,Ile-de-France,devops
213ZNZD,2026-09-20 21:30:23+02,2026-09-22 08:30:34+02,Disparue,2,5,M1889,Ingénieur / Ingénieure en Intelligence Artificielle (IA),CDI,False,Nouvelle-Aquitaine,machine learning
213ZPBR,2026-09-20 21:30:22+02,2026-09-26 08:35:31+02,Disparue,6,9,M1811,Data engineer,CDD,False,Auvergne-Rhône-Alpes,data engineer
213ZPQL,2026-09-20 21:30:24+02,2026-09-26 08:35:45+02,Active,6,9,M1864,Product Owner,CDI,False,Ile-de-France,product owner
213ZQLV,2026-09-20 21:30:22+02,2026-09-21 06:00:06+02,Disparue,1,4,M1811,Data engineer,CDI,False,Hauts-de-France,data engineer
213ZQPN,2026-09-20 21:30:22+02,2026-09-22 08:30:33+02,Disparue,2,5,M1811,Data engineer,CDI,False,Ile-de-France,data engineer
213ZQSM,2026-09-20 21:30:29+02,2026-09-22 08:30:42+02,Disparue,2,5,M1879,Ingénieur / Ingénieure Cloud computing,CDD,False,Bretagne,developpeur ia
6965838,2026-09-20 21:30:29+02,2026-09-26 08:35:41+02,Disparue,6,9,M1889,Ingénieur / Ingénieure en Intelligence Artificielle (IA),MIS,False,Pays de la Loire,developpeur ia
6966283,2026-09-20 21:30:21+02,2026-09-26 08:35:29+02,Disparue,6,9,M1810,Technicien / Technicienne d'exploitation informatique,CDD,True,Grand Est,data analyst
6966760,2026-09-20 21:30:22+02,2026-09-22 08:30:33+02,Disparue,2,5,M1811,Data engineer,CDI,False,Bourgogne-Franche-Comté,data engineer
6967906,2026-09-20 21:30:31+02,2026-09-22 08:30:44+02,Disparue,2,5,M1806,Consultant fonctionnel / Consultante fonctionnelle des systèmes d'information,MIS,False,Ile-de-France,business analyst
6967911,2026-09-20 21:30:22+02,2026-09-22 08:30:33+02,Disparue,2,5,M1876,Technicien / Technicienne Cloud,MIS,False,Ile-de-France,data engineer
213ZRKW,2026-09-20 21:30:24+02,2026-09-26 08:35:33+02,Disparue,6,9,M1827,Ingénieur / Ingénieure DevOps,CDI,False,Ile-de-France,devops
213ZSWV,2026-09-20 21:30:22+02,2026-09-21 06:00:06+02,Disparue,1,4,M1811,Data engineer,CDI,False,Ile-de-France,data engineer
213ZTTV,2026-09-20 21:30:32+02,2026-09-26 08:35:45+02,Active,6,9,M1864,Product Owner,CDI,False,Ile-de-France,product owner
213ZWJM,2026-09-22 08:30:32+02,2026-09-26 08:35:30+02,Disparue,4,9,M1405,Data scientist,CDI,False,Ile-de-France,data scientist
213ZWNK,2026-09-20 21:30:22+02,2026-09-26 08:35:32+02,Disparue,6,9,M1405,Data scientist,CDI,False,Occitanie,machine learning
213ZWPD,2026-09-20 21:30:31+02,2026-09-26 08:35:45+02,Active,6,9,M1806,Consultant fonctionnel / Consultante fonctionnelle des systèmes d'information,CDI,False,Ile-de-France,business analyst
213ZXDM,2026-09-20 21:30:23+02,2026-09-26 08:35:33+02,Disparue,6,9,M1823,Consultant / Consultante avant-vente,CDI,False,Ile-de-France,devops
213ZXHW,2026-09-20 21:30:22+02,2026-09-26 08:35:31+02,Disparue,6,9,M1811,Data engineer,CDD,False,Ile-de-France,data engineer
213ZXPQ,2026-09-20 21:30:24+02,2026-09-25 08:37:25+02,Disparue,5,8,M1827,Ingénieur / Ingénieure DevOps,CDI,False,Pays de la Loire,devops
213ZXTZ,2026-09-20 21:30:24+02,2026-09-26 08:35:33+02,Disparue,6,9,M1813,Intégrateur / Intégratrice logiciels métiers,CDI,False,Bretagne,devops
213ZYMS,2026-09-20 21:30:22+02,2026-09-26 08:35:33+02,Disparue,6,9,M1405,Data scientist,CDI,False,Provence-Alpes-Côte d'Azur,devops
213ZYSW,2026-09-20 21:30:24+02,2026-09-26 08:35:33+02,Disparue,6,9,M1801,Administrateur / Administratrice de systèmes d'information (SI),CDI,False,Provence-Alpes-Côte d'Azur,devops
213ZYXP,2026-09-20 21:30:24+02,2026-09-26 08:35:33+02,Disparue,6,9,M1855,Développeur / Développeuse web,CDI,False,Provence-Alpes-Côte d'Azur,devops
213ZZDC,2026-09-20 21:30:24+02,2026-09-26 08:35:33+02,Disparue,6,9,M1879,Ingénieur / Ingénieure Cloud computing,CDI,False,Provence-Alpes-Côte d'Azur,devops
213ZZJW,2026-09-20 21:30:24+02,2026-09-26 08:35:33+02,Disparue,6,9,H1208,Automaticien / Automaticienne en bureau d'études,CDI,False,Provence-Alpes-Côte d'Azur,devops
214BDDJ,2026-09-20 21:30:24+02,2026-09-26 08:35:33+02,Disparue,6,9,H1206,Ingénieur / Ingénieure R&D en industrie,CDI,False,Nouvelle-Aquitaine,devops
214BDHZ,2026-09-20 21:30:24+02,2026-09-26 08:35:33+02,Disparue,6,9,M1861,Développeur / Développeuse logiciel ou d'application,CDI,False,Auvergne-Rhône-Alpes,devops
214BDNQ,2026-09-20 21:30:31+02,2026-09-22 08:30:44+02,Disparue,2,5,M1851,Analyste décisionnel - Business Intelligence,CDI,False,Nouvelle-Aquitaine,business analyst
214BDST,2026-09-20 21:30:23+02,2026-09-26 08:35:32+02,Disparue,6,9,M1804,Ingénieur / Ingénieure télécoms et environnement,CDD,False,Ile-de-France,machine learning
214BFGN,2026-09-22 08:30:31+02,2026-09-26 08:35:31+02,Disparue,4,9,M1811,Data engineer,CDI,False,Ile-de-France,data engineer
214BGHN,2026-09-20 21:30:24+02,2026-09-26 08:35:33+02,Disparue,6,9,M1827,Ingénieur / Ingénieure DevOps,CDI,False,Ile-de-France,devops
214BKTY,2026-09-20 21:30:22+02,2026-09-26 08:35:31+02,Disparue,6,8,M1811,Data engineer,MIS,False,Occitanie,data engineer
6969740,2026-09-20 21:30:21+02,2026-09-26 08:35:29+02,Disparue,6,8,M1419,Data analyst,CDI,False,Ile-de-France,data analyst
6972143,2026-09-20 21:30:32+02,2026-09-26 08:35:45+02,Active,6,8,M1703,Chef / Cheffe de produit,CDI,False,Occitanie,product owner
214BLMJ,2026-09-22 08:30:35+02,2026-09-26 08:35:33+02,Disparue,4,8,M1827,Ingénieur / Ingénieure DevOps,CDI,False,Provence-Alpes-Côte d'Azur,devops
214BMKG,2026-09-20 21:30:21+02,2026-09-26 08:35:29+02,Disparue,6,8,M1419,Data analyst,CDI,False,Grand Est,data analyst
214BPMQ,2026-09-20 21:30:24+02,2026-09-22 08:30:35+02,Disparue,2,4,M1827,Ingénieur / Ingénieure DevOps,CDI,False,Nouvelle-Aquitaine,devops
214BPVC,2026-09-20 21:30:24+02,2026-09-22 08:30:35+02,Disparue,2,4,M1827,Ingénieur / Ingénieure DevOps,CDI,False,Provence-Alpes-Côte d'Azur,devops
214BPXB,2026-09-20 21:30:24+02,2026-09-26 08:35:33+02,Disparue,6,8,M1827,Ingénieur / Ingénieure DevOps,CDI,False,Ile-de-France,devops
214BPYQ,2026-09-20 21:30:24+02,2026-09-22 08:30:35+02,Disparue,2,4,M1827,Ingénieur / Ingénieure DevOps,CDI,False,Nouvelle-Aquitaine,devops
6985698,2026-09-20 21:30:21+02,2026-09-26 08:35:29+02,Disparue,6,8,M1407,Responsable de la veille scientifique et technique en industrie pharmaceutique,LIB,False,Auvergne-Rhône-Alpes,data analyst
6985726,2026-09-20 21:30:21+02,2026-09-26 08:35:29+02,Disparue,6,8,M1851,Analyste décisionnel - Business Intelligence,LIB,False,Ile-de-France,data analyst
6985730,2026-09-20 21:30:32+02,2026-09-26 08:35:45+02,Active,6,8,D1406,Directeur / Directrice des ventes,LIB,False,Ile-de-France,product owner
6985736,2026-09-20 21:30:29+02,2026-09-26 08:35:41+02,Disparue,6,8,M1889,Ingénieur / Ingénieure en Intelligence Artificielle (IA),LIB,False,Ile-de-France,developpeur ia
6985740,2026-09-20 21:30:21+02,2026-09-22 08:30:31+02,Disparue,2,4,G1211,Analyste de la performance sportive,LIB,False,Centre-Val de Loire,data analyst
6985753,2026-09-20 21:30:22+02,2026-09-26 08:35:36+02,Disparue,6,8,M1811,Data engineer,LIB,False,Ile-de-France,data engineer senior
6985762,2026-09-20 21:30:31+02,2026-09-22 08:30:44+02,Disparue,2,4,C1202,Analyste de crédits et risques bancaires,LIB,False,Auvergne-Rhône-Alpes,business analyst
6985774,2026-09-20 21:30:22+02,2026-09-22 08:30:33+02,Disparue,2,4,F1117,Ingénieur / Ingénieure d'étude CVC,CDI,False,Ile-de-France,data engineer
6985780,2026-09-20 21:30:23+02,2026-09-26 08:35:33+02,Disparue,6,8,K1740,Expert / Experte en opérations spatiales militaires,LIB,False,Ile-de-France,ml
6985779,2026-09-20 21:30:23+02,2026-09-21 06:00:07+02,Disparue,1,3,M1889,Ingénieur / Ingénieure en Intelligence Artificielle (IA),LIB,False,Ile-de-France,machine learning
6985781,2026-09-20 21:30:31+02,2026-09-22 08:30:44+02,Disparue,2,4,C1202,Analyste de crédits et risques bancaires,LIB,False,Ile-de-France,business analyst
6985785,2026-09-20 21:30:21+02,2026-09-22 08:30:31+02,Disparue,2,4,M1806,Consultant fonctionnel / Consultante fonctionnelle des systèmes d'information,LIB,False,Ile-de-France,data analyst
6985794,2026-09-20 21:30:26+02,2026-09-22 08:30:38+02,Disparue,2,4,M1811,Data engineer,LIB,False,Ile-de-France,data engineer senior
6985799,2026-09-20 21:30:23+02,2026-09-22 08:30:34+02,Disparue,2,4,M1813,Intégrateur / Intégratrice logiciels métiers,LIB,False,Ile-de-France,ml
6985818,2026-09-20 21:30:21+02,2026-09-26 08:35:29+02,Disparue,6,8,E1206,UX - UI Designer,LIB,False,Ile-de-France,data analyst
6985824,2026-09-20 21:30:31+02,2026-09-22 08:30:44+02,Disparue,2,4,C1130,Gestionnaire en protection sociale,LIB,False,Ile-de-France,business analyst
6985826,2026-09-20 21:30:31+02,2026-09-22 08:30:44+02,Disparue,2,4,C1130,Gestionnaire en protection sociale,LIB,False,Ile-de-France,business analyst
6985831,2026-09-20 21:30:25+02,2026-09-26 08:35:34+02,Disparue,6,8,H1218,Responsable de projet recherche et développement,LIB,False,Ile-de-France,mlops
6985821,2026-09-20 21:30:21+02,2026-09-26 08:35:29+02,Disparue,6,8,M1806,Consultant fonctionnel / Consultante fonctionnelle des systèmes d'information,CDI,False,Ile-de-France,data analyst
6985841,2026-09-20 21:30:32+02,2026-09-25 08:37:49+02,Disparue,5,7,D1420,Cadre Technico-commercial / CadreTechnico-commerciale,LIB,False,Auvergne-Rhône-Alpes,product owner
6985848,2026-09-20 21:30:31+02,2026-09-22 08:30:44+02,Disparue,2,4,M1872,Consultant décisionnel / Consultante décisionnelle - Business Intelligence,LIB,False,Ile-de-France,business analyst
6985856,2026-09-20 21:30:21+02,2026-09-22 08:30:31+02,Disparue,2,4,M1806,Consultant fonctionnel / Consultante fonctionnelle des systèmes d'information,LIB,False,Centre-Val de Loire,data analyst
6985844,2026-09-20 21:30:26+02,2026-09-26 08:35:36+02,Disparue,6,8,M1811,Data engineer,LIB,False,Nouvelle-Aquitaine,data engineer senior
6985864,2026-09-20 21:30:26+02,2026-09-26 08:35:36+02,Disparue,6,8,M1811,Data engineer,LIB,False,Ile-de-France,data engineer senior
6985878,2026-09-20 21:30:22+02,2026-09-22 08:30:33+02,Disparue,2,4,M1811,Data engineer,LIB,False,Ile-de-France,data engineer
6985865,2026-09-20 21:30:31+02,2026-09-22 08:30:44+02,Disparue,2,4,E1206,UX - UI Designer,LIB,False,Ile-de-France,business analyst
6985886,2026-09-20 21:30:23+02,2026-09-26 08:35:33+02,Disparue,6,8,M1807,"Spécialiste outils, systèmes d'exploitation, réseaux et télécoms",LIB,False,Ile-de-France,ml
6985902,2026-09-20 21:30:31+02,2026-09-22 08:30:44+02,Disparue,2,4,M1806,Consultant fonctionnel / Consultante fonctionnelle des systèmes d'information,LIB,False,Ile-de-France,business analyst
6985899,2026-09-20 21:30:32+02,2026-09-25 08:37:49+02,Disparue,5,7,M1864,Product Owner,LIB,False,Auvergne-Rhône-Alpes,product owner
6985889,2026-09-20 21:30:29+02,2026-09-26 08:35:41+02,Disparue,6,8,H1218,Responsable de projet recherche et développement,LIB,False,Ile-de-France,developpeur ia
6985904,2026-09-20 21:30:29+02,2026-09-22 08:30:42+02,Disparue,2,4,M1889,Ingénieur / Ingénieure en Intelligence Artificielle (IA),LIB,False,Ile-de-France,developpeur ia
6985892,2026-09-20 21:30:31+02,2026-09-22 08:30:44+02,Disparue,2,4,M1806,Consultant fonctionnel / Consultante fonctionnelle des systèmes d'information,LIB,False,Ile-de-France,business analyst
6985908,2026-09-20 21:30:29+02,2026-09-26 08:35:45+02,Active,6,8,M1889,Ingénieur / Ingénieure en Intelligence Artificielle (IA),LIB,False,Ile-de-France,product owner
6985916,2026-09-20 21:30:21+02,2026-09-26 08:35:36+02,Disparue,6,8,M1811,Data engineer,LIB,False,Ile-de-France,data engineer senior
6985860,2026-09-20 21:30:32+02,2026-09-21 06:00:15+02,Disparue,1,3,H1218,Responsable de projet recherche et développement,LIB,False,Ile-de-France,product owner
6985891,2026-09-20 21:30:26+02,2026-09-26 08:35:36+02,Disparue,6,8,M1811,Data engineer,LIB,False,Ile-de-France,data engineer senior
6985859,2026-09-20 21:30:26+02,2026-09-26 08:35:44+02,Disparue,6,8,M1811,Data engineer,LIB,False,Ile-de-France,freelance data ia
6985866,2026-09-20 21:30:22+02,2026-09-22 08:30:33+02,Disparue,2,4,M1811,Data engineer,LIB,False,Ile-de-France,data engineer
6985913,2026-09-20 21:30:32+02,2026-09-26 08:35:45+02,Active,6,8,M1824,Développeur / Développeuse décisionnel - Business Intelligence,LIB,False,Ile-de-France,product owner
214BQVT,2026-09-20 21:30:21+02,2026-09-26 08:35:29+02,Disparue,6,8,C1206,Conseiller / Conseillère de clientèle bancaire,CDI,False,Occitanie,data analyst
214BSVP,2026-09-20 21:30:24+02,2026-09-22 08:30:35+02,Disparue,2,4,M1827,Ingénieur / Ingénieure DevOps,CDI,False,Nouvelle-Aquitaine,devops
214BTRX,2026-09-20 21:30:24+02,2026-09-22 08:30:35+02,Disparue,2,4,M1879,Ingénieur / Ingénieure Cloud computing,CDI,False,Nouvelle-Aquitaine,devops
214BTWK,2026-09-20 21:30:21+02,2026-09-26 08:35:29+02,Disparue,6,8,M1419,Data analyst,CDI,False,Grand Est,data analyst
214BTYC,2026-09-20 21:30:23+02,2026-09-26 08:35:41+02,Disparue,6,8,M1805,Développeur / Développeuse informatique,CDI,False,Grand Est,developpeur ia
214BVHC,2026-09-20 21:30:24+02,2026-09-26 08:35:33+02,Disparue,6,8,M1827,Ingénieur / Ingénieure DevOps,CDI,False,Provence-Alpes-Côte d'Azur,devops
214BVLB,2026-09-20 21:30:23+02,2026-09-26 08:35:32+02,Disparue,6,8,M1889,Ingénieur / Ingénieure en Intelligence Artificielle (IA),CDI,False,Normandie,machine learning
6986394,2026-09-20 21:30:21+02,2026-09-26 08:35:29+02,Disparue,6,8,M1419,Data analyst,CDI,False,Occitanie,data analyst
6986414,2026-09-20 21:30:22+02,2026-09-22 08:30:33+02,Disparue,2,4,M1868,Architecte base de données,CDI,False,Auvergne-Rhône-Alpes,data engineer
6986438,2026-09-20 21:30:31+02,2026-09-22 08:30:44+02,Disparue,2,4,M1419,Data analyst,CDI,False,Auvergne-Rhône-Alpes,business analyst
6986479,2026-09-20 21:30:22+02,2026-09-22 08:30:33+02,Disparue,2,4,M1868,Architecte base de données,CDI,False,Hauts-de-France,data engineer
6988782,2026-09-20 21:30:31+02,2026-09-22 08:30:44+02,Disparue,2,4,M1806,Consultant fonctionnel / Consultante fonctionnelle des systèmes d'information,CDI,False,Grand Est,business analyst
6989857,2026-09-20 21:30:21+02,2026-09-26 08:35:30+02,Disparue,6,8,M1405,Data scientist,MIS,False,Ile-de-France,data scientist
214CBDR,2026-09-20 21:30:24+02,2026-09-26 08:35:33+02,Disparue,6,8,M1827,Ingénieur / Ingénieure DevOps,CDI,False,Ile-de-France,devops
214CBFQ,2026-09-20 21:30:24+02,2026-09-26 08:35:33+02,Disparue,6,8,M1889,Ingénieur / Ingénieure en Intelligence Artificielle (IA),CDI,False,Grand Est,devops
214CCMK,2026-09-20 21:30:23+02,2026-09-26 08:35:32+02,Disparue,6,8,H1208,Automaticien / Automaticienne en bureau d'études,CDI,False,Bretagne,machine learning
214CMFG,2026-09-22 08:30:35+02,2026-09-26 08:35:33+02,Disparue,4,8,M1827,Ingénieur / Ingénieure DevOps,CDI,False,Ile-de-France,devops
6992489,2026-09-20 21:30:31+02,2026-09-22 08:30:44+02,Disparue,2,4,M1852,Analyste d'étude informatique,CDI,False,Ile-de-France,business analyst
6994628,2026-09-20 21:30:22+02,2026-09-22 08:30:33+02,Disparue,2,4,M1811,Data engineer,CDI,False,Ile-de-France,data engineer
6995022,2026-09-20 21:30:31+02,2026-09-22 08:30:44+02,Disparue,2,4,M1852,Analyste d'étude informatique,CDI,False,Occitanie,business analyst
6995480,2026-09-20 21:30:22+02,2026-09-22 08:30:33+02,Disparue,2,4,M1811,Data engineer,CDI,False,Non renseignee,data engineer
6997387,2026-09-20 21:30:23+02,2026-09-21 06:00:07+02,Disparue,1,3,C1127,Expert / Experte à distance sinistres et dommages en assurances,CDI,False,Occitanie,machine learning
6997390,2026-09-20 21:30:26+02,2026-09-26 08:35:36+02,Disparue,6,8,M1811,Data engineer,CDI,False,Ile-de-France,data engineer senior
6997394,2026-09-20 21:30:21+02,2026-09-26 08:35:29+02,Disparue,6,8,M1419,Data analyst,CDI,False,Ile-de-France,data analyst
6997412,2026-09-20 21:30:31+02,2026-09-26 08:35:45+02,Active,6,8,M1852,Analyste d'étude informatique,MIS,False,Ile-de-France,business analyst
6999584,2026-09-20 21:30:31+02,2026-09-26 08:35:45+02,Active,6,8,M1881,Chef / Cheffe de projet Maîtrise d'Ouvrage des Systèmes d'Information (MOA),CDI,False,Ile-de-France,business analyst
214CMZF,2026-09-20 21:30:24+02,2026-09-22 08:30:35+02,Disparue,2,4,M1855,Développeur / Développeuse web,CDI,False,Auvergne-Rhône-Alpes,devops
214CNBB,2026-09-20 21:30:24+02,2026-09-22 08:30:35+02,Disparue,2,4,H1218,Responsable de projet recherche et développement,CDI,False,Auvergne-Rhône-Alpes,devops
214CNBP,2026-09-20 21:30:24+02,2026-09-26 08:35:33+02,Disparue,6,8,M1827,Ingénieur / Ingénieure DevOps,CDI,False,Auvergne-Rhône-Alpes,devops
7003902,2026-09-20 21:30:29+02,2026-09-26 08:35:41+02,Disparue,6,8,M1806,Consultant fonctionnel / Consultante fonctionnelle des systèmes d'information,CDI,False,Ile-de-France,developpeur ia
7005931,2026-09-20 21:30:32+02,2026-09-21 06:00:15+02,Disparue,1,3,M1864,Product Owner,CDI,False,Ile-de-France,product owner
214CQXF,2026-09-22 08:30:35+02,2026-09-26 08:35:33+02,Disparue,4,8,M1801,Administrateur / Administratrice de systèmes d'information (SI),CDI,False,Auvergne-Rhône-Alpes,devops
7006699,2026-09-20 21:30:22+02,2026-09-22 08:30:33+02,Disparue,2,4,M1811,Data engineer,CDI,False,Occitanie,data engineer
7007039,2026-09-20 21:30:21+02,2026-09-26 08:35:29+02,Disparue,6,7,M1836,Ingénieur concepteur / Ingénieure conceptrice informatique,CDI,False,Grand Est,data analyst
214CRWD,2026-09-20 21:30:22+02,2026-09-26 08:35:30+02,Disparue,6,7,M1405,Data scientist,CDI,False,Ile-de-France,data scientist
7010402,2026-09-20 21:30:31+02,2026-09-22 08:30:44+02,Disparue,2,3,M1813,Intégrateur / Intégratrice logiciels métiers,CDI,False,Auvergne-Rhône-Alpes,business analyst
7010849,2026-09-20 21:30:31+02,2026-09-22 08:30:44+02,Disparue,2,3,M1806,Consultant fonctionnel / Consultante fonctionnelle des systèmes d'information,CDI,False,Nouvelle-Aquitaine,business analyst
7010857,2026-09-20 21:30:22+02,2026-09-22 08:30:33+02,Disparue,2,3,M1811,Data engineer,CDI,False,Ile-de-France,data engineer
7010883,2026-09-20 21:30:29+02,2026-09-26 08:35:41+02,Disparue,6,7,M1861,Développeur / Développeuse logiciel ou d'application,CDI,False,Pays de la Loire,developpeur ia
7011148,2026-09-20 21:30:29+02,2026-09-26 08:35:41+02,Disparue,6,7,M1889,Ingénieur / Ingénieure en Intelligence Artificielle (IA),CDI,False,Ile-de-France,developpeur ia
7011559,2026-09-20 21:30:31+02,2026-09-22 08:30:44+02,Disparue,2,3,M1806,Consultant fonctionnel / Consultante fonctionnelle des systèmes d'information,CDI,False,Centre-Val de Loire,business analyst
7011812,2026-09-20 21:30:22+02,2026-09-26 08:35:30+02,Disparue,6,7,M1405,Data scientist,CDI,False,Auvergne-Rhône-Alpes,data scientist
7013541,2026-09-20 21:30:31+02,2026-09-22 08:30:44+02,Disparue,2,3,M1806,Consultant fonctionnel / Consultante fonctionnelle des systèmes d'information,CDI,False,Pays de la Loire,business analyst
7030255,2026-09-20 21:30:22+02,2026-09-26 08:35:43+02,Disparue,6,7,M1811,Data engineer,LIB,False,Auvergne-Rhône-Alpes,genai
7030254,2026-09-20 21:30:32+02,2026-09-25 08:37:49+02,Disparue,5,6,H1218,Responsable de projet recherche et développement,LIB,False,Ile-de-France,product owner
7030259,2026-09-20 21:30:32+02,2026-09-26 08:35:45+02,Active,6,7,M1824,Développeur / Développeuse décisionnel - Business Intelligence,LIB,False,Ile-de-France,product owner
7030267,2026-09-20 21:30:22+02,2026-09-22 08:30:33+02,Disparue,2,3,M1811,Data engineer,LIB,False,Ile-de-France,data engineer
7030268,2026-09-20 21:30:31+02,2026-09-26 08:35:45+02,Active,6,7,M1203,Comptable,LIB,False,Ile-de-France,business analyst
7030280,2026-09-20 21:30:21+02,2026-09-26 08:35:29+02,Disparue,6,7,M1806,Consultant fonctionnel / Consultante fonctionnelle des systèmes d'information,LIB,False,Centre-Val de Loire,data analyst
7030277,2026-09-20 21:30:21+02,2026-09-26 08:35:29+02,Disparue,6,7,G1211,Analyste de la performance sportive,LIB,False,Centre-Val de Loire,data analyst
7030305,2026-09-20 21:30:31+02,2026-09-26 08:35:45+02,Active,6,7,G1302,Yield manager,LIB,False,Ile-de-France,business analyst
7030298,2026-09-20 21:30:21+02,2026-09-22 08:30:44+02,Disparue,2,3,M1811,Data engineer,LIB,False,Ile-de-France,business analyst
7030292,2026-09-20 21:30:32+02,2026-09-26 08:35:45+02,Active,6,7,H1218,Responsable de projet recherche et développement,LIB,False,Ile-de-France,product owner
7030294,2026-09-20 21:30:26+02,2026-09-26 08:35:36+02,Disparue,6,7,M1811,Data engineer,LIB,False,Ile-de-France,data engineer senior
7030300,2026-09-20 21:30:22+02,2026-09-26 08:35:39+02,Disparue,6,7,M1405,Data scientist,LIB,False,Ile-de-France,data scientist junior
7030327,2026-09-20 21:30:32+02,2026-09-26 08:35:45+02,Active,6,7,M1811,Data engineer,LIB,False,Ile-de-France,product owner
7030333,2026-09-20 21:30:22+02,2026-09-26 08:35:39+02,Disparue,6,7,M1405,Data scientist,LIB,False,Ile-de-France,data scientist senior
7030353,2026-09-20 21:30:22+02,2026-09-22 08:30:33+02,Disparue,2,3,M1811,Data engineer,LIB,False,Ile-de-France,data engineer
7030340,2026-09-20 21:30:21+02,2026-09-26 08:35:45+02,Active,6,7,M1419,Data analyst,LIB,False,Ile-de-France,data analyst senior
7030359,2026-09-20 21:30:23+02,2026-09-26 08:35:36+02,Disparue,6,7,M1811,Data engineer,LIB,False,Auvergne-Rhône-Alpes,data engineer senior
7030334,2026-09-20 21:30:32+02,2026-09-26 08:35:45+02,Active,6,7,M1703,Chef / Cheffe de produit,LIB,False,Hauts-de-France,product owner
7030368,2026-09-20 21:30:22+02,2026-09-22 08:30:33+02,Disparue,2,3,M1811,Data engineer,LIB,False,Ile-de-France,data engineer
7030378,2026-09-20 21:30:32+02,2026-09-26 08:35:45+02,Active,6,7,D1406,Directeur / Directrice des ventes,LIB,False,Ile-de-France,product owner
7030385,2026-09-20 21:30:29+02,2026-09-26 08:35:41+02,Disparue,6,7,M1889,Ingénieur / Ingénieure en Intelligence Artificielle (IA),LIB,False,Ile-de-France,developpeur ia
7030392,2026-09-20 21:30:31+02,2026-09-26 08:35:45+02,Active,6,7,K1735,"Architecte système de force, d'arme ou équipement militaire",LIB,False,Nouvelle-Aquitaine,business analyst
7030376,2026-09-20 21:30:31+02,2026-09-26 08:35:45+02,Active,6,7,M1806,Consultant fonctionnel / Consultante fonctionnelle des systèmes d'information,LIB,False,Ile-de-France,business analyst
7030366,2026-09-20 21:30:32+02,2026-09-26 08:35:45+02,Active,6,7,M1811,Data engineer,CDI,False,Ile-de-France,product owner
7030402,2026-09-20 21:30:22+02,2026-09-26 08:35:39+02,Disparue,6,7,M1405,Data scientist,LIB,False,Ile-de-France,data scientist senior
7030412,2026-09-20 21:30:29+02,2026-09-26 08:35:41+02,Disparue,6,7,M1889,Ingénieur / Ingénieure en Intelligence Artificielle (IA),LIB,False,Bourgogne-Franche-Comté,developpeur ia
7030425,2026-09-20 21:30:22+02,2026-09-26 08:35:39+02,Disparue,6,7,M1405,Data scientist,LIB,False,Ile-de-France,data scientist senior
7030427,2026-09-20 21:30:29+02,2026-09-26 08:35:41+02,Disparue,6,7,M1889,Ingénieur / Ingénieure en Intelligence Artificielle (IA),LIB,False,Nouvelle-Aquitaine,developpeur ia
7030389,2026-09-20 21:30:31+02,2026-09-26 08:35:45+02,Active,6,7,M1806,Consultant fonctionnel / Consultante fonctionnelle des systèmes d'information,LIB,False,Ile-de-France,business analyst
7030436,2026-09-20 21:30:31+02,2026-09-26 08:35:45+02,Active,6,7,M1806,Consultant fonctionnel / Consultante fonctionnelle des systèmes d'information,LIB,False,Ile-de-France,business analyst
7030441,2026-09-20 21:30:32+02,2026-09-26 08:35:45+02,Active,6,7,H1218,Responsable de projet recherche et développement,LIB,False,Ile-de-France,product owner
7030449,2026-09-20 21:30:32+02,2026-09-26 08:35:45+02,Active,6,7,M1811,Data engineer,CDI,False,Ile-de-France,product owner
7030430,2026-09-20 21:30:31+02,2026-09-26 08:35:45+02,Active,6,7,M1806,Consultant fonctionnel / Consultante fonctionnelle des systèmes d'information,LIB,False,Ile-de-France,business analyst
7030437,2026-09-20 21:30:23+02,2026-09-22 08:30:41+02,Disparue,2,3,H1218,Responsable de projet recherche et développement,LIB,False,Ile-de-France,mlops engineer
7030446,2026-09-20 21:30:29+02,2026-09-26 08:35:41+02,Disparue,6,7,M1889,Ingénieur / Ingénieure en Intelligence Artificielle (IA),LIB,False,Ile-de-France,developpeur ia
7030878,2026-09-20 21:30:21+02,2026-09-21 06:00:05+02,Disparue,1,2,M1419,Data analyst,CDI,False,Nouvelle-Aquitaine,data analyst
7031820,2026-09-20 21:30:29+02,2026-09-21 06:00:13+02,Disparue,1,2,M1889,Ingénieur / Ingénieure en Intelligence Artificielle (IA),CDI,False,Hauts-de-France,developpeur ia
7033211,2026-09-20 21:30:32+02,2026-09-22 08:30:45+02,Disparue,2,3,M1864,Product Owner,CDI,False,Ile-de-France,product owner
7033236,2026-09-20 21:30:29+02,2026-09-21 06:00:13+02,Disparue,1,2,M1889,Ingénieur / Ingénieure en Intelligence Artificielle (IA),CDI,False,Grand Est,developpeur ia
214CVJT,2026-09-22 08:30:34+02,2026-09-26 08:35:32+02,Disparue,4,6,M1889,Ingénieur / Ingénieure en Intelligence Artificielle (IA),CDI,False,Ile-de-France,machine learning
7036492,2026-09-20 21:30:23+02,2026-09-21 06:00:07+02,Disparue,1,1,M1811,Data engineer,CDI,False,Ile-de-France,machine learning
7036727,2026-09-20 21:30:22+02,2026-09-22 08:30:32+02,Disparue,2,2,M1405,Data scientist,CDI,False,Ile-de-France,data scientist
7039634,2026-09-20 21:30:32+02,2026-09-26 08:35:45+02,Active,6,6,M1864,Product Owner,CDI,False,Provence-Alpes-Côte d'Azur,product owner
7039802,2026-09-20 21:30:23+02,2026-09-26 08:35:41+02,Disparue,6,6,M1889,Ingénieur / Ingénieure en Intelligence Artificielle (IA),CDI,False,Auvergne-Rhône-Alpes,developpeur ia
7042511,2026-09-20 21:30:32+02,2026-09-26 08:35:45+02,Active,6,6,M1855,Développeur / Développeuse web,LIB,False,Ile-de-France,product owner
7042516,2026-09-20 21:30:31+02,2026-09-26 08:35:45+02,Active,6,6,M1839,Architecte systèmes et réseaux,LIB,False,Ile-de-France,business analyst
7042526,2026-09-20 21:30:31+02,2026-09-26 08:35:45+02,Active,6,6,C1120,Conseiller / Conseillère en études actuarielles,LIB,False,Ile-de-France,business analyst
7042536,2026-09-20 21:30:25+02,2026-09-26 08:35:34+02,Disparue,6,6,M1884,"Ingénieur / Ingénieure systèmes, réseaux et sécurité informatique",LIB,False,Normandie,dataops
7042936,2026-09-20 21:30:32+02,2026-09-26 08:35:45+02,Active,6,6,K1903,Juriste,CDI,False,Grand Est,product owner
7043512,2026-09-20 21:30:29+02,2026-09-22 08:30:42+02,Disparue,2,2,M1855,Développeur / Développeuse web,CDI,False,Ile-de-France,developpeur ia
7044057,2026-09-20 21:30:29+02,2026-09-26 08:35:41+02,Disparue,6,6,D1403,Conseiller commercial / Conseillère commerciale auprès des particuliers,CDI,False,Ile-de-France,developpeur ia
7044118,2026-09-20 21:30:21+02,2026-09-22 08:30:31+02,Disparue,2,2,M1419,Data analyst,CDI,False,Ile-de-France,data analyst
7044121,2026-09-20 21:30:23+02,2026-09-22 08:30:34+02,Disparue,2,2,I1307,Antenniste,CDI,False,Grand Est,machine learning
7044153,2026-09-20 21:30:31+02,2026-09-26 08:35:45+02,Active,6,6,M1207,Trésorier / Trésorière,CDD,False,Ile-de-France,business analyst
214CYYM,2026-09-22 08:30:44+02,2026-09-26 08:35:45+02,Active,4,5,M1806,Consultant fonctionnel / Consultante fonctionnelle des systèmes d'information,CDI,False,Grand Est,business analyst
7052386,2026-09-22 08:30:42+02,2026-09-26 08:35:41+02,Disparue,4,5,M1889,Ingénieur / Ingénieure en Intelligence Artificielle (IA),LIB,False,Ile-de-France,developpeur ia
7052387,2026-09-22 08:30:44+02,2026-09-26 08:35:45+02,Active,4,5,M1806,Consultant fonctionnel / Consultante fonctionnelle des systèmes d'information,LIB,False,Ile-de-France,business analyst
7052394,2026-09-22 08:30:32+02,2026-09-26 08:35:30+02,Disparue,4,5,M1405,Data scientist,LIB,False,Ile-de-France,data scientist
214DCFF,2026-09-22 08:30:42+02,2026-09-26 08:35:41+02,Disparue,4,5,M1889,Ingénieur / Ingénieure en Intelligence Artificielle (IA),CDI,False,Ile-de-France,developpeur ia
7052465,2026-09-22 08:30:42+02,2026-09-22 08:30:42+02,Disparue,0,1,M1889,Ingénieur / Ingénieure en Intelligence Artificielle (IA),CDI,False,Bretagne,developpeur ia
214DFXZ,2026-09-22 08:30:45+02,2026-09-26 08:35:45+02,Active,4,5,M1864,Product Owner,CDI,False,Grand Est,product owner
7053311,2026-09-22 08:30:44+02,2026-09-26 08:35:45+02,Active,4,5,M1419,Data analyst,CDI,False,Ile-de-France,business analyst
214DKKC,2026-09-22 08:30:33+02,2026-09-22 08:30:35+02,Disparue,0,1,M1811,Data engineer,CDI,False,Auvergne-Rhône-Alpes,devops
7053931,2026-09-22 08:30:32+02,2026-09-22 08:30:39+02,Disparue,0,1,M1405,Data scientist,CDI,False,Ile-de-France,data scientist senior
7054280,2026-09-22 08:30:34+02,2026-09-22 08:30:34+02,Disparue,0,1,G1302,Yield manager,MIS,False,Ile-de-France,machine learning
7054290,2026-09-22 08:30:32+02,2026-09-26 08:35:30+02,Disparue,4,5,M1405,Data scientist,CDI,False,Ile-de-France,data scientist
7054319,2026-09-22 08:30:44+02,2026-09-26 08:35:45+02,Active,4,5,G1302,Yield manager,CDI,False,Ile-de-France,business analyst
7054458,2026-09-22 08:30:31+02,2026-09-25 08:37:18+02,Disparue,3,4,G1302,Yield manager,MIS,False,Occitanie,data analyst
7054537,2026-09-22 08:30:31+02,2026-09-26 08:35:45+02,Active,4,5,G1302,Yield manager,CDI,False,Ile-de-France,data analyst
7054616,2026-09-22 08:30:33+02,2026-09-22 08:30:33+02,Disparue,0,1,M1811,Data engineer,CDI,False,Ile-de-France,data engineer
7054825,2026-09-22 08:30:44+02,2026-09-22 08:30:44+02,Disparue,0,1,G1302,Yield manager,CDI,False,Ile-de-France,business analyst
214DLKB,2026-09-22 08:30:31+02,2026-09-26 08:35:29+02,Disparue,4,5,M1419,Data analyst,CDI,False,Ile-de-France,data analyst
214DPKY,2026-09-25 08:37:22+02,2026-09-26 08:35:32+02,Disparue,1,5,K2402,Ingénieur / Ingénieure de recherche scientifique,CDI,False,Ile-de-France,machine learning
214DQLT,2026-09-22 08:30:44+02,2026-09-26 08:35:45+02,Active,4,5,M1806,Consultant fonctionnel / Consultante fonctionnelle des systèmes d'information,CDI,False,Ile-de-France,business analyst
7058148,2026-09-22 08:30:31+02,2026-09-26 08:35:29+02,Disparue,4,5,M1419,Data analyst,CDI,False,Nouvelle-Aquitaine,data analyst
7059308,2026-09-22 08:30:33+02,2026-09-22 08:30:33+02,Disparue,0,1,M1811,Data engineer,MIS,False,Ile-de-France,data engineer
7059327,2026-09-22 08:30:32+02,2026-09-25 08:37:19+02,Disparue,3,4,M1405,Data scientist,MIS,False,Ile-de-France,data scientist
7059353,2026-09-22 08:30:42+02,2026-09-26 08:35:41+02,Disparue,4,5,M1889,Ingénieur / Ingénieure en Intelligence Artificielle (IA),MIS,False,Ile-de-France,developpeur ia
7059355,2026-09-22 08:30:42+02,2026-09-26 08:35:41+02,Disparue,4,5,M1889,Ingénieur / Ingénieure en Intelligence Artificielle (IA),MIS,False,Ile-de-France,developpeur ia
7059356,2026-09-22 08:30:34+02,2026-09-22 08:30:34+02,Disparue,0,1,M1889,Ingénieur / Ingénieure en Intelligence Artificielle (IA),MIS,False,Ile-de-France,machine learning
7059415,2026-09-22 08:30:33+02,2026-09-22 08:30:38+02,Disparue,0,1,M1811,Data engineer,CDI,False,Ile-de-France,data engineer senior
7059498,2026-09-22 08:30:44+02,2026-09-22 08:30:44+02,Disparue,0,1,M1806,Consultant fonctionnel / Consultante fonctionnelle des systèmes d'information,MIS,False,Auvergne-Rhône-Alpes,business analyst
7059505,2026-09-22 08:30:45+02,2026-09-25 08:37:49+02,Disparue,3,4,M1864,Product Owner,MIS,False,Ile-de-France,product owner
7059514,2026-09-22 08:30:44+02,2026-09-22 08:30:44+02,Disparue,0,1,M1806,Consultant fonctionnel / Consultante fonctionnelle des systèmes d'information,MIS,False,Auvergne-Rhône-Alpes,business analyst
7059517,2026-09-22 08:30:44+02,2026-09-22 08:30:44+02,Disparue,0,1,M1806,Consultant fonctionnel / Consultante fonctionnelle des systèmes d'information,MIS,False,Occitanie,business analyst
7059515,2026-09-22 08:30:44+02,2026-09-22 08:30:44+02,Disparue,0,1,M1806,Consultant fonctionnel / Consultante fonctionnelle des systèmes d'information,CDI,False,Nouvelle-Aquitaine,business analyst
7059577,2026-09-22 08:30:44+02,2026-09-22 08:30:44+02,Disparue,0,1,M1806,Consultant fonctionnel / Consultante fonctionnelle des systèmes d'information,MIS,False,Ile-de-France,business analyst
7059595,2026-09-22 08:30:33+02,2026-09-22 08:30:33+02,Disparue,0,1,M1811,Data engineer,MIS,False,Nouvelle-Aquitaine,data engineer
7059646,2026-09-22 08:30:33+02,2026-09-25 08:37:32+02,Disparue,3,4,M1811,Data engineer,CDI,False,Auvergne-Rhône-Alpes,data engineer senior
7059647,2026-09-22 08:30:44+02,2026-09-26 08:35:45+02,Active,4,5,M1806,Consultant fonctionnel / Consultante fonctionnelle des systèmes d'information,CDI,False,Auvergne-Rhône-Alpes,business analyst
7059627,2026-09-22 08:30:33+02,2026-09-25 08:37:32+02,Disparue,3,4,M1811,Data engineer,CDI,False,Ile-de-France,data engineer senior
7059674,2026-09-22 08:30:32+02,2026-09-26 08:35:30+02,Disparue,4,5,M1405,Data scientist,MIS,False,Ile-de-France,data scientist
7059679,2026-09-22 08:30:44+02,2026-09-22 08:30:44+02,Disparue,0,1,M1806,Consultant fonctionnel / Consultante fonctionnelle des systèmes d'information,CDI,False,Pays de la Loire,business analyst
7059694,2026-09-22 08:30:44+02,2026-09-22 08:30:44+02,Disparue,0,1,M1806,Consultant fonctionnel / Consultante fonctionnelle des systèmes d'information,CDI,False,Auvergne-Rhône-Alpes,business analyst
7059695,2026-09-22 08:30:44+02,2026-09-22 08:30:44+02,Disparue,0,1,M1806,Consultant fonctionnel / Consultante fonctionnelle des systèmes d'information,CDI,False,Auvergne-Rhône-Alpes,business analyst
7059708,2026-09-22 08:30:44+02,2026-09-22 08:30:44+02,Disparue,0,1,M1806,Consultant fonctionnel / Consultante fonctionnelle des systèmes d'information,MIS,False,Provence-Alpes-Côte d'Azur,business analyst
7059709,2026-09-22 08:30:33+02,2026-09-22 08:30:33+02,Disparue,0,1,M1811,Data engineer,MIS,False,Auvergne-Rhône-Alpes,data engineer
7059716,2026-09-22 08:30:32+02,2026-09-26 08:35:30+02,Disparue,4,5,M1405,Data scientist,MIS,False,Ile-de-France,data scientist
7059719,2026-09-22 08:30:44+02,2026-09-22 08:30:45+02,Disparue,0,1,M1864,Product Owner,CDI,False,Auvergne-Rhône-Alpes,product owner
7059738,2026-09-22 08:30:44+02,2026-09-22 08:30:44+02,Disparue,0,1,M1806,Consultant fonctionnel / Consultante fonctionnelle des systèmes d'information,CDI,False,Ile-de-France,business analyst
7059748,2026-09-22 08:30:33+02,2026-09-22 08:30:33+02,Disparue,0,1,M1811,Data engineer,CDI,False,Ile-de-France,data engineer
7059755,2026-09-22 08:30:33+02,2026-09-25 08:37:21+02,Disparue,3,4,M1811,Data engineer,CDI,False,Ile-de-France,data engineer
7059757,2026-09-22 08:30:32+02,2026-09-22 08:30:34+02,Disparue,0,1,M1405,Data scientist,CDI,False,Ile-de-France,machine learning
7059762,2026-09-22 08:30:33+02,2026-09-25 08:37:21+02,Disparue,3,4,M1811,Data engineer,MIS,False,Ile-de-France,data engineer
7059783,2026-09-22 08:30:33+02,2026-09-22 08:30:33+02,Disparue,0,1,M1811,Data engineer,CDI,False,Ile-de-France,data engineer
7059803,2026-09-22 08:30:44+02,2026-09-25 08:37:47+02,Disparue,3,4,M1806,Consultant fonctionnel / Consultante fonctionnelle des systèmes d'information,CDI,False,Nouvelle-Aquitaine,business analyst
7059812,2026-09-22 08:30:33+02,2026-09-25 08:37:21+02,Disparue,3,4,M1811,Data engineer,MIS,False,Pays de la Loire,data engineer
7059816,2026-09-22 08:30:33+02,2026-09-22 08:30:33+02,Disparue,0,1,M1811,Data engineer,MIS,False,Pays de la Loire,data engineer
7059822,2026-09-22 08:30:44+02,2026-09-22 08:30:44+02,Disparue,0,1,M1806,Consultant fonctionnel / Consultante fonctionnelle des systèmes d'information,CDI,False,Ile-de-France,business analyst
7059833,2026-09-22 08:30:33+02,2026-09-22 08:30:38+02,Disparue,0,1,M1811,Data engineer,CDI,False,Hauts-de-France,data engineer senior
7059834,2026-09-22 08:30:44+02,2026-09-22 08:30:44+02,Disparue,0,1,M1806,Consultant fonctionnel / Consultante fonctionnelle des systèmes d'information,CDI,False,Ile-de-France,business analyst
7059836,2026-09-22 08:30:44+02,2026-09-25 08:37:47+02,Disparue,3,4,M1806,Consultant fonctionnel / Consultante fonctionnelle des systèmes d'information,CDI,False,Nouvelle-Aquitaine,business analyst
7059843,2026-09-22 08:30:44+02,2026-09-22 08:30:44+02,Disparue,0,1,M1806,Consultant fonctionnel / Consultante fonctionnelle des systèmes d'information,CDI,False,Ile-de-France,business analyst
7059848,2026-09-22 08:30:34+02,2026-09-22 08:30:34+02,Disparue,0,1,M1818,Ingénieur / Ingénieure d'étude informatique,MIS,False,Ile-de-France,machine learning
7059856,2026-09-22 08:30:33+02,2026-09-22 08:30:33+02,Disparue,0,1,M1811,Data engineer,CDI,False,Occitanie,data engineer
7059858,2026-09-22 08:30:32+02,2026-09-25 08:37:19+02,Disparue,3,4,M1405,Data scientist,CDI,False,Auvergne-Rhône-Alpes,data scientist
7059867,2026-09-22 08:30:34+02,2026-09-26 08:35:32+02,Disparue,4,5,M1889,Ingénieur / Ingénieure en Intelligence Artificielle (IA),MIS,False,Nouvelle-Aquitaine,machine learning
7059869,2026-09-22 08:30:44+02,2026-09-25 08:37:47+02,Disparue,3,4,M1806,Consultant fonctionnel / Consultante fonctionnelle des systèmes d'information,CDI,False,Hauts-de-France,business analyst
7059878,2026-09-22 08:30:32+02,2026-09-26 08:35:30+02,Disparue,4,5,M1405,Data scientist,MIS,False,Ile-de-France,data scientist
7059875,2026-09-22 08:30:31+02,2026-09-26 08:35:29+02,Disparue,4,5,M1419,Data analyst,MIS,False,Ile-de-France,data analyst
7059887,2026-09-22 08:30:33+02,2026-09-25 08:37:21+02,Disparue,3,4,M1811,Data engineer,CDI,False,Hauts-de-France,data engineer
7059888,2026-09-22 08:30:34+02,2026-09-26 08:35:32+02,Disparue,4,5,M1889,Ingénieur / Ingénieure en Intelligence Artificielle (IA),MIS,False,Ile-de-France,machine learning
7059889,2026-09-22 08:30:34+02,2026-09-26 08:35:32+02,Disparue,4,5,M1889,Ingénieur / Ingénieure en Intelligence Artificielle (IA),MIS,False,Hauts-de-France,machine learning
7059899,2026-09-22 08:30:45+02,2026-09-26 08:35:45+02,Active,4,5,M1864,Product Owner,MIS,False,Ile-de-France,product owner
7059907,2026-09-22 08:30:34+02,2026-09-22 08:30:34+02,Disparue,0,1,M1818,Ingénieur / Ingénieure d'étude informatique,MIS,False,Ile-de-France,machine learning
7059912,2026-09-22 08:30:44+02,2026-09-25 08:37:47+02,Disparue,3,4,M1806,Consultant fonctionnel / Consultante fonctionnelle des systèmes d'information,MIS,False,Ile-de-France,business analyst
7059922,2026-09-22 08:30:44+02,2026-09-22 08:30:44+02,Disparue,0,1,M1806,Consultant fonctionnel / Consultante fonctionnelle des systèmes d'information,CDI,False,Auvergne-Rhône-Alpes,business analyst
7059925,2026-09-22 08:30:44+02,2026-09-25 08:37:47+02,Disparue,3,4,M1806,Consultant fonctionnel / Consultante fonctionnelle des systèmes d'information,MIS,False,Occitanie,business analyst
7059926,2026-09-22 08:30:44+02,2026-09-22 08:30:44+02,Disparue,0,1,M1806,Consultant fonctionnel / Consultante fonctionnelle des systèmes d'information,CDI,False,Pays de la Loire,business analyst
7059928,2026-09-22 08:30:34+02,2026-09-22 08:30:34+02,Disparue,0,1,F1112,Ingénieur / Ingénieure calcul et structure,MIS,False,Provence-Alpes-Côte d'Azur,machine learning
7059933,2026-09-22 08:30:32+02,2026-09-22 08:30:32+02,Disparue,0,1,M1405,Data scientist,CDI,False,Pays de la Loire,data scientist
7059934,2026-09-22 08:30:44+02,2026-09-22 08:30:44+02,Disparue,0,1,M1806,Consultant fonctionnel / Consultante fonctionnelle des systèmes d'information,CDI,False,Bretagne,business analyst
7059932,2026-09-22 08:30:44+02,2026-09-22 08:30:44+02,Disparue,0,1,M1806,Consultant fonctionnel / Consultante fonctionnelle des systèmes d'information,CDI,False,Bretagne,business analyst
7059941,2026-09-22 08:30:44+02,2026-09-22 08:30:44+02,Disparue,0,1,M1806,Consultant fonctionnel / Consultante fonctionnelle des systèmes d'information,CDI,False,Pays de la Loire,business analyst
7059969,2026-09-22 08:30:42+02,2026-09-26 08:35:41+02,Disparue,4,5,M1889,Ingénieur / Ingénieure en Intelligence Artificielle (IA),MIS,False,Ile-de-France,developpeur ia
7059970,2026-09-22 08:30:44+02,2026-09-26 08:35:45+02,Active,4,5,M1806,Consultant fonctionnel / Consultante fonctionnelle des systèmes d'information,MIS,False,Ile-de-France,business analyst
7059986,2026-09-22 08:30:34+02,2026-09-22 08:30:34+02,Disparue,0,1,M1811,Data engineer,MIS,False,Ile-de-France,machine learning
7060916,2026-09-22 08:30:31+02,2026-09-26 08:35:45+02,Active,4,5,M1419,Data analyst,CDI,False,Ile-de-France,business analyst
7060943,2026-09-22 08:30:44+02,2026-09-26 08:35:45+02,Active,4,5,M1806,Consultant fonctionnel / Consultante fonctionnelle des systèmes d'information,CDI,False,Auvergne-Rhône-Alpes,business analyst
7060949,2026-09-22 08:30:45+02,2026-09-26 08:35:45+02,Active,4,5,M1864,Product Owner,CDI,False,Auvergne-Rhône-Alpes,product owner
7061046,2026-09-22 08:30:33+02,2026-09-25 08:37:21+02,Disparue,3,4,M1811,Data engineer,CDI,False,Ile-de-France,data engineer
7061059,2026-09-22 08:30:31+02,2026-09-26 08:35:29+02,Disparue,4,5,M1419,Data analyst,CDI,False,Ile-de-France,data analyst
7061058,2026-09-22 08:30:31+02,2026-09-26 08:35:29+02,Disparue,4,5,M1419,Data analyst,CDI,False,Ile-de-France,data analyst
7062559,2026-09-22 08:30:45+02,2026-09-26 08:35:45+02,Active,4,5,M1864,Product Owner,CDI,False,Ile-de-France,product owner
214DWWD,2026-09-25 08:37:39+02,2026-09-26 08:35:41+02,Disparue,1,5,M1805,Développeur / Développeuse informatique,CDI,False,Auvergne-Rhône-Alpes,developpeur ia
7062851,2026-09-22 08:30:32+02,2026-09-26 08:35:30+02,Disparue,4,5,M1405,Data scientist,CDI,False,Ile-de-France,data scientist
7062850,2026-09-22 08:30:33+02,2026-09-25 08:37:21+02,Disparue,3,4,M1811,Data engineer,CDI,False,Ile-de-France,data engineer
214FCRP,2026-09-22 08:30:44+02,2026-09-26 08:35:45+02,Active,4,5,M1806,Consultant fonctionnel / Consultante fonctionnelle des systèmes d'information,CDI,False,Ile-de-France,business analyst
214FCVX,2026-09-22 08:30:34+02,2026-09-26 08:35:32+02,Disparue,4,5,M1841,Ingénieur informaticien / Ingénieure informaticienne,CDI,False,Bourgogne-Franche-Comté,machine learning
7063349,2026-09-22 08:30:34+02,2026-09-22 08:30:34+02,Disparue,0,1,H1206,Ingénieur / Ingénieure R&D en industrie,CDI,False,Nouvelle-Aquitaine,machine learning
7063547,2026-09-22 08:30:34+02,2026-09-22 08:30:34+02,Disparue,0,1,M1841,Ingénieur informaticien / Ingénieure informaticienne,CDI,False,Auvergne-Rhône-Alpes,machine learning
7063588,2026-09-22 08:30:34+02,2026-09-22 08:30:34+02,Disparue,0,1,M1841,Ingénieur informaticien / Ingénieure informaticienne,CDI,False,Auvergne-Rhône-Alpes,machine learning
214FDCN,2026-09-22 08:30:44+02,2026-09-26 08:35:45+02,Active,4,5,M1806,Consultant fonctionnel / Consultante fonctionnelle des systèmes d'information,CDI,False,Auvergne-Rhône-Alpes,business analyst
7068839,2026-09-22 08:30:45+02,2026-09-26 08:35:45+02,Active,4,4,M1864,Product Owner,CDI,False,Ile-de-France,product owner
7069395,2026-09-22 08:30:31+02,2026-09-22 08:30:31+02,Disparue,0,0,M1419,Data analyst,CDI,False,Nouvelle-Aquitaine,data analyst
7069776,2026-09-22 08:30:45+02,2026-09-25 08:37:49+02,Disparue,3,3,M1864,Product Owner,CDI,False,Ile-de-France,product owner
7070192,2026-09-22 08:30:34+02,2026-09-22 08:30:34+02,Disparue,0,0,M1889,Ingénieur / Ingénieure en Intelligence Artificielle (IA),CDI,False,Hauts-de-France,machine learning
7071110,2026-09-22 08:30:45+02,2026-09-26 08:35:45+02,Active,4,4,M1864,Product Owner,CDI,False,Hauts-de-France,product owner
7073023,2026-09-22 08:30:44+02,2026-09-22 08:30:44+02,Disparue,0,0,M1806,Consultant fonctionnel / Consultante fonctionnelle des systèmes d'information,CDI,False,Ile-de-France,business analyst
7073028,2026-09-22 08:30:32+02,2026-09-22 08:30:34+02,Disparue,0,0,M1405,Data scientist,CDI,False,Occitanie,machine learning
7073029,2026-09-22 08:30:44+02,2026-09-25 08:37:47+02,Disparue,3,3,M1806,Consultant fonctionnel / Consultante fonctionnelle des systèmes d'information,MIS,False,Ile-de-France,business analyst
7073038,2026-09-22 08:30:44+02,2026-09-25 08:37:47+02,Disparue,3,3,M1806,Consultant fonctionnel / Consultante fonctionnelle des systèmes d'information,MIS,False,Provence-Alpes-Côte d'Azur,business analyst
7073243,2026-09-22 08:30:45+02,2026-09-26 08:35:45+02,Active,4,4,M1864,Product Owner,CDI,False,Bretagne,product owner
7073639,2026-09-22 08:30:33+02,2026-09-25 08:37:21+02,Disparue,3,3,M1811,Data engineer,CDI,False,Hauts-de-France,data engineer
7074083,2026-09-22 08:30:31+02,2026-09-26 08:35:29+02,Disparue,4,4,M1419,Data analyst,CDI,False,Ile-de-France,data analyst
7090337,2026-09-22 08:30:42+02,2026-09-26 08:35:41+02,Disparue,4,4,M1889,Ingénieur / Ingénieure en Intelligence Artificielle (IA),CDI,False,Ile-de-France,developpeur ia
7091430,2026-09-22 08:30:45+02,2026-09-26 08:35:45+02,Active,4,4,M1102,Directeur / Directrice des achats,CDI,False,Ile-de-France,product owner
214FKPR,2026-09-25 08:37:47+02,2026-09-26 08:35:45+02,Active,1,4,M1806,Consultant fonctionnel / Consultante fonctionnelle des systèmes d'information,CDD,False,Ile-de-France,business analyst
7092801,2026-09-25 08:37:47+02,2026-09-26 08:35:45+02,Active,1,4,K1903,Juriste,LIB,False,Ile-de-France,business analyst
7092812,2026-09-25 08:37:21+02,2026-09-25 08:37:21+02,Disparue,0,3,M1811,Data engineer,LIB,False,Ile-de-France,data engineer
7092821,2026-09-25 08:37:22+02,2026-09-26 08:35:36+02,Disparue,1,4,M1811,Data engineer,LIB,False,Ile-de-France,data engineer senior
7092831,2026-09-25 08:37:18+02,2026-09-26 08:35:45+02,Active,1,4,M1806,Consultant fonctionnel / Consultante fonctionnelle des systèmes d'information,LIB,False,Ile-de-France,business analyst
7092823,2026-09-25 08:37:49+02,2026-09-26 08:35:45+02,Active,1,4,H1401,Responsable ordonnancement-lancement-planification en industrie,LIB,False,Ile-de-France,product owner
7092826,2026-09-25 08:37:47+02,2026-09-26 08:35:45+02,Active,1,4,M1806,Consultant fonctionnel / Consultante fonctionnelle des systèmes d'information,LIB,False,Ile-de-France,business analyst
7092847,2026-09-25 08:37:21+02,2026-09-26 08:35:31+02,Disparue,1,4,C1203,Chargé / Chargée d'affaires bancaires,LIB,False,Ile-de-France,data engineer
7092837,2026-09-25 08:37:21+02,2026-09-26 08:35:36+02,Disparue,1,4,M1811,Data engineer,LIB,False,Hauts-de-France,data engineer senior
7092846,2026-09-25 08:37:47+02,2026-09-26 08:35:45+02,Active,1,4,C1120,Conseiller / Conseillère en études actuarielles,LIB,False,Centre-Val de Loire,business analyst
7092851,2026-09-25 08:37:47+02,2026-09-26 08:35:45+02,Active,1,4,M1806,Consultant fonctionnel / Consultante fonctionnelle des systèmes d'information,LIB,False,Ile-de-France,business analyst
7092859,2026-09-25 08:37:26+02,2026-09-26 08:35:40+02,Disparue,1,4,H1218,Responsable de projet recherche et développement,LIB,False,Ile-de-France,mlops engineer
7092865,2026-09-25 08:37:49+02,2026-09-26 08:35:45+02,Active,1,4,M1889,Ingénieur / Ingénieure en Intelligence Artificielle (IA),LIB,False,Hauts-de-France,product owner
7092866,2026-09-25 08:37:39+02,2026-09-26 08:35:41+02,Disparue,1,4,M1827,Ingénieur / Ingénieure DevOps,LIB,False,Ile-de-France,developpeur ia
7092876,2026-09-25 08:37:21+02,2026-09-26 08:35:36+02,Disparue,1,4,M1811,Data engineer,LIB,False,Ile-de-France,data engineer senior
7092888,2026-09-25 08:37:47+02,2026-09-26 08:35:45+02,Active,1,4,G1302,Yield manager,LIB,False,Ile-de-France,business analyst
7092873,2026-09-25 08:37:19+02,2026-09-26 08:35:43+02,Disparue,1,4,M1405,Data scientist,LIB,False,Ile-de-France,genai
7092891,2026-09-25 08:37:18+02,2026-09-26 08:35:29+02,Disparue,1,4,M1852,Analyste d'étude informatique,LIB,False,Ile-de-France,data analyst
7092890,2026-09-25 08:37:19+02,2026-09-26 08:35:31+02,Disparue,1,4,M1889,Ingénieur / Ingénieure en Intelligence Artificielle (IA),LIB,False,Ile-de-France,data engineer
7092896,2026-09-25 08:37:47+02,2026-09-26 08:35:45+02,Active,1,4,C1120,Conseiller / Conseillère en études actuarielles,LIB,False,Nouvelle-Aquitaine,business analyst
7092897,2026-09-25 08:37:46+02,2026-09-26 08:35:44+02,Disparue,1,4,M1811,Data engineer,LIB,False,Ile-de-France,freelance data ia
7092904,2026-09-25 08:37:19+02,2026-09-26 08:35:43+02,Disparue,1,4,M1811,Data engineer,LIB,False,Ile-de-France,genai
7092908,2026-09-25 08:37:47+02,2026-09-26 08:35:45+02,Active,1,4,M1821,Analyste d'application informatique,LIB,False,Nouvelle-Aquitaine,business analyst
7092921,2026-09-25 08:37:49+02,2026-09-26 08:35:45+02,Active,1,4,M1889,Ingénieur / Ingénieure en Intelligence Artificielle (IA),LIB,False,Ile-de-France,product owner
7092924,2026-09-25 08:37:47+02,2026-09-26 08:35:45+02,Active,1,4,M1852,Analyste d'étude informatique,LIB,False,Hauts-de-France,business analyst
7092941,2026-09-25 08:37:49+02,2026-09-26 08:35:45+02,Active,1,4,M1716,Directeur / Directrice marketing digital,LIB,False,Provence-Alpes-Côte d'Azur,product owner
7092952,2026-09-25 08:37:47+02,2026-09-26 08:35:45+02,Active,1,4,M1821,Analyste d'application informatique,LIB,False,Hauts-de-France,business analyst
7092951,2026-09-25 08:37:47+02,2026-09-26 08:35:45+02,Active,1,4,M1429,Consultant / Consultante en management,LIB,False,Ile-de-France,business analyst
7092949,2026-09-25 08:37:21+02,2026-09-26 08:35:31+02,Disparue,1,4,M1811,Data engineer,LIB,False,Ile-de-France,data engineer
7092976,2026-09-25 08:37:18+02,2026-09-26 08:35:45+02,Active,1,4,M1419,Data analyst,LIB,False,Ile-de-France,business analyst
7092979,2026-09-25 08:37:49+02,2026-09-26 08:35:45+02,Active,1,4,M1835,Architecte systèmes et réseaux des territoires connectés,LIB,False,Ile-de-France,product owner
7092916,2026-09-25 08:37:18+02,2026-09-26 08:35:29+02,Disparue,1,4,M1811,Data engineer,LIB,False,Provence-Alpes-Côte d'Azur,data analyst
7092981,2026-09-25 08:37:49+02,2026-09-26 08:35:45+02,Active,1,4,M1886,Chef / Cheffe de projet Web,LIB,False,Ile-de-France,product owner
7092944,2026-09-25 08:37:39+02,2026-09-26 08:35:41+02,Disparue,1,4,H1218,Responsable de projet recherche et développement,LIB,False,Ile-de-France,developpeur ia
7093005,2026-09-25 08:37:39+02,2026-09-26 08:35:41+02,Disparue,1,4,H1218,Responsable de projet recherche et développement,LIB,False,Ile-de-France,developpeur ia
7093013,2026-09-25 08:37:18+02,2026-09-26 08:35:29+02,Disparue,1,4,M1811,Data engineer,LIB,False,Provence-Alpes-Côte d'Azur,data analyst
7092961,2026-09-25 08:37:39+02,2026-09-26 08:35:41+02,Disparue,1,4,M1827,Ingénieur / Ingénieure DevOps,LIB,False,Nouvelle-Aquitaine,developpeur ia
7092988,2026-09-25 08:37:47+02,2026-09-26 08:35:45+02,Active,1,4,C1120,Conseiller / Conseillère en études actuarielles,CDI,False,Ile-de-France,business analyst
7093086,2026-09-25 08:37:47+02,2026-09-25 08:37:47+02,Disparue,0,3,M1806,Consultant fonctionnel / Consultante fonctionnelle des systèmes d'information,CDI,False,Pays de la Loire,business analyst
7093094,2026-09-25 08:37:47+02,2026-09-25 08:37:47+02,Disparue,0,3,M1806,Consultant fonctionnel / Consultante fonctionnelle des systèmes d'information,CDI,False,Pays de la Loire,business analyst
7093100,2026-09-25 08:37:40+02,2026-09-25 08:37:40+02,Disparue,0,3,M1818,Ingénieur / Ingénieure d'étude informatique,CDI,False,Provence-Alpes-Côte d'Azur,genai
7093116,2026-09-25 08:37:26+02,2026-09-26 08:35:34+02,Disparue,1,4,M1429,Consultant / Consultante en management,CDI,False,Ile-de-France,mlops
7093124,2026-09-25 08:37:47+02,2026-09-25 08:37:49+02,Disparue,0,3,M1806,Consultant fonctionnel / Consultante fonctionnelle des systèmes d'information,CDI,False,Auvergne-Rhône-Alpes,product owner
7093130,2026-09-25 08:37:21+02,2026-09-26 08:35:36+02,Disparue,1,4,M1811,Data engineer,CDI,False,Ile-de-France,data engineer senior
7093145,2026-09-25 08:37:47+02,2026-09-25 08:37:47+02,Disparue,0,3,M1806,Consultant fonctionnel / Consultante fonctionnelle des systèmes d'information,CDI,False,Bretagne,business analyst
7093149,2026-09-25 08:37:47+02,2026-09-25 08:37:47+02,Disparue,0,3,C1202,Analyste de crédits et risques bancaires,CDI,False,Bretagne,business analyst
7093153,2026-09-25 08:37:47+02,2026-09-25 08:37:47+02,Disparue,0,3,C1202,Analyste de crédits et risques bancaires,CDI,False,Pays de la Loire,business analyst
7093155,2026-09-25 08:37:19+02,2026-09-26 08:35:39+02,Disparue,1,4,M1405,Data scientist,CDI,False,Ile-de-France,data scientist senior
7093156,2026-09-25 08:37:21+02,2026-09-26 08:35:31+02,Disparue,1,4,M1811,Data engineer,CDI,False,Ile-de-France,data engineer
7093178,2026-09-25 08:37:47+02,2026-09-25 08:37:47+02,Disparue,0,3,M1806,Consultant fonctionnel / Consultante fonctionnelle des systèmes d'information,CDI,False,Nouvelle-Aquitaine,business analyst
7093182,2026-09-25 08:37:47+02,2026-09-25 08:37:47+02,Disparue,0,3,M1806,Consultant fonctionnel / Consultante fonctionnelle des systèmes d'information,CDI,False,Auvergne-Rhône-Alpes,business analyst
7093180,2026-09-25 08:37:47+02,2026-09-25 08:37:47+02,Disparue,0,3,M1806,Consultant fonctionnel / Consultante fonctionnelle des systèmes d'information,CDI,False,Pays de la Loire,business analyst
214FPSV,2026-09-25 08:37:39+02,2026-09-26 08:35:41+02,Disparue,1,4,M1889,Ingénieur / Ingénieure en Intelligence Artificielle (IA),CDD,False,Occitanie,developpeur ia
214FRCB,2026-09-25 08:37:49+02,2026-09-26 08:35:45+02,Active,1,4,M1864,Product Owner,CDI,False,Auvergne-Rhône-Alpes,product owner
7093645,2026-09-25 08:37:47+02,2026-09-26 08:35:45+02,Active,1,4,M1419,Data analyst,CDI,False,Ile-de-France,business analyst
7093656,2026-09-25 08:37:49+02,2026-09-26 08:35:45+02,Active,1,4,M1864,Product Owner,CDI,False,Ile-de-France,product owner
214FSYJ,2026-09-25 08:37:25+02,2026-09-26 08:35:33+02,Disparue,1,4,M1855,Développeur / Développeuse web,CDI,False,Occitanie,devops
214FTPK,2026-09-25 08:37:25+02,2026-09-26 08:35:33+02,Disparue,1,4,M1827,Ingénieur / Ingénieure DevOps,CDI,False,Auvergne-Rhône-Alpes,devops
214FVGN,2026-09-25 08:37:25+02,2026-09-26 08:35:33+02,Disparue,1,4,M1805,Développeur / Développeuse informatique,CDI,False,Nouvelle-Aquitaine,devops
214FVVB,2026-09-25 08:37:25+02,2026-09-26 08:35:33+02,Disparue,1,4,M1802,Expert / Experte systèmes et réseaux informatiques,CDI,False,Nouvelle-Aquitaine,devops
214FVXL,2026-09-25 08:37:47+02,2026-09-26 08:35:45+02,Active,1,4,M1806,Consultant fonctionnel / Consultante fonctionnelle des systèmes d'information,CDI,False,Normandie,business analyst
7095009,2026-09-25 08:37:21+02,2026-09-26 08:35:31+02,Disparue,1,4,M1811,Data engineer,MIS,False,Provence-Alpes-Côte d'Azur,data engineer
7097153,2026-09-25 08:37:39+02,2026-09-25 08:37:39+02,Disparue,0,3,M1889,Ingénieur / Ingénieure en Intelligence Artificielle (IA),CDI,False,Grand Est,developpeur ia
214FWMR,2026-09-25 08:37:21+02,2026-09-26 08:35:31+02,Disparue,1,4,M1811,Data engineer,CDI,False,Grand Est,data engineer
214FYVP,2026-09-25 08:37:40+02,2026-09-26 08:35:43+02,Disparue,1,4,M1889,Ingénieur / Ingénieure en Intelligence Artificielle (IA),CDI,False,Centre-Val de Loire,genai
214FZGS,2026-09-25 08:37:25+02,2026-09-26 08:35:33+02,Disparue,1,4,M1855,Développeur / Développeuse web,CDI,False,Ile-de-France,devops
214FZWF,2026-09-25 08:37:25+02,2026-09-26 08:35:33+02,Disparue,1,4,M1818,Ingénieur / Ingénieure d'étude informatique,CDI,False,Ile-de-France,devops
214FZXY,2026-09-25 08:37:21+02,2026-09-26 08:35:31+02,Disparue,1,4,M1811,Data engineer,CDD,False,Ile-de-France,data engineer
214GBLC,2026-09-25 08:37:25+02,2026-09-26 08:35:33+02,Disparue,1,4,M1884,"Ingénieur / Ingénieure systèmes, réseaux et sécurité informatique",CDI,False,Grand Est,devops
7099496,2026-09-25 08:37:37+02,2026-09-26 08:35:41+02,Disparue,1,4,M1429,Consultant / Consultante en management,CDI,False,Ile-de-France,consultant data ia
214GDWY,2026-09-25 08:37:25+02,2026-09-26 08:35:33+02,Disparue,1,4,M1818,Ingénieur / Ingénieure d'étude informatique,CDI,False,Auvergne-Rhône-Alpes,devops
214GFCW,2026-09-25 08:37:21+02,2026-09-26 08:35:31+02,Disparue,1,4,M1811,Data engineer,CDI,False,Hauts-de-France,data engineer
214GFKY,2026-09-25 08:37:25+02,2026-09-26 08:35:33+02,Disparue,1,4,M1805,Développeur / Développeuse informatique,CDI,False,Auvergne-Rhône-Alpes,devops
214GFQF,2026-09-25 08:37:47+02,2026-09-26 08:35:45+02,Active,1,4,M1806,Consultant fonctionnel / Consultante fonctionnelle des systèmes d'information,CDI,False,Auvergne-Rhône-Alpes,business analyst
214GNDY,2026-09-25 08:37:25+02,2026-09-26 08:35:33+02,Disparue,1,4,M1801,Administrateur / Administratrice de systèmes d'information (SI),CDI,False,Pays de la Loire,devops
214GNFQ,2026-09-25 08:37:25+02,2026-09-26 08:35:33+02,Disparue,1,4,M1801,Administrateur / Administratrice de systèmes d'information (SI),CDI,False,Bretagne,devops
214GPCM,2026-09-25 08:37:22+02,2026-09-26 08:35:32+02,Disparue,1,4,F1105,Géologue,CDI,False,Grand Est,machine learning
7104024,2026-09-25 08:37:39+02,2026-09-26 08:35:41+02,Disparue,1,3,M1855,Développeur / Développeuse web,CDI,False,Bretagne,developpeur ia
7104361,2026-09-25 08:37:21+02,2026-09-26 08:35:31+02,Disparue,1,3,M1811,Data engineer,CDI,False,Provence-Alpes-Côte d'Azur,data engineer
7104436,2026-09-25 08:37:47+02,2026-09-26 08:35:45+02,Active,1,3,H1410,Ingénieur / Ingénieure de gestion de la production,MIS,False,Provence-Alpes-Côte d'Azur,business analyst
7107650,2026-09-25 08:37:49+02,2026-09-26 08:35:45+02,Active,1,3,M1864,Product Owner,CDI,False,Ile-de-France,product owner
7112769,2026-09-25 08:37:18+02,2026-09-26 08:35:29+02,Disparue,1,3,M1419,Data analyst,CDD,True,Ile-de-France,data analyst
7112830,2026-09-25 08:37:18+02,2026-09-26 08:35:29+02,Disparue,1,3,M1419,Data analyst,CDI,False,Occitanie,data analyst
7113013,2026-09-25 08:37:21+02,2026-09-26 08:35:31+02,Disparue,1,3,M1811,Data engineer,CDI,False,Auvergne-Rhône-Alpes,data engineer
7113657,2026-09-25 08:37:47+02,2026-09-26 08:35:45+02,Active,1,3,M1802,Expert / Experte systèmes et réseaux informatiques,CDI,False,Ile-de-France,business analyst
7114695,2026-09-25 08:37:49+02,2026-09-26 08:35:45+02,Active,1,3,M1703,Chef / Cheffe de produit,CDI,False,Auvergne-Rhône-Alpes,product owner
7114811,2026-09-25 08:37:47+02,2026-09-26 08:35:45+02,Active,1,3,M1201,Analyste financier / Analyste financière,CDI,False,Pays de la Loire,business analyst
7115085,2026-09-25 08:37:18+02,2026-09-25 08:37:18+02,Disparue,0,2,M1207,Trésorier / Trésorière,CDI,False,Ile-de-France,data analyst
7115186,2026-09-25 08:37:21+02,2026-09-26 08:35:31+02,Disparue,1,3,M1811,Data engineer,CDI,False,Ile-de-France,data engineer
7115352,2026-09-25 08:37:47+02,2026-09-26 08:35:45+02,Active,1,3,M1201,Analyste financier / Analyste financière,CDI,False,Ile-de-France,business analyst
7115387,2026-09-25 08:37:21+02,2026-09-26 08:35:31+02,Disparue,1,3,M1811,Data engineer,CDI,False,Ile-de-France,data engineer
7116440,2026-09-25 08:37:39+02,2026-09-26 08:35:41+02,Disparue,1,3,M1889,Ingénieur / Ingénieure en Intelligence Artificielle (IA),CDI,False,Pays de la Loire,developpeur ia
7116462,2026-09-25 08:37:47+02,2026-09-25 08:37:47+02,Disparue,0,2,M1806,Consultant fonctionnel / Consultante fonctionnelle des systèmes d'information,MIS,False,Normandie,business analyst
7116472,2026-09-25 08:37:21+02,2026-09-25 08:37:21+02,Disparue,0,2,M1811,Data engineer,MIS,False,Pays de la Loire,data engineer
7116557,2026-09-25 08:37:47+02,2026-09-25 08:37:47+02,Disparue,0,2,M1806,Consultant fonctionnel / Consultante fonctionnelle des systèmes d'information,CDI,False,Auvergne-Rhône-Alpes,business analyst
7117698,2026-09-25 08:37:19+02,2026-09-26 08:35:30+02,Disparue,1,3,M1811,Data engineer,CDI,False,Bourgogne-Franche-Comté,data scientist
7117776,2026-09-25 08:37:19+02,2026-09-26 08:35:30+02,Disparue,1,3,M1405,Data scientist,CDI,False,Pays de la Loire,data scientist
7124553,2026-09-25 08:37:22+02,2026-09-25 08:37:22+02,Disparue,0,2,K2307,Agent / Agente de propreté urbaine,CDD,False,Ile-de-France,machine learning
7124649,2026-09-25 08:37:22+02,2026-09-25 08:37:22+02,Disparue,0,2,M1618,Agent / Agente de liaison courrier,CDI,False,Ile-de-France,machine learning
214GTLC,2026-09-25 08:37:25+02,2026-09-26 08:35:33+02,Disparue,1,3,M1801,Administrateur / Administratrice de systèmes d'information (SI),CDD,False,Grand Est,devops
214GTZJ,2026-09-25 08:37:25+02,2026-09-26 08:35:33+02,Disparue,1,3,M1827,Ingénieur / Ingénieure DevOps,CDI,False,Auvergne-Rhône-Alpes,devops
214GVTT,2026-09-25 08:37:21+02,2026-09-26 08:35:31+02,Disparue,1,3,M1811,Data engineer,CDI,False,Ile-de-France,data engineer
214GVZS,2026-09-25 08:37:39+02,2026-09-26 08:35:41+02,Disparue,1,3,M1805,Développeur / Développeuse informatique,CDI,False,Hauts-de-France,developpeur ia
214GWTX,2026-09-25 08:37:18+02,2026-09-26 08:35:29+02,Disparue,1,3,M1419,Data analyst,CDD,False,Ile-de-France,data analyst
214GWVN,2026-09-25 08:37:47+02,2026-09-26 08:35:45+02,Active,1,3,M1806,Consultant fonctionnel / Consultante fonctionnelle des systèmes d'information,CDI,False,Ile-de-France,business analyst
7125918,2026-09-25 08:37:18+02,2026-09-26 08:35:29+02,Disparue,1,3,M1835,Architecte systèmes et réseaux des territoires connectés,LIB,False,Ile-de-France,data analyst
7125920,2026-09-25 08:37:18+02,2026-09-26 08:35:45+02,Active,1,3,M1806,Consultant fonctionnel / Consultante fonctionnelle des systèmes d'information,LIB,False,Auvergne-Rhône-Alpes,business analyst
7125931,2026-09-25 08:37:49+02,2026-09-26 08:35:45+02,Active,1,3,M1805,Développeur / Développeuse informatique,LIB,False,Auvergne-Rhône-Alpes,product owner
7125942,2026-09-25 08:37:47+02,2026-09-26 08:35:45+02,Active,1,3,C1213,Directeur / Directrice d'organisme de crédit,LIB,False,Ile-de-France,business analyst
7125929,2026-09-25 08:37:47+02,2026-09-26 08:35:45+02,Active,1,3,C1214,Chargé / Chargée d'études crédits bancaires,LIB,False,Provence-Alpes-Côte d'Azur,business analyst
7125940,2026-09-25 08:37:47+02,2026-09-26 08:35:45+02,Active,1,3,M1806,Consultant fonctionnel / Consultante fonctionnelle des systèmes d'information,LIB,False,Ile-de-France,business analyst
7125937,2026-09-25 08:37:21+02,2026-09-26 08:35:31+02,Disparue,1,3,M1811,Data engineer,CDI,False,Ile-de-France,data engineer
7125952,2026-09-25 08:37:21+02,2026-09-26 08:35:31+02,Disparue,1,3,M1811,Data engineer,LIB,False,Pays de la Loire,data engineer
7125951,2026-09-25 08:37:32+02,2026-09-26 08:35:36+02,Disparue,1,3,M1811,Data engineer,LIB,False,Ile-de-France,data engineer senior
7125948,2026-09-25 08:37:22+02,2026-09-26 08:35:34+02,Disparue,1,3,M1859,Chef / Cheffe de projet maîtrise d'œuvre informatique,CDI,False,Ile-de-France,mlops
7125955,2026-09-25 08:37:47+02,2026-09-26 08:35:45+02,Active,1,3,M1806,Consultant fonctionnel / Consultante fonctionnelle des systèmes d'information,LIB,False,Auvergne-Rhône-Alpes,business analyst
7125967,2026-09-25 08:37:39+02,2026-09-26 08:35:41+02,Disparue,1,3,M1889,Ingénieur / Ingénieure en Intelligence Artificielle (IA),LIB,False,Ile-de-France,developpeur ia
7125980,2026-09-25 08:37:21+02,2026-09-26 08:35:31+02,Disparue,1,3,M1811,Data engineer,LIB,False,Provence-Alpes-Côte d'Azur,data engineer
7125979,2026-09-25 08:37:49+02,2026-09-26 08:35:45+02,Active,1,3,M1889,Ingénieur / Ingénieure en Intelligence Artificielle (IA),LIB,False,Pays de la Loire,product owner
7125974,2026-09-25 08:37:21+02,2026-09-26 08:35:36+02,Disparue,1,3,M1811,Data engineer,CDI,False,Ile-de-France,data engineer senior
7125987,2026-09-25 08:37:47+02,2026-09-26 08:35:45+02,Active,1,3,M1876,Technicien / Technicienne Cloud,LIB,False,Hauts-de-France,business analyst
7125993,2026-09-25 08:37:49+02,2026-09-26 08:35:45+02,Active,1,3,E1403,Consultant / Consultante média,LIB,False,Hauts-de-France,product owner
7125996,2026-09-25 08:37:21+02,2026-09-26 08:35:31+02,Disparue,1,3,M1811,Data engineer,LIB,False,Ile-de-France,data engineer
7125997,2026-09-25 08:37:21+02,2026-09-26 08:35:31+02,Disparue,1,3,M1811,Data engineer,LIB,False,Ile-de-France,data engineer
7126010,2026-09-25 08:37:22+02,2026-09-25 08:37:22+02,Disparue,0,2,M1889,Ingénieur / Ingénieure en Intelligence Artificielle (IA),LIB,False,Ile-de-France,machine learning
7126004,2026-09-25 08:37:47+02,2026-09-26 08:35:45+02,Active,1,3,M1203,Comptable,LIB,False,Ile-de-France,business analyst
7126026,2026-09-25 08:37:39+02,2026-09-26 08:35:41+02,Disparue,1,3,M1889,Ingénieur / Ingénieure en Intelligence Artificielle (IA),LIB,False,Ile-de-France,developpeur ia
7126027,2026-09-25 08:37:21+02,2026-09-26 08:35:31+02,Disparue,1,3,M1811,Data engineer,LIB,False,Ile-de-France,machine learning
7126028,2026-09-25 08:37:47+02,2026-09-26 08:35:45+02,Active,1,3,H1102,Ingénieur / Ingénieure d'affaires en industrie,LIB,False,Ile-de-France,business analyst
7126037,2026-09-25 08:37:18+02,2026-09-25 08:37:18+02,Disparue,0,2,M1823,Consultant / Consultante avant-vente,LIB,False,Ile-de-France,data analyst
7126035,2026-09-25 08:37:18+02,2026-09-26 08:35:29+02,Disparue,1,3,M1811,Data engineer,LIB,False,Ile-de-France,data analyst
7126044,2026-09-25 08:37:21+02,2026-09-26 08:35:36+02,Disparue,1,3,M1806,Consultant fonctionnel / Consultante fonctionnelle des systèmes d'information,LIB,False,Ile-de-France,data engineer senior
7126046,2026-09-25 08:37:21+02,2026-09-26 08:35:31+02,Disparue,1,3,M1811,Data engineer,LIB,False,Nouvelle-Aquitaine,data engineer
7126052,2026-09-25 08:37:19+02,2026-09-26 08:35:41+02,Disparue,1,3,M1889,Ingénieur / Ingénieure en Intelligence Artificielle (IA),LIB,False,Pays de la Loire,developpeur ia
7126065,2026-09-25 08:37:39+02,2026-09-26 08:35:41+02,Disparue,1,3,M1889,Ingénieur / Ingénieure en Intelligence Artificielle (IA),LIB,False,Ile-de-France,developpeur ia
7126068,2026-09-25 08:37:49+02,2026-09-26 08:35:45+02,Active,1,3,M1889,Ingénieur / Ingénieure en Intelligence Artificielle (IA),LIB,False,Ile-de-France,product owner
7126079,2026-09-25 08:37:49+02,2026-09-26 08:35:45+02,Active,1,3,M1887,Product builder no code,LIB,False,Ile-de-France,product owner
7126084,2026-09-25 08:37:19+02,2026-09-26 08:35:39+02,Disparue,1,3,C1204,Gestionnaire de produits bancaires,LIB,False,Ile-de-France,data scientist senior
7126100,2026-09-25 08:37:49+02,2026-09-26 08:35:45+02,Active,1,3,C1304,Gestionnaire d'organisme de placement collectif en valeurs mobilières -OPCVM-,CDI,False,Non renseignee,product owner
7126107,2026-09-25 08:37:47+02,2026-09-26 08:35:45+02,Active,1,3,M1860,Architecte cloud,LIB,False,Hauts-de-France,business analyst
7126091,2026-09-25 08:37:39+02,2026-09-26 08:35:41+02,Disparue,1,3,M1889,Ingénieur / Ingénieure en Intelligence Artificielle (IA),LIB,False,Normandie,developpeur ia
7126095,2026-09-25 08:37:39+02,2026-09-26 08:35:41+02,Disparue,1,3,M1889,Ingénieur / Ingénieure en Intelligence Artificielle (IA),CDI,False,Auvergne-Rhône-Alpes,developpeur ia
7126094,2026-09-25 08:37:49+02,2026-09-26 08:35:45+02,Active,1,3,M1889,Ingénieur / Ingénieure en Intelligence Artificielle (IA),LIB,False,Ile-de-France,product owner
7126104,2026-09-25 08:37:40+02,2026-09-26 08:35:43+02,Disparue,1,3,M1889,Ingénieur / Ingénieure en Intelligence Artificielle (IA),LIB,False,Ile-de-France,genai
214GYND,2026-09-25 08:37:21+02,2026-09-26 08:35:31+02,Disparue,1,3,M1811,Data engineer,CDD,False,Ile-de-France,data engineer
214GZGN,2026-09-25 08:37:25+02,2026-09-26 08:35:33+02,Disparue,1,3,M1801,Administrateur / Administratrice de systèmes d'information (SI),CDI,False,Occitanie,devops
7132189,2026-09-25 08:37:22+02,2026-09-26 08:35:32+02,Disparue,1,3,M1868,Architecte base de données,CDI,False,Hauts-de-France,machine learning
7132197,2026-09-25 08:37:47+02,2026-09-26 08:35:45+02,Active,1,3,M1203,Comptable,CDI,False,Auvergne-Rhône-Alpes,business analyst
7132222,2026-09-25 08:37:40+02,2026-09-26 08:35:43+02,Disparue,1,3,K2127,Professeur / Professeure d'enseignement général pour déficients sensoriels,CDI,False,Ile-de-France,genai
7132374,2026-09-25 08:37:21+02,2026-09-26 08:35:31+02,Disparue,1,3,M1868,Architecte base de données,LIB,False,Ile-de-France,data engineer
7132376,2026-09-25 08:37:47+02,2026-09-26 08:35:45+02,Active,1,3,M1419,Data analyst,CDI,False,Nouvelle-Aquitaine,business analyst
7132379,2026-09-25 08:37:21+02,2026-09-26 08:35:31+02,Disparue,1,3,M1868,Architecte base de données,CDD,True,Provence-Alpes-Côte d'Azur,data engineer
7133021,2026-09-25 08:37:47+02,2026-09-26 08:35:45+02,Active,1,3,C1202,Analyste de crédits et risques bancaires,CDI,False,Auvergne-Rhône-Alpes,business analyst
7133079,2026-09-25 08:37:19+02,2026-09-26 08:35:30+02,Disparue,1,3,M1405,Data scientist,CDI,False,Auvergne-Rhône-Alpes,data scientist
7133120,2026-09-25 08:37:18+02,2026-09-26 08:35:35+02,Disparue,1,3,M1419,Data analyst,MIS,False,Ile-de-France,data analyst senior
7133121,2026-09-25 08:37:40+02,2026-09-26 08:35:43+02,Disparue,1,3,M1873,Spécialiste IA embarquée,CDI,False,Pays de la Loire,genai
7133149,2026-09-25 08:37:22+02,2026-09-26 08:35:34+02,Disparue,1,3,M1889,Ingénieur / Ingénieure en Intelligence Artificielle (IA),MIS,False,Ile-de-France,mlops
7133146,2026-09-25 08:37:21+02,2026-09-25 08:37:21+02,Disparue,0,2,M1811,Data engineer,MIS,False,Auvergne-Rhône-Alpes,data engineer
7133154,2026-09-25 08:37:39+02,2026-09-26 08:35:41+02,Disparue,1,3,M1889,Ingénieur / Ingénieure en Intelligence Artificielle (IA),MIS,False,Nouvelle-Aquitaine,developpeur ia
7133155,2026-09-25 08:37:39+02,2026-09-26 08:35:41+02,Disparue,1,3,M1889,Ingénieur / Ingénieure en Intelligence Artificielle (IA),MIS,False,Nouvelle-Aquitaine,developpeur ia
7133160,2026-09-25 08:37:22+02,2026-09-25 08:37:22+02,Disparue,0,2,M1841,Ingénieur informaticien / Ingénieure informaticienne,MIS,False,Ile-de-France,machine learning
7133216,2026-09-25 08:37:22+02,2026-09-26 08:35:34+02,Disparue,1,3,M1827,Ingénieur / Ingénieure DevOps,CDI,False,Ile-de-France,mlops
7133237,2026-09-25 08:37:39+02,2026-09-26 08:35:41+02,Disparue,1,3,K1712,Pilote d'aéronef militaire,CDI,False,Auvergne-Rhône-Alpes,developpeur ia
7134457,2026-09-25 08:37:21+02,2026-09-26 08:35:31+02,Disparue,1,3,M1811,Data engineer,MIS,False,Bretagne,machine learning
7134463,2026-09-25 08:37:21+02,2026-09-26 08:35:31+02,Disparue,1,3,M1811,Data engineer,MIS,False,Ile-de-France,data engineer
7136056,2026-09-25 08:37:39+02,2026-09-26 08:35:41+02,Disparue,1,3,M1855,Développeur / Développeuse web,CDI,False,Ile-de-France,developpeur ia
7136076,2026-09-25 08:37:21+02,2026-09-26 08:35:36+02,Disparue,1,3,M1811,Data engineer,CDI,False,Grand Est,data engineer senior
7136082,2026-09-25 08:37:32+02,2026-09-26 08:35:36+02,Disparue,1,3,M1811,Data engineer,CDI,False,Bourgogne-Franche-Comté,data engineer senior
7136095,2026-09-25 08:37:47+02,2026-09-26 08:35:45+02,Active,1,3,M1806,Consultant fonctionnel / Consultante fonctionnelle des systèmes d'information,CDI,False,Ile-de-France,business analyst
7136105,2026-09-25 08:37:39+02,2026-09-26 08:35:41+02,Disparue,1,3,M1889,Ingénieur / Ingénieure en Intelligence Artificielle (IA),CDI,False,Ile-de-France,developpeur ia
7136792,2026-09-25 08:37:18+02,2026-09-26 08:35:29+02,Disparue,1,3,M1419,Data analyst,MIS,False,Grand Est,data analyst
7138068,2026-09-25 08:37:47+02,2026-09-26 08:35:45+02,Active,1,3,M1806,Consultant fonctionnel / Consultante fonctionnelle des systèmes d'information,CDI,False,Ile-de-France,business analyst
214HGZF,2026-09-25 08:37:49+02,2026-09-26 08:35:45+02,Active,1,3,M1864,Product Owner,CDI,False,Occitanie,product owner
214HHHY,2026-09-25 08:37:25+02,2026-09-26 08:35:33+02,Disparue,1,3,M1855,Développeur / Développeuse web,CDI,False,Ile-de-France,devops
214HLKR,2026-09-25 08:37:25+02,2026-09-26 08:35:33+02,Disparue,1,3,M1827,Ingénieur / Ingénieure DevOps,CDI,False,Ile-de-France,devops
7149174,2026-09-25 08:37:22+02,2026-09-25 08:37:22+02,Disparue,0,2,M1607,Assistant administratif / Assistante administrative,CDD,False,Nouvelle-Aquitaine,machine learning
214HNZF,2026-09-25 08:37:21+02,2026-09-26 08:35:31+02,Disparue,1,3,M1811,Data engineer,CDD,False,Auvergne-Rhône-Alpes,data engineer
214HVTS,2026-09-25 08:37:25+02,2026-09-26 08:35:33+02,Disparue,1,3,M1827,Ingénieur / Ingénieure DevOps,CDD,True,Pays de la Loire,devops
214HWZX,2026-09-25 08:37:49+02,2026-09-26 08:35:45+02,Active,1,3,M1864,Product Owner,CDI,False,Pays de la Loire,product owner
214HYLX,2026-09-25 08:37:22+02,2026-09-26 08:35:45+02,Active,1,2,M1853,Chef / Cheffe de projet étude et développement informatique,CDI,False,Pays de la Loire,product owner
214HYLZ,2026-09-25 08:37:21+02,2026-09-26 08:35:31+02,Disparue,1,2,M1811,Data engineer,CDI,False,Pays de la Loire,data engineer
7151984,2026-09-25 08:37:18+02,2026-09-26 08:35:29+02,Disparue,1,2,M1419,Data analyst,CDI,False,Ile-de-France,data analyst
7153789,2026-09-25 08:37:22+02,2026-09-25 08:37:22+02,Disparue,0,1,M1889,Ingénieur / Ingénieure en Intelligence Artificielle (IA),CDI,False,Ile-de-France,machine learning
7155610,2026-09-25 08:37:22+02,2026-09-25 08:37:22+02,Disparue,0,1,H1224,Technicien / Technicienne de laboratoire de recherche-développement,CDI,False,Ile-de-France,machine learning
7155675,2026-09-25 08:37:19+02,2026-09-26 08:35:30+02,Disparue,1,2,M1405,Data scientist,CDI,False,Ile-de-France,data scientist
7155722,2026-09-25 08:37:22+02,2026-09-25 08:37:22+02,Disparue,0,1,F1137,Chargé / Chargée de méthodes BTP,CDD,False,Hauts-de-France,machine learning
7155898,2026-09-25 08:37:18+02,2026-09-26 08:35:45+02,Active,1,2,M1201,Analyste financier / Analyste financière,CDI,False,Ile-de-France,business analyst
7157103,2026-09-25 08:37:21+02,2026-09-26 08:35:36+02,Disparue,1,2,M1811,Data engineer,CDI,False,Hauts-de-France,data engineer senior
7157111,2026-09-25 08:37:47+02,2026-09-25 08:37:47+02,Disparue,0,1,M1806,Consultant fonctionnel / Consultante fonctionnelle des systèmes d'information,CDI,False,Ile-de-France,business analyst
7157133,2026-09-25 08:37:47+02,2026-09-26 08:35:45+02,Active,1,2,M1806,Consultant fonctionnel / Consultante fonctionnelle des systèmes d'information,MIS,False,Auvergne-Rhône-Alpes,business analyst
7157259,2026-09-25 08:37:22+02,2026-09-26 08:35:32+02,Disparue,1,2,H2515,Chef / Cheffe d'atelier en industrie de transformation,CDI,False,Ile-de-France,machine learning
7157258,2026-09-25 08:37:22+02,2026-09-25 08:37:22+02,Disparue,0,1,H2515,Chef / Cheffe d'atelier en industrie de transformation,CDI,False,Ile-de-France,machine learning
7157252,2026-09-25 08:37:22+02,2026-09-25 08:37:22+02,Disparue,0,1,H2515,Chef / Cheffe d'atelier en industrie de transformation,CDI,False,Ile-de-France,machine learning
7160488,2026-09-25 08:37:21+02,2026-09-26 08:35:31+02,Disparue,1,2,M1811,Data engineer,CDI,False,Ile-de-France,data engineer
7160630,2026-09-25 08:37:22+02,2026-09-26 08:35:32+02,Disparue,1,2,N2201,Agent / Agente d'Escale Commerciale aéroportuaire (AEC),CDI,False,Ile-de-France,machine learning
7161746,2026-09-25 08:37:18+02,2026-09-26 08:35:29+02,Disparue,1,2,C1120,Conseiller / Conseillère en études actuarielles,LIB,False,Ile-de-France,data analyst
7161743,2026-09-25 08:37:21+02,2026-09-26 08:35:31+02,Disparue,1,2,M1811,Data engineer,LIB,False,Hauts-de-France,data engineer
7161753,2026-09-25 08:37:21+02,2026-09-26 08:35:31+02,Disparue,1,2,M1860,Architecte cloud,LIB,False,Ile-de-France,data engineer
7161756,2026-09-25 08:37:49+02,2026-09-26 08:35:45+02,Active,1,2,C1214,Chargé / Chargée d'études crédits bancaires,LIB,False,Pays de la Loire,product owner
7161754,2026-09-25 08:37:22+02,2026-09-26 08:35:32+02,Disparue,1,2,M1889,Ingénieur / Ingénieure en Intelligence Artificielle (IA),LIB,False,Ile-de-France,machine learning
7161755,2026-09-25 08:37:39+02,2026-09-26 08:35:41+02,Disparue,1,2,M1889,Ingénieur / Ingénieure en Intelligence Artificielle (IA),LIB,False,Ile-de-France,developpeur ia
7161762,2026-09-25 08:37:39+02,2026-09-26 08:35:45+02,Active,1,2,M1889,Ingénieur / Ingénieure en Intelligence Artificielle (IA),LIB,False,Hauts-de-France,product owner
7161759,2026-09-25 08:37:21+02,2026-09-26 08:35:31+02,Disparue,1,2,M1879,Ingénieur / Ingénieure Cloud computing,LIB,False,Hauts-de-France,data engineer
7161782,2026-09-25 08:37:21+02,2026-09-26 08:35:31+02,Disparue,1,2,G1211,Analyste de la performance sportive,LIB,False,Hauts-de-France,data engineer
7161817,2026-09-25 08:37:47+02,2026-09-26 08:35:45+02,Active,1,2,A1325,Chargé / Chargée de projet Biodiversité,LIB,False,Ile-de-France,business analyst
7161800,2026-09-25 08:37:21+02,2026-09-26 08:35:31+02,Disparue,1,2,M1811,Data engineer,LIB,False,Ile-de-France,data engineer
7161799,2026-09-25 08:37:40+02,2026-09-26 08:35:43+02,Disparue,1,2,H1218,Responsable de projet recherche et développement,LIB,False,Ile-de-France,genai
7161806,2026-09-25 08:37:19+02,2026-09-26 08:35:32+02,Disparue,1,2,M1405,Data scientist,LIB,False,Ile-de-France,machine learning
7161810,2026-09-25 08:37:22+02,2026-09-26 08:35:41+02,Disparue,1,2,M1889,Ingénieur / Ingénieure en Intelligence Artificielle (IA),LIB,False,Ile-de-France,developpeur ia
7161819,2026-09-25 08:37:47+02,2026-09-26 08:35:45+02,Active,1,2,G1302,Yield manager,CDI,False,Ile-de-France,business analyst
7161821,2026-09-25 08:37:32+02,2026-09-26 08:35:45+02,Active,1,2,M1811,Data engineer,LIB,False,Ile-de-France,product owner
7161832,2026-09-25 08:37:49+02,2026-09-26 08:35:45+02,Active,1,2,I1303,Technicien / Technicienne de maintenance de distributeurs automatiques,LIB,False,Hauts-de-France,product owner
7161844,2026-09-25 08:37:18+02,2026-09-26 08:35:45+02,Active,1,2,D1444,Responsable grands comptes,LIB,False,Ile-de-France,business analyst
7161840,2026-09-25 08:37:19+02,2026-09-26 08:35:32+02,Disparue,1,2,F1135,Chargé / Chargée d'affaires BTP,LIB,False,Auvergne-Rhône-Alpes,machine learning
7161845,2026-09-25 08:37:49+02,2026-09-26 08:35:45+02,Active,1,2,H1218,Responsable de projet recherche et développement,LIB,False,Ile-de-France,product owner
7161870,2026-09-25 08:37:19+02,2026-09-26 08:35:39+02,Disparue,1,2,M1823,Consultant / Consultante avant-vente,LIB,False,Ile-de-France,data scientist senior
7161860,2026-09-25 08:37:49+02,2026-09-26 08:35:45+02,Active,1,2,M1102,Directeur / Directrice des achats,LIB,False,Auvergne-Rhône-Alpes,product owner
7161847,2026-09-25 08:37:18+02,2026-09-26 08:35:39+02,Disparue,1,2,M1872,Consultant décisionnel / Consultante décisionnelle - Business Intelligence,LIB,False,Auvergne-Rhône-Alpes,data scientist senior
7161853,2026-09-25 08:37:47+02,2026-09-26 08:35:45+02,Active,1,2,M1858,Chef / Cheffe de projet TMA - Tierce Maintenance Applicative,LIB,False,Ile-de-France,business analyst
7161882,2026-09-25 08:37:18+02,2026-09-26 08:35:29+02,Disparue,1,2,M1811,Data engineer,LIB,False,Ile-de-France,data analyst
7161875,2026-09-25 08:37:32+02,2026-09-26 08:35:36+02,Disparue,1,2,M1811,Data engineer,LIB,False,Ile-de-France,data engineer senior
7161890,2026-09-25 08:37:47+02,2026-09-26 08:35:45+02,Active,1,2,E1403,Consultant / Consultante média,LIB,False,Ile-de-France,business analyst
7161901,2026-09-25 08:37:49+02,2026-09-26 08:35:45+02,Active,1,2,M1884,"Ingénieur / Ingénieure systèmes, réseaux et sécurité informatique",LIB,False,Ile-de-France,product owner
7161911,2026-09-25 08:37:19+02,2026-09-26 08:35:43+02,Disparue,1,2,M1811,Data engineer,LIB,False,Ile-de-France,genai
7161907,2026-09-25 08:37:21+02,2026-09-26 08:35:31+02,Disparue,1,2,C1403,Cadre technique de la banque,LIB,False,Ile-de-France,data engineer
7161908,2026-09-25 08:37:49+02,2026-09-26 08:35:45+02,Active,1,2,M1864,Product Owner,LIB,False,Pays de la Loire,product owner
7161926,2026-09-25 08:37:21+02,2026-09-26 08:35:31+02,Disparue,1,2,C1402,Agent / Agente technique des régimes de retraite complémentaire et de prévoyance,LIB,False,Ile-de-France,data engineer
7161937,2026-09-25 08:37:22+02,2026-09-26 08:35:32+02,Disparue,1,2,M1889,Ingénieur / Ingénieure en Intelligence Artificielle (IA),LIB,False,Provence-Alpes-Côte d'Azur,machine learning
7161941,2026-09-25 08:37:47+02,2026-09-25 08:37:47+02,Disparue,0,1,M1806,Consultant fonctionnel / Consultante fonctionnelle des systèmes d'information,LIB,False,Hauts-de-France,business analyst
214JJDQ,2026-09-25 08:37:39+02,2026-09-26 08:35:41+02,Disparue,1,2,M1889,Ingénieur / Ingénieure en Intelligence Artificielle (IA),CDD,False,Auvergne-Rhône-Alpes,developpeur ia
214JJDT,2026-09-25 08:37:25+02,2026-09-26 08:35:33+02,Disparue,1,2,H2502,Ingénieur / Ingénieure de production,CDI,False,Auvergne-Rhône-Alpes,devops
214JJLN,2026-09-25 08:37:25+02,2026-09-26 08:35:33+02,Disparue,1,2,M1855,Développeur / Développeuse web,CDD,False,Centre-Val de Loire,devops
214JJZZ,2026-09-25 08:37:47+02,2026-09-26 08:35:45+02,Active,1,2,M1852,Analyste d'étude informatique,MIS,False,Ile-de-France,business analyst
7162963,2026-09-25 08:37:39+02,2026-09-26 08:35:41+02,Disparue,1,2,M1855,Développeur / Développeuse web,CDD,True,Pays de la Loire,developpeur ia
7163062,2026-09-25 08:37:18+02,2026-09-26 08:35:29+02,Disparue,1,2,M1419,Data analyst,CDD,True,Bretagne,data analyst
7163049,2026-09-25 08:37:47+02,2026-09-25 08:37:47+02,Disparue,0,1,M1806,Consultant fonctionnel / Consultante fonctionnelle des systèmes d'information,CDI,False,Hauts-de-France,business analyst
7163085,2026-09-25 08:37:18+02,2026-09-26 08:35:29+02,Disparue,1,2,M1419,Data analyst,CDD,True,Ile-de-France,data analyst
214JKRL,2026-09-25 08:37:21+02,2026-09-26 08:35:33+02,Disparue,1,2,M1811,Data engineer,CDI,False,Occitanie,devops
214JMDM,2026-09-25 08:37:25+02,2026-09-26 08:35:33+02,Disparue,1,2,M1827,Ingénieur / Ingénieure DevOps,CDI,False,Occitanie,devops
214JMGC,2026-09-25 08:37:18+02,2026-09-26 08:35:29+02,Disparue,1,2,M1403,Chargé / Chargée d'études socio-économiques,MIS,False,Bretagne,data analyst
7163906,2026-09-25 08:37:49+02,2026-09-26 08:35:45+02,Active,1,2,M1864,Product Owner,CDI,False,Ile-de-France,product owner
7164081,2026-09-25 08:37:19+02,2026-09-26 08:35:30+02,Disparue,1,2,H1401,Responsable ordonnancement-lancement-planification en industrie,CDI,False,Ile-de-France,data scientist
7164164,2026-09-25 08:37:49+02,2026-09-26 08:35:45+02,Active,1,2,M1864,Product Owner,CDI,False,Ile-de-France,product owner
7165131,2026-09-25 08:37:18+02,2026-09-26 08:35:29+02,Disparue,1,2,M1419,Data analyst,CDD,True,Bretagne,data analyst
7165144,2026-09-25 08:37:18+02,2026-09-26 08:35:29+02,Disparue,1,2,M1419,Data analyst,CDD,True,Ile-de-France,data analyst
7166103,2026-09-25 08:37:22+02,2026-09-26 08:35:32+02,Disparue,1,2,M1811,Data engineer,CDI,False,Ile-de-France,machine learning
7166102,2026-09-25 08:37:39+02,2026-09-26 08:35:41+02,Disparue,1,2,M1889,Ingénieur / Ingénieure en Intelligence Artificielle (IA),CDI,False,Ile-de-France,developpeur ia
214JNLG,2026-09-25 08:37:49+02,2026-09-26 08:35:45+02,Active,1,2,M1864,Product Owner,CDI,False,Pays de la Loire,product owner
214JPBP,2026-09-25 08:37:19+02,2026-09-26 08:35:30+02,Disparue,1,2,M1405,Data scientist,CDD,False,Nouvelle-Aquitaine,data scientist
214JPRT,2026-09-25 08:37:25+02,2026-09-26 08:35:33+02,Disparue,1,2,M1827,Ingénieur / Ingénieure DevOps,CDI,False,Ile-de-France,devops
7168308,2026-09-25 08:37:18+02,2026-09-26 08:35:29+02,Disparue,1,2,M1419,Data analyst,CDD,False,Ile-de-France,data analyst
7169270,2026-09-25 08:37:49+02,2026-09-26 08:35:45+02,Active,1,2,M1864,Product Owner,CDI,False,Nouvelle-Aquitaine,product owner
214JRZW,2026-09-25 08:37:18+02,2026-09-26 08:35:45+02,Active,1,2,M1419,Data analyst,CDI,False,Ile-de-France,business analyst
214JSMW,2026-09-25 08:37:39+02,2026-09-25 08:37:39+02,Disparue,0,1,M1805,Développeur / Développeuse informatique,CDI,False,Auvergne-Rhône-Alpes,developpeur ia
214JXCH,2026-09-25 08:37:25+02,2026-09-26 08:35:45+02,Active,1,2,M1864,Product Owner,CDI,False,Occitanie,product owner
214JYQR,2026-09-25 08:37:25+02,2026-09-26 08:35:33+02,Disparue,1,2,M1855,Développeur / Développeuse web,CDI,False,Provence-Alpes-Côte d'Azur,devops
214KCKP,2026-09-25 08:37:47+02,2026-09-26 08:35:45+02,Active,1,2,M1806,Consultant fonctionnel / Consultante fonctionnelle des systèmes d'information,CDI,False,Provence-Alpes-Côte d'Azur,business analyst
7345557,2026-09-25 08:37:21+02,2026-09-26 08:35:31+02,Disparue,1,2,M1811,Data engineer,CDI,False,Ile-de-France,data engineer
214KCVL,2026-09-25 08:37:25+02,2026-09-26 08:35:33+02,Disparue,1,2,M1801,Administrateur / Administratrice de systèmes d'information (SI),CDI,False,Martinique,devops
7348004,2026-09-25 08:37:21+02,2026-09-26 08:35:31+02,Disparue,1,1,M1811,Data engineer,CDI,False,Nouvelle-Aquitaine,data engineer
7348015,2026-09-25 08:37:18+02,2026-09-26 08:35:29+02,Disparue,1,1,M1419,Data analyst,CDI,False,Nouvelle-Aquitaine,data analyst
7349146,2026-09-25 08:37:22+02,2026-09-26 08:35:32+02,Disparue,1,1,M1889,Ingénieur / Ingénieure en Intelligence Artificielle (IA),CDI,False,Bretagne,machine learning
7349707,2026-09-25 08:37:39+02,2026-09-26 08:35:41+02,Disparue,1,1,M1861,Développeur / Développeuse logiciel ou d'application,CDI,False,Auvergne-Rhône-Alpes,developpeur ia
7349796,2026-09-25 08:37:18+02,2026-09-25 08:37:22+02,Disparue,0,0,M1419,Data analyst,CDI,False,Ile-de-France,machine learning
7349932,2026-09-25 08:37:18+02,2026-09-26 08:35:29+02,Disparue,1,1,M1419,Data analyst,CDI,False,Ile-de-France,data analyst
7350159,2026-09-25 08:37:49+02,2026-09-25 08:37:49+02,Disparue,0,0,M1864,Product Owner,CDI,False,Ile-de-France,product owner
7351245,2026-09-25 08:37:22+02,2026-09-26 08:35:32+02,Disparue,1,1,M1886,Chef / Cheffe de projet Web,CDI,False,Auvergne-Rhône-Alpes,machine learning
7352134,2026-09-25 08:37:18+02,2026-09-26 08:35:29+02,Disparue,1,1,M1419,Data analyst,CDI,False,Auvergne-Rhône-Alpes,data analyst
7352287,2026-09-25 08:37:39+02,2026-09-26 08:35:41+02,Disparue,1,1,M1889,Ingénieur / Ingénieure en Intelligence Artificielle (IA),CDI,False,Auvergne-Rhône-Alpes,developpeur ia
7352452,2026-09-25 08:37:18+02,2026-09-26 08:35:29+02,Disparue,1,1,M1419,Data analyst,CDI,False,Ile-de-France,data analyst
7352565,2026-09-25 08:37:19+02,2026-09-26 08:35:32+02,Disparue,1,1,M1405,Data scientist,CDI,False,Ile-de-France,machine learning
7352829,2026-09-25 08:37:22+02,2026-09-26 08:35:41+02,Disparue,1,1,M1824,Développeur / Développeuse décisionnel - Business Intelligence,CDI,False,Centre-Val de Loire,developpeur ia
7352860,2026-09-25 08:37:19+02,2026-09-26 08:35:30+02,Disparue,1,1,M1405,Data scientist,CDI,False,Auvergne-Rhône-Alpes,data scientist
7353452,2026-09-25 08:37:47+02,2026-09-25 08:37:47+02,Disparue,0,0,M1806,Consultant fonctionnel / Consultante fonctionnelle des systèmes d'information,MIS,False,Occitanie,business analyst
7353565,2026-09-25 08:37:22+02,2026-09-25 08:37:39+02,Disparue,0,0,M1889,Ingénieur / Ingénieure en Intelligence Artificielle (IA),CDI,False,Auvergne-Rhône-Alpes,developpeur ia
7353765,2026-09-25 08:37:47+02,2026-09-25 08:37:47+02,Disparue,0,0,M1806,Consultant fonctionnel / Consultante fonctionnelle des systèmes d'information,CDI,False,Occitanie,business analyst
7354636,2026-09-25 08:37:47+02,2026-09-25 08:37:47+02,Disparue,0,0,M1806,Consultant fonctionnel / Consultante fonctionnelle des systèmes d'information,CDI,False,Ile-de-France,business analyst
7357649,2026-09-25 08:37:49+02,2026-09-26 08:35:45+02,Active,1,1,M1864,Product Owner,CDI,False,Pays de la Loire,product owner
7357796,2026-09-25 08:37:49+02,2026-09-26 08:35:45+02,Active,1,1,M1864,Product Owner,CDI,False,Ile-de-France,product owner
7358524,2026-09-25 08:37:39+02,2026-09-25 08:37:39+02,Disparue,0,0,M1889,Ingénieur / Ingénieure en Intelligence Artificielle (IA),CDI,False,Hauts-de-France,developpeur ia
7358540,2026-09-25 08:37:49+02,2026-09-25 08:37:49+02,Disparue,0,0,M1864,Product Owner,CDI,False,Ile-de-France,product owner
7358576,2026-09-25 08:37:18+02,2026-09-25 08:37:18+02,Disparue,0,0,M1419,Data analyst,CDI,False,Ile-de-France,data analyst
7378602,2026-09-25 08:37:19+02,2026-09-26 08:35:32+02,Disparue,1,1,M1405,Data scientist,MIS,False,Ile-de-France,machine learning
7378609,2026-09-25 08:37:18+02,2026-09-26 08:35:45+02,Active,1,1,G1302,Yield manager,CDI,False,Ile-de-France,business analyst
7378783,2026-09-25 08:37:22+02,2026-09-26 08:35:32+02,Disparue,1,1,M1827,Ingénieur / Ingénieure DevOps,CDI,False,Ile-de-France,machine learning
7397846,2026-09-26 08:35:32+02,2026-09-26 08:35:41+02,Disparue,0,0,,,,,Non renseignee,
214LHSJ,2026-09-26 08:35:33+02,2026-09-26 08:35:33+02,Disparue,0,0,,,,,Non renseignee,
214LHNN,2026-09-26 08:35:41+02,2026-09-26 08:35:41+02,Disparue,0,0,,,,,Non renseignee,
7380292,2026-09-26 08:35:45+02,2026-09-26 08:35:45+02,Active,0,0,,,,,Non renseignee,
7384934,2026-09-26 08:35:45+02,2026-09-26 08:35:45+02,Active,0,0,,,,,Non renseignee,
7379932,2026-09-26 08:35:45+02,2026-09-26 08:35:45+02,Active,0,0,,,,,Non renseignee,
214KHSJ,2026-09-26 08:35:30+02,2026-09-26 08:35:32+02,Disparue,0,0,,,,,Non renseignee,
7379890,2026-09-26 08:35:29+02,2026-09-26 08:35:29+02,Disparue,0,0,,,,,Non renseignee,
7406839,2026-09-26 08:35:30+02,2026-09-26 08:35:30+02,Disparue,0,0,,,,,Non renseignee,
7402743,2026-09-26 08:35:29+02,2026-09-26 08:35:29+02,Disparue,0,0,,,,,Non renseignee,
7387848,2026-09-26 08:35:32+02,2026-09-26 08:35:41+02,Disparue,0,0,,,,,Non renseignee,
214KLPT,2026-09-26 08:35:33+02,2026-09-26 08:35:45+02,Active,0,0,,,,,Non renseignee,
214KRBH,2026-09-26 08:35:30+02,2026-09-26 08:35:30+02,Disparue,0,0,,,,,Non renseignee,
7420694,2026-09-26 08:35:31+02,2026-09-26 08:35:36+02,Disparue,0,0,,,,,Non renseignee,
214LHNV,2026-09-26 08:35:33+02,2026-09-26 08:35:33+02,Disparue,0,0,,,,,Non renseignee,
7395306,2026-09-26 08:35:41+02,2026-09-26 08:35:41+02,Disparue,0,0,,,,,Non renseignee,
214KWGL,2026-09-26 08:35:33+02,2026-09-26 08:35:33+02,Disparue,0,0,,,,,Non renseignee,
7379908,2026-09-26 08:35:29+02,2026-09-26 08:35:29+02,Disparue,0,0,,,,,Non renseignee,
7387945,2026-09-26 08:35:31+02,2026-09-26 08:35:31+02,Disparue,0,0,,,,,Non renseignee,
7379936,2026-09-26 08:35:41+02,2026-09-26 08:35:41+02,Disparue,0,0,,,,,Non renseignee,
7380021,2026-09-26 08:35:29+02,2026-09-26 08:35:29+02,Disparue,0,0,,,,,Non renseignee,
7379992,2026-09-26 08:35:45+02,2026-09-26 08:35:45+02,Active,0,0,,,,,Non renseignee,
7387966,2026-09-26 08:35:34+02,2026-09-26 08:35:34+02,Disparue,0,0,,,,,Non renseignee,
214LHNQ,2026-09-26 08:35:41+02,2026-09-26 08:35:41+02,Disparue,0,0,,,,,Non renseignee,
214LHQZ,2026-09-26 08:35:45+02,2026-09-26 08:35:45+02,Active,0,0,,,,,Non renseignee,
7379921,2026-09-26 08:35:29+02,2026-09-26 08:35:29+02,Disparue,0,0,,,,,Non renseignee,
7379913,2026-09-26 08:35:31+02,2026-09-26 08:35:31+02,Disparue,0,0,,,,,Non renseignee,
7380033,2026-09-26 08:35:45+02,2026-09-26 08:35:45+02,Active,0,0,,,,,Non renseignee,
7389469,2026-09-26 08:35:31+02,2026-09-26 08:35:31+02,Disparue,0,0,,,,,Non renseignee,
7379886,2026-09-26 08:35:45+02,2026-09-26 08:35:45+02,Active,0,0,,,,,Non renseignee,
7406395,2026-09-26 08:35:29+02,2026-09-26 08:35:29+02,Disparue,0,0,,,,,Non renseignee,
214KRGN,2026-09-26 08:35:31+02,2026-09-26 08:35:31+02,Disparue,0,0,,,,,Non renseignee,
7379912,2026-09-26 08:35:45+02,2026-09-26 08:35:45+02,Active,0,0,,,,,Non renseignee,
7380936,2026-09-26 08:35:30+02,2026-09-26 08:35:30+02,Disparue,0,0,,,,,Non renseignee,
7380935,2026-09-26 08:35:41+02,2026-09-26 08:35:41+02,Disparue,0,0,,,,,Non renseignee,
7379989,2026-09-26 08:35:29+02,2026-09-26 08:35:35+02,Disparue,0,0,,,,,Non renseignee,
7396118,2026-09-26 08:35:32+02,2026-09-26 08:35:32+02,Disparue,0,0,,,,,Non renseignee,
7379881,2026-09-26 08:35:33+02,2026-09-26 08:35:43+02,Disparue,0,0,,,,,Non renseignee,
214LGFL,2026-09-26 08:35:29+02,2026-09-26 08:35:29+02,Disparue,0,0,,,,,Non renseignee,
214KYJW,2026-09-26 08:35:33+02,2026-09-26 08:35:33+02,Disparue,0,0,,,,,Non renseignee,
7379990,2026-09-26 08:35:44+02,2026-09-26 08:35:44+02,Disparue,0,0,,,,,Non renseignee,
7396077,2026-09-26 08:35:32+02,2026-09-26 08:35:32+02,Disparue,0,0,,,,,Non renseignee,
7380985,2026-09-26 08:35:41+02,2026-09-26 08:35:41+02,Disparue,0,0,,,,,Non renseignee,
7379882,2026-09-26 08:35:45+02,2026-09-26 08:35:45+02,Active,0,0,,,,,Non renseignee,
214LGLV,2026-09-26 08:35:33+02,2026-09-26 08:35:33+02,Disparue,0,0,,,,,Non renseignee,
214LGYZ,2026-09-26 08:35:33+02,2026-09-26 08:35:33+02,Disparue,0,0,,,,,Non renseignee,
7380014,2026-09-26 08:35:41+02,2026-09-26 08:35:41+02,Disparue,0,0,,,,,Non renseignee,
7406840,2026-09-26 08:35:29+02,2026-09-26 08:35:29+02,Disparue,0,0,,,,,Non renseignee,
214KFCP,2026-09-26 08:35:32+02,2026-09-26 08:35:32+02,Disparue,0,0,,,,,Non renseignee,
7379895,2026-09-26 08:35:31+02,2026-09-26 08:35:31+02,Disparue,0,0,,,,,Non renseignee,
214KWGC,2026-09-26 08:35:33+02,2026-09-26 08:35:33+02,Disparue,0,0,,,,,Non renseignee,
7385978,2026-09-26 08:35:31+02,2026-09-26 08:35:31+02,Disparue,0,0,,,,,Non renseignee,
7379988,2026-09-26 08:35:32+02,2026-09-26 08:35:32+02,Disparue,0,0,,,,,Non renseignee,
7403201,2026-09-26 08:35:32+02,2026-09-26 08:35:32+02,Disparue,0,0,,,,,Non renseignee,
7379948,2026-09-26 08:35:45+02,2026-09-26 08:35:45+02,Active,0,0,,,,,Non renseignee,
7380016,2026-09-26 08:35:45+02,2026-09-26 08:35:45+02,Active,0,0,,,,,Non renseignee,
7395907,2026-09-26 08:35:32+02,2026-09-26 08:35:32+02,Disparue,0,0,,,,,Non renseignee,
7379930,2026-09-26 08:35:30+02,2026-09-26 08:35:30+02,Disparue,0,0,,,,,Non renseignee,
7379916,2026-09-26 08:35:32+02,2026-09-26 08:35:32+02,Disparue,0,0,,,,,Non renseignee,
7405710,2026-09-26 08:35:32+02,2026-09-26 08:35:32+02,Disparue,0,0,,,,,Non renseignee,
7403612,2026-09-26 08:35:45+02,2026-09-26 08:35:45+02,Active,0,0,,,,,Non renseignee,
7380023,2026-09-26 08:35:32+02,2026-09-26 08:35:32+02,Disparue,0,0,,,,,Non renseignee,
7400859,2026-09-26 08:35:45+02,2026-09-26 08:35:45+02,Active,0,0,,,,,Non renseignee,
7406873,2026-09-26 08:35:32+02,2026-09-26 08:35:32+02,Disparue,0,0,,,,,Non renseignee,
7379968,2026-09-26 08:35:31+02,2026-09-26 08:35:32+02,Disparue,0,0,,,,,Non renseignee,
214KMWG,2026-09-26 08:35:45+02,2026-09-26 08:35:45+02,Active,0,0,,,,,Non renseignee,
7381241,2026-09-26 08:35:31+02,2026-09-26 08:35:31+02,Disparue,0,0,,,,,Non renseignee,
214KJJQ,2026-09-26 08:35:29+02,2026-09-26 08:35:29+02,Disparue,0,0,,,,,Non renseignee,
7395539,2026-09-26 08:35:29+02,2026-09-26 08:35:29+02,Disparue,0,0,,,,,Non renseignee,
7396025,2026-09-26 08:35:32+02,2026-09-26 08:35:32+02,Disparue,0,0,,,,,Non renseignee,
214KRNH,2026-09-26 08:35:33+02,2026-09-26 08:35:33+02,Disparue,0,0,,,,,Non renseignee,
7379961,2026-09-26 08:35:45+02,2026-09-26 08:35:45+02,Active,0,0,,,,,Non renseignee,
7380037,2026-09-26 08:35:45+02,2026-09-26 08:35:45+02,Active,0,0,,,,,Non renseignee,
7380924,2026-09-26 08:35:41+02,2026-09-26 08:35:41+02,Disparue,0,0,,,,,Non renseignee,
7387967,2026-09-26 08:35:31+02,2026-09-26 08:35:31+02,Disparue,0,0,,,,,Non renseignee,
7395263,2026-09-26 08:35:31+02,2026-09-26 08:35:31+02,Disparue,0,0,,,,,Non renseignee,
7380000,2026-09-26 08:35:31+02,2026-09-26 08:35:32+02,Disparue,0,0,,,,,Non renseignee,
214JZJW,2026-09-26 08:35:33+02,2026-09-26 08:35:33+02,Disparue,0,0,,,,,Non renseignee,
7380022,2026-09-26 08:35:41+02,2026-09-26 08:35:41+02,Disparue,0,0,,,,,Non renseignee,
214KJSS,2026-09-26 08:35:31+02,2026-09-26 08:35:31+02,Disparue,0,0,,,,,Non renseignee,
214JYHS,2026-09-26 08:35:31+02,2026-09-26 08:35:31+02,Disparue,0,0,,,,,Non renseignee,
214GCRK,2026-09-26 08:35:32+02,2026-09-26 08:35:32+02,Disparue,0,0,,,,,Non renseignee,
7405535,2026-09-26 08:35:41+02,2026-09-26 08:35:41+02,Disparue,0,0,,,,,Non renseignee,
214KMXS,2026-09-26 08:35:31+02,2026-09-26 08:35:31+02,Disparue,0,0,,,,,Non renseignee,
7404853,2026-09-26 08:35:32+02,2026-09-26 08:35:32+02,Disparue,0,0,,,,,Non renseignee,
7402412,2026-09-26 08:35:32+02,2026-09-26 08:35:32+02,Disparue,0,0,,,,,Non renseignee,
7379947,2026-09-26 08:35:45+02,2026-09-26 08:35:45+02,Active,0,0,,,,,Non renseignee,
214KQVP,2026-09-26 08:35:45+02,2026-09-26 08:35:45+02,Active,0,0,,,,,Non renseignee,
7404568,2026-09-26 08:35:30+02,2026-09-26 08:35:30+02,Disparue,0,0,,,,,Non renseignee,
7379946,2026-09-26 08:35:41+02,2026-09-26 08:35:41+02,Disparue,0,0,,,,,Non renseignee,
214KZHC,2026-09-26 08:35:32+02,2026-09-26 08:35:41+02,Disparue,0,0,,,,,Non renseignee,
7379950,2026-09-26 08:35:45+02,2026-09-26 08:35:45+02,Active,0,0,,,,,Non renseignee,
7380020,2026-09-26 08:35:45+02,2026-09-26 08:35:45+02,Active,0,0,,,,,Non renseignee,
7403642,2026-09-26 08:35:45+02,2026-09-26 08:35:45+02,Active,0,0,,,,,Non renseignee,
7379902,2026-09-26 08:35:31+02,2026-09-26 08:35:31+02,Disparue,0,0,,,,,Non renseignee,
214KWWJ,2026-09-26 08:35:41+02,2026-09-26 08:35:41+02,Disparue,0,0,,,,,Non renseignee,
7387972,2026-09-26 08:35:31+02,2026-09-26 08:35:31+02,Disparue,0,0,,,,,Non renseignee,
7404799,2026-09-26 08:35:45+02,2026-09-26 08:35:45+02,Active,0,0,,,,,Non renseignee,
214JMMK,2026-09-26 08:35:32+02,2026-09-26 08:35:32+02,Disparue,0,0,,,,,Non renseignee,
7405349,2026-09-26 08:35:45+02,2026-09-26 08:35:45+02,Active,0,0,,,,,Non renseignee,
214JYXZ,2026-09-26 08:35:30+02,2026-09-26 08:35:32+02,Disparue,0,0,,,,,Non renseignee,
7379977,2026-09-26 08:35:45+02,2026-09-26 08:35:45+02,Active,0,0,,,,,Non renseignee,
7380958,2026-09-26 08:35:45+02,2026-09-26 08:35:45+02,Active,0,0,,,,,Non renseignee,
